#
# A fatal error has been detected by the Java Runtime Environment:
#
#  EXCEPTION_ACCESS_VIOLATION (0xc0000005) at pc=0x00007fff0a677b41, pid=22320, tid=27776
#
# JRE version: OpenJDK Runtime Environment Microsoft-14940689 (17.0.20.1+1) (build 17.0.20.1+1-LTS)
# Java VM: OpenJDK 64-Bit Server VM Microsoft-14940689 (17.0.20.1+1-LTS, mixed mode, sharing, tiered, compressed oops, compressed class ptrs, g1 gc, windows-amd64)
# Problematic frame:
# V  [jvm.dll+0x6d7b41]
#
# No core dump will be written. Minidumps are not enabled by default on client versions of Windows
#
# If you would like to submit a bug report, please visit:
#   https://github.com/microsoft/openjdk/issues
#

---------------  S U M M A R Y ------------

Command Line: --add-opens=java.base/java.lang=ALL-UNNAMED --add-opens=java.base/java.lang.invoke=ALL-UNNAMED --add-opens=java.base/java.util=ALL-UNNAMED --add-opens=java.prefs/java.util.prefs=ALL-UNNAMED --add-exports=jdk.compiler/com.sun.tools.javac.api=ALL-UNNAMED --add-exports=jdk.compiler/com.sun.tools.javac.util=ALL-UNNAMED --add-opens=java.base/java.util=ALL-UNNAMED --add-opens=java.prefs/java.util.prefs=ALL-UNNAMED --add-opens=java.base/java.nio.charset=ALL-UNNAMED --add-opens=java.base/java.net=ALL-UNNAMED --add-opens=java.base/java.util.concurrent=ALL-UNNAMED --add-opens=java.base/java.util.concurrent.atomic=ALL-UNNAMED --add-opens=java.xml/javax.xml.namespace=ALL-UNNAMED --add-opens=java.base/java.time=ALL-UNNAMED -XX:MaxMetaspaceSize=4G -XX:ReservedCodeCacheSize=512m -XX:+HeapDumpOnOutOfMemoryError -Xmx8G -Dfile.encoding=windows-1252 -Duser.country=IN -Duser.language=en -Duser.variant -javaagent:D:\GradleCache\wrapper\dists\gradle-9.1.0-all\7wzd0jkjit61aq2p43wpjgij9\gradle-9.1.0\lib\agents\gradle-instrumentation-agent-9.1.0.jar org.gradle.launcher.daemon.bootstrap.GradleDaemon 9.1.0

Host: AMD Ryzen 7 7435HS                             , 16 cores, 23G,  Windows 11 , 64 bit Build 26100 (10.0.26100.8521)
Time: Fri Sep 11 23:42:19 2026 India Standard Time elapsed time: 6273.135408 seconds (0d 1h 44m 33s)

---------------  T H R E A D  ---------------

Current thread (0x000002cb3c6a24b0):  JavaThread "Daemon worker Thread 5" [_thread_in_vm, id=27776, stack(0x000000e5d2600000,0x000000e5d2700000)]

Stack: [0x000000e5d2600000,0x000000e5d2700000],  sp=0x000000e5d26f4830,  free space=978k
Native frames: (J=compiled Java code, j=interpreted, Vv=VM code, C=native code)
V  [jvm.dll+0x6d7b41]  (no source info available)
V  [jvm.dll+0x6d8876]  (no source info available)
V  [jvm.dll+0x4337cb]  (no source info available)
C  0x000002cacbee094e  (no source info available)

The last pc belongs to native nmethod (printed below).
Java frames: (J=compiled Java code, j=interpreted, Vv=VM code)
J 1565  jdk.internal.reflect.NativeConstructorAccessorImpl.newInstance0(Ljava/lang/reflect/Constructor;[Ljava/lang/Object;)Ljava/lang/Object; java.base@17.0.20.1 (0 bytes) @ 0x000002cacbee08ae [0x000002cacbee0840+0x000000000000006e]
J 18095 c2 jdk.internal.reflect.NativeConstructorAccessorImpl.newInstance([Ljava/lang/Object;)Ljava/lang/Object; java.base@17.0.20.1 (122 bytes) @ 0x000002cacc889f4c [0x000002cacc889ee0+0x000000000000006c]
J 18630 c2 java.lang.reflect.Constructor.newInstanceWithCaller([Ljava/lang/Object;ZLjava/lang/Class;)Ljava/lang/Object; java.base@17.0.20.1 (75 bytes) @ 0x000002cacbfb8f78 [0x000002cacbfb8ea0+0x00000000000000d8]
J 13113 c2 org.gradle.internal.instantiation.generator.DependencyInjectingInstantiator.doCreate(Ljava/lang/Class;Lorg/gradle/api/Describable;[Ljava/lang/Object;)Ljava/lang/Object; (64 bytes) @ 0x000002cacc50c34c [0x000002cacc50bb80+0x00000000000007cc]
J 13148 c2 org.gradle.internal.instantiation.generator.DependencyInjectingInstantiator.newInstance(Ljava/lang/Class;[Ljava/lang/Object;)Ljava/lang/Object; (8 bytes) @ 0x000002cacc5114d8 [0x000002cacc5114a0+0x0000000000000038]
j  org.gradle.api.services.internal.RegisteredBuildServiceProvider.instantiate(Lorg/gradle/internal/service/ServiceLookup;)Lorg/gradle/api/services/BuildService;+23
j  org.gradle.api.services.internal.RegisteredBuildServiceProvider.instantiate()Lorg/gradle/internal/Try;+30
J 26795 c2 org.gradle.api.services.internal.RegisteredBuildServiceProvider.calculateOwnValue(Lorg/gradle/api/internal/provider/ValueSupplier$ValueConsumer;)Lorg/gradle/api/internal/provider/ValueSupplier$Value; (8 bytes) @ 0x000002caccd638b0 [0x000002caccd63640+0x0000000000000270]
J 13953 c2 org.gradle.api.internal.provider.AbstractMinimalProvider.get()Ljava/lang/Object; (10 bytes) @ 0x000002cacc5e7788 [0x000002cacc5e7740+0x0000000000000048]
j  com.android.build.gradle.internal.plugins.BasePlugin$Companion.createFakeDependencyConfig(Lorg/gradle/api/Project;)Lorg/gradle/api/artifacts/Configuration;+22
j  com.android.build.gradle.internal.plugins.BasePlugin$Companion.access$createFakeDependencyConfig(Lcom/android/build/gradle/internal/plugins/BasePlugin$Companion;Lorg/gradle/api/Project;)Lorg/gradle/api/artifacts/Configuration;+2
j  com.android.build.gradle.internal.plugins.BasePlugin$globalConfig$2$1.invoke(Lorg/gradle/api/Project;)Lcom/android/build/gradle/internal/tasks/factory/GlobalTaskCreationConfigImpl;+76
j  com.android.build.gradle.internal.plugins.BasePlugin$globalConfig$2$1.invoke(Ljava/lang/Object;)Ljava/lang/Object;+5
J 28850 c1 com.android.build.gradle.internal.plugins.AndroidPluginBaseServices.withProject(Ljava/lang/String;Lkotlin/jvm/functions/Function1;)Ljava/lang/Object; (54 bytes) @ 0x000002cabe87f89c [0x000002cabe87f260+0x000000000000063c]
j  com.android.build.gradle.internal.plugins.BasePlugin$globalConfig$2.invoke()Lcom/android/build/gradle/internal/tasks/factory/GlobalTaskCreationConfigImpl;+20
j  com.android.build.gradle.internal.plugins.BasePlugin$globalConfig$2.invoke()Ljava/lang/Object;+1
J 15594 c2 kotlin.SynchronizedLazyImpl.getValue()Ljava/lang/Object; (87 bytes) @ 0x000002cacc2432a0 [0x000002cacc2431a0+0x0000000000000100]
j  com.android.build.gradle.internal.plugins.BasePlugin.getGlobalConfig()Lcom/android/build/gradle/internal/tasks/factory/GlobalTaskCreationConfigImpl;+6
j  com.android.build.gradle.internal.plugins.BasePlugin.configureExtension(Lorg/gradle/api/Project;)V+116
j  com.android.build.gradle.internal.plugins.AndroidPluginBaseServices$applyBaseServices$3.call()V+8
J 32368 c1 com.android.builder.profile.ThreadRecorder.record(Lcom/google/wireless/android/sdk/stats/GradleBuildProfileSpan$ExecutionType;Lcom/google/wireless/android/sdk/stats/GradleTransformExecution;Ljava/lang/Long;Ljava/lang/Long;Ljava/lang/Long;Lcom/android/builder/profile/Recorder$VoidBlock;)Lcom/google/wireless/android/sdk/stats/GradleBuildProfileSpan; (275 bytes) @ 0x000002cabedf8ce4 [0x000002cabedf8b80+0x0000000000000164]
J 32367 c1 com.android.builder.profile.ThreadRecorder.record(Lcom/google/wireless/android/sdk/stats/GradleBuildProfileSpan$ExecutionType;Ljava/lang/Long;Ljava/lang/Long;Ljava/lang/Long;Lcom/android/builder/profile/Recorder$VoidBlock;)Lcom/google/wireless/android/sdk/stats/GradleBuildProfileSpan; (13 bytes) @ 0x000002cabedefad4 [0x000002cabedefa40+0x0000000000000094]
J 32366 c1 com.android.build.gradle.internal.profile.AnalyticsResourceManager.recordBlockAtConfiguration(Lcom/google/wireless/android/sdk/stats/GradleBuildProfileSpan$ExecutionType;Ljava/lang/String;Ljava/lang/String;Lcom/android/builder/profile/Recorder$VoidBlock;)V (71 bytes) @ 0x000002cabedf3194 [0x000002cabedf2820+0x0000000000000974]
J 32365 c1 com.android.build.gradle.internal.profile.AnalyticsConfiguratorService.recordBlock(Lcom/google/wireless/android/sdk/stats/GradleBuildProfileSpan$ExecutionType;Ljava/lang/String;Ljava/lang/String;Lcom/android/builder/profile/Recorder$VoidBlock;)V (32 bytes) @ 0x000002cabedf07c4 [0x000002cabedeffa0+0x0000000000000824]
j  com.android.build.gradle.internal.plugins.AndroidPluginBaseServices.applyBaseServices(Lorg/gradle/api/Project;Lorg/gradle/api/configuration/BuildFeatures;)V+352
j  com.android.build.gradle.internal.plugins.BasePlugin$apply$1.run()V+15
j  com.android.build.gradle.internal.crash.CrashReporting.runAction(Ljava/lang/Runnable;)V+8
j  com.android.build.gradle.internal.plugins.BasePlugin.apply(Lorg/gradle/api/Project;)V+19
j  com.android.build.gradle.internal.plugins.BasePlugin.apply(Ljava/lang/Object;)V+5
J 26867 c1 org.gradle.api.internal.plugins.ImperativeOnlyPluginTarget.applyImperative(Ljava/lang/String;Lorg/gradle/api/Plugin;)V (32 bytes) @ 0x000002cabce4c9c4 [0x000002cabce4c760+0x0000000000000264]
J 25145 c1 org.gradle.api.internal.plugins.RuleBasedPluginTarget.applyImperative(Ljava/lang/String;Lorg/gradle/api/Plugin;)V (12 bytes) @ 0x000002cabe2ae8cc [0x000002cabe2ae7c0+0x000000000000010c]
J 26863 c1 org.gradle.api.internal.plugins.DefaultPluginManager.addPlugin(Ljava/lang/Runnable;Lorg/gradle/api/internal/plugins/PluginImplementation;Ljava/lang/String;Ljava/lang/Class;)V (104 bytes) @ 0x000002cabcb9cd44 [0x000002cabcb9c500+0x0000000000000844]
J 26862 c1 org.gradle.api.internal.plugins.DefaultPluginManager.access$100(Lorg/gradle/api/internal/plugins/DefaultPluginManager;Ljava/lang/Runnable;Lorg/gradle/api/internal/plugins/PluginImplementation;Ljava/lang/String;Ljava/lang/Class;)V (10 bytes) @ 0x000002cabcd49014 [0x000002cabcd48fc0+0x0000000000000054]
J 26861 c1 org.gradle.api.internal.plugins.DefaultPluginManager$AddPluginBuildOperation.run(Lorg/gradle/internal/operations/BuildOperationContext;)V (33 bytes) @ 0x000002cabd368f8c [0x000002cabd368ee0+0x00000000000000ac]
J 15382 c2 org.gradle.internal.operations.DefaultBuildOperationRunner$1.execute(Lorg/gradle/internal/operations/BuildOperation;Lorg/gradle/internal/operations/BuildOperationContext;)V (10 bytes) @ 0x000002cacc251524 [0x000002cacc250920+0x0000000000000c04]
J 21205 c2 org.gradle.internal.operations.DefaultBuildOperationRunner$2.execute(Lorg/gradle/internal/operations/BuildOperationDescriptor;Lorg/gradle/internal/operations/BuildOperationState;Lorg/gradle/internal/operations/BuildOperationState;Lorg/gradle/internal/operations/DefaultBuildOperationRunner$ReadableBuildOperationContext;Lorg/gradle/internal/operations/DefaultBuildOperationRunner$BuildOperationExecutionListener;)Ljava/lang/Object; (12 bytes) @ 0x000002cacca82684 [0x000002cacca82320+0x0000000000000364]
J 25400 c2 org.gradle.internal.operations.DefaultBuildOperationRunner.execute(Lorg/gradle/internal/operations/BuildOperationDescriptor$Builder;Lorg/gradle/internal/operations/BuildOperationState;Lorg/gradle/internal/operations/DefaultBuildOperationRunner$BuildOperationExecution;)Ljava/lang/Object; (147 bytes) @ 0x000002cacce18684 [0x000002cacce17e60+0x0000000000000824]
J 14105 c2 org.gradle.internal.operations.DefaultBuildOperationRunner.execute(Lorg/gradle/internal/operations/BuildOperation;Lorg/gradle/internal/operations/BuildOperationWorker;Lorg/gradle/internal/operations/BuildOperationState;)V (23 bytes) @ 0x000002cacc62c3e4 [0x000002cacc62c320+0x00000000000000c4]
J 25135 c1 org.gradle.api.internal.plugins.DefaultPluginManager.lambda$doApply$0(Ljava/lang/Runnable;Lorg/gradle/api/internal/plugins/PluginImplementation;Ljava/lang/String;Ljava/lang/Class;Lorg/gradle/internal/code/UserCodeApplicationId;)V (26 bytes) @ 0x000002cabe2ac144 [0x000002cabe2abc20+0x0000000000000524]
J 25134 c1 org.gradle.api.internal.plugins.DefaultPluginManager$$Lambda$787+0x000002caf4585eb0.execute(Ljava/lang/Object;)V (28 bytes) @ 0x000002cabe2ab45c [0x000002cabe2ab2c0+0x000000000000019c]
J 24949 c1 org.gradle.internal.code.DefaultUserCodeApplicationContext.apply(Lorg/gradle/internal/code/UserCodeSource;Lorg/gradle/api/Action;)V (67 bytes) @ 0x000002cabe13712c [0x000002cabe136ae0+0x000000000000064c]
J 24953 c1 org.gradle.api.internal.plugins.DefaultPluginManager.doApply(Lorg/gradle/api/internal/plugins/PluginImplementation;)V (197 bytes) @ 0x000002cabe25f49c [0x000002cabe25cb40+0x000000000000295c]
J 29264 c1 org.gradle.api.internal.plugins.DefaultPluginManager.apply(Ljava/lang/String;)V (56 bytes) @ 0x000002cabe97ed0c [0x000002cabe97e6a0+0x000000000000066c]
j  org.gradle.api.internal.plugins.DefaultObjectConfigurationAction.applyType(Ljava/lang/String;)V+43
j  org.gradle.api.internal.plugins.DefaultObjectConfigurationAction.access$200(Lorg/gradle/api/internal/plugins/DefaultObjectConfigurationAction;Ljava/lang/String;)V+2
j  org.gradle.api.internal.plugins.DefaultObjectConfigurationAction$3.run()V+8
j  org.gradle.api.internal.plugins.DefaultObjectConfigurationAction.execute()V+58
j  org.gradle.api.internal.project.AbstractPluginAware.apply(Ljava/util/Map;)V+12
j  org.gradle.api.internal.project.DefaultProject.apply(Ljava/util/Map;)V+6
j  com.android.build.gradle.AppPlugin.apply(Lorg/gradle/api/Project;)V+15
j  com.android.build.gradle.AppPlugin.apply(Ljava/lang/Object;)V+5
J 26867 c1 org.gradle.api.internal.plugins.ImperativeOnlyPluginTarget.applyImperative(Ljava/lang/String;Lorg/gradle/api/Plugin;)V (32 bytes) @ 0x000002cabce4c9c4 [0x000002cabce4c760+0x0000000000000264]
J 25145 c1 org.gradle.api.internal.plugins.RuleBasedPluginTarget.applyImperative(Ljava/lang/String;Lorg/gradle/api/Plugin;)V (12 bytes) @ 0x000002cabe2ae8cc [0x000002cabe2ae7c0+0x000000000000010c]
J 26863 c1 org.gradle.api.internal.plugins.DefaultPluginManager.addPlugin(Ljava/lang/Runnable;Lorg/gradle/api/internal/plugins/PluginImplementation;Ljava/lang/String;Ljava/lang/Class;)V (104 bytes) @ 0x000002cabcb9cd44 [0x000002cabcb9c500+0x0000000000000844]
J 26862 c1 org.gradle.api.internal.plugins.DefaultPluginManager.access$100(Lorg/gradle/api/internal/plugins/DefaultPluginManager;Ljava/lang/Runnable;Lorg/gradle/api/internal/plugins/PluginImplementation;Ljava/lang/String;Ljava/lang/Class;)V (10 bytes) @ 0x000002cabcd49014 [0x000002cabcd48fc0+0x0000000000000054]
J 26861 c1 org.gradle.api.internal.plugins.DefaultPluginManager$AddPluginBuildOperation.run(Lorg/gradle/internal/operations/BuildOperationContext;)V (33 bytes) @ 0x000002cabd368f8c [0x000002cabd368ee0+0x00000000000000ac]
J 15382 c2 org.gradle.internal.operations.DefaultBuildOperationRunner$1.execute(Lorg/gradle/internal/operations/BuildOperation;Lorg/gradle/internal/operations/BuildOperationContext;)V (10 bytes) @ 0x000002cacc251524 [0x000002cacc250920+0x0000000000000c04]
J 21205 c2 org.gradle.internal.operations.DefaultBuildOperationRunner$2.execute(Lorg/gradle/internal/operations/BuildOperationDescriptor;Lorg/gradle/internal/operations/BuildOperationState;Lorg/gradle/internal/operations/BuildOperationState;Lorg/gradle/internal/operations/DefaultBuildOperationRunner$ReadableBuildOperationContext;Lorg/gradle/internal/operations/DefaultBuildOperationRunner$BuildOperationExecutionListener;)Ljava/lang/Object; (12 bytes) @ 0x000002cacca82684 [0x000002cacca82320+0x0000000000000364]
J 25400 c2 org.gradle.internal.operations.DefaultBuildOperationRunner.execute(Lorg/gradle/internal/operations/BuildOperationDescriptor$Builder;Lorg/gradle/internal/operations/BuildOperationState;Lorg/gradle/internal/operations/DefaultBuildOperationRunner$BuildOperationExecution;)Ljava/lang/Object; (147 bytes) @ 0x000002cacce18684 [0x000002cacce17e60+0x0000000000000824]
J 14105 c2 org.gradle.internal.operations.DefaultBuildOperationRunner.execute(Lorg/gradle/internal/operations/BuildOperation;Lorg/gradle/internal/operations/BuildOperationWorker;Lorg/gradle/internal/operations/BuildOperationState;)V (23 bytes) @ 0x000002cacc62c3e4 [0x000002cacc62c320+0x00000000000000c4]
J 25135 c1 org.gradle.api.internal.plugins.DefaultPluginManager.lambda$doApply$0(Ljava/lang/Runnable;Lorg/gradle/api/internal/plugins/PluginImplementation;Ljava/lang/String;Ljava/lang/Class;Lorg/gradle/internal/code/UserCodeApplicationId;)V (26 bytes) @ 0x000002cabe2ac144 [0x000002cabe2abc20+0x0000000000000524]
J 25134 c1 org.gradle.api.internal.plugins.DefaultPluginManager$$Lambda$787+0x000002caf4585eb0.execute(Ljava/lang/Object;)V (28 bytes) @ 0x000002cabe2ab45c [0x000002cabe2ab2c0+0x000000000000019c]
J 24949 c1 org.gradle.internal.code.DefaultUserCodeApplicationContext.apply(Lorg/gradle/internal/code/UserCodeSource;Lorg/gradle/api/Action;)V (67 bytes) @ 0x000002cabe13712c [0x000002cabe136ae0+0x000000000000064c]
J 24953 c1 org.gradle.api.internal.plugins.DefaultPluginManager.doApply(Lorg/gradle/api/internal/plugins/PluginImplementation;)V (197 bytes) @ 0x000002cabe25f49c [0x000002cabe25cb40+0x000000000000295c]
j  org.gradle.api.internal.plugins.DefaultPluginManager.apply(Lorg/gradle/api/internal/plugins/PluginImplementation;)V+2
j  org.gradle.plugin.use.resolve.internal.ClassPathPluginResolution.applyTo(Lorg/gradle/api/internal/plugins/PluginManagerInternal;)V+5
j  org.gradle.plugin.use.internal.DefaultPluginRequestApplicator$ApplyAction.apply(Lorg/gradle/api/internal/plugins/PluginManagerInternal;)V+21
j  org.gradle.plugin.use.internal.DefaultPluginRequestApplicator.lambda$applyPlugins$1(Lorg/gradle/api/internal/plugins/PluginManagerInternal;Lorg/gradle/plugin/use/internal/DefaultPluginRequestApplicator$ApplyAction;)V+2
j  org.gradle.plugin.use.internal.DefaultPluginRequestApplicator$$Lambda$1231+0x000002caf471de30.accept(Ljava/lang/Object;)V+8
J 20370 c2 java.util.ArrayList.forEach(Ljava/util/function/Consumer;)V java.base@17.0.20.1 (74 bytes) @ 0x000002cacca5bf44 [0x000002cacca5bea0+0x00000000000000a4]
j  org.gradle.plugin.use.internal.DefaultPluginRequestApplicator.applyPlugins(Lorg/gradle/plugin/management/internal/PluginRequests;Lorg/gradle/api/internal/initialization/ScriptHandlerInternal;Lorg/gradle/api/internal/plugins/PluginManagerInternal;Lorg/gradle/api/internal/initialization/ClassLoaderScope;)V+375
j  org.gradle.kotlin.dsl.provider.PluginRequestsHandler.handle(Lorg/gradle/plugin/management/internal/PluginRequests;Lorg/gradle/api/internal/initialization/ScriptHandlerInternal;Lorg/gradle/api/internal/plugins/PluginAwareInternal;Lorg/gradle/api/internal/initialization/ClassLoaderScope;)V+71
j  org.gradle.kotlin.dsl.provider.StandardKotlinScriptEvaluator$InterpreterHost.applyPluginsTo(Lorg/gradle/kotlin/dsl/support/KotlinScriptHost;Lorg/gradle/plugin/management/internal/PluginRequests;)V+53
j  org.gradle.kotlin.dsl.execution.Interpreter$ProgramHost.applyPluginsTo(Lorg/gradle/kotlin/dsl/support/KotlinScriptHost;Lorg/gradle/plugin/management/internal/PluginRequests;)V+21
j  Program.execute(Lorg/gradle/kotlin/dsl/execution/ExecutableProgram$Host;Lorg/gradle/kotlin/dsl/support/KotlinScriptHost;)V+50
j  org.gradle.kotlin.dsl.execution.Interpreter$ProgramHost.eval(Lorg/gradle/kotlin/dsl/execution/CompiledScript;Lorg/gradle/kotlin/dsl/support/KotlinScriptHost;)V+90
j  org.gradle.kotlin.dsl.execution.Interpreter.eval(Ljava/lang/Object;Lorg/gradle/groovy/scripts/ScriptSource;Lorg/gradle/internal/hash/HashCode;Lorg/gradle/api/initialization/dsl/ScriptHandler;Lorg/gradle/api/internal/initialization/ClassLoaderScope;Lorg/gradle/api/internal/initialization/ClassLoaderScope;ZLjava/util/EnumSet;)V+171
j  org.gradle.kotlin.dsl.provider.StandardKotlinScriptEvaluator.evaluate(Ljava/lang/Object;Lorg/gradle/groovy/scripts/ScriptSource;Lorg/gradle/api/initialization/dsl/ScriptHandler;Lorg/gradle/api/internal/initialization/ClassLoaderScope;Lorg/gradle/api/internal/initialization/ClassLoaderScope;ZLjava/util/EnumSet;)V+167
j  org.gradle.kotlin.dsl.provider.KotlinScriptPluginFactory.create$lambda$0(Lorg/gradle/kotlin/dsl/provider/KotlinScriptPluginFactory;Lorg/gradle/groovy/scripts/ScriptSource;Lorg/gradle/api/internal/initialization/ClassLoaderScope;Lorg/gradle/api/initialization/dsl/ScriptHandler;Lorg/gradle/api/internal/initialization/ClassLoaderScope;ZLjava/lang/Object;)Lkotlin/Unit;+48
j  org.gradle.kotlin.dsl.provider.KotlinScriptPluginFactory$$Lambda$541+0x000002caf449cc90.invoke(Ljava/lang/Object;)Ljava/lang/Object;+25
j  org.gradle.kotlin.dsl.provider.KotlinScriptPlugin.apply(Ljava/lang/Object;)V+22
j  org.gradle.configuration.BuildOperationScriptPlugin$1.run(Lorg/gradle/internal/operations/BuildOperationContext;)V+11
J 15382 c2 org.gradle.internal.operations.DefaultBuildOperationRunner$1.execute(Lorg/gradle/internal/operations/BuildOperation;Lorg/gradle/internal/operations/BuildOperationContext;)V (10 bytes) @ 0x000002cacc251524 [0x000002cacc250920+0x0000000000000c04]
J 21205 c2 org.gradle.internal.operations.DefaultBuildOperationRunner$2.execute(Lorg/gradle/internal/operations/BuildOperationDescriptor;Lorg/gradle/internal/operations/BuildOperationState;Lorg/gradle/internal/operations/BuildOperationState;Lorg/gradle/internal/operations/DefaultBuildOperationRunner$ReadableBuildOperationContext;Lorg/gradle/internal/operations/DefaultBuildOperationRunner$BuildOperationExecutionListener;)Ljava/lang/Object; (12 bytes) @ 0x000002cacca82684 [0x000002cacca82320+0x0000000000000364]
J 24852 c2 org.gradle.internal.operations.DefaultBuildOperationRunner.run(Lorg/gradle/internal/operations/RunnableBuildOperation;)V (13 bytes) @ 0x000002caccb6af78 [0x000002caccb6a220+0x0000000000000d58]
j  org.gradle.configuration.BuildOperationScriptPlugin.lambda$apply$0(Ljava/lang/Object;Lorg/gradle/internal/code/UserCodeApplicationId;)V+14
j  org.gradle.configuration.BuildOperationScriptPlugin$$Lambda$542+0x000002caf449dd78.execute(Ljava/lang/Object;)V+12
J 24949 c1 org.gradle.internal.code.DefaultUserCodeApplicationContext.apply(Lorg/gradle/internal/code/UserCodeSource;Lorg/gradle/api/Action;)V (67 bytes) @ 0x000002cabe13712c [0x000002cabe136ae0+0x000000000000064c]
j  org.gradle.configuration.BuildOperationScriptPlugin.apply(Ljava/lang/Object;)V+71
j  org.gradle.configuration.project.BuildScriptProcessor$$Lambda$808+0x000002caf45ade80.accept(Ljava/lang/Object;)V+8
J 25314 c1 org.gradle.api.internal.project.DefaultProjectStateRegistry$ProjectStateImpl$$Lambda$784+0x000002caf4574f58.apply(Ljava/lang/Object;)Ljava/lang/Object; (12 bytes) @ 0x000002cabe32ca2c [0x000002cabe32c7e0+0x000000000000024c]
J 32669 c2 org.gradle.api.internal.project.DefaultProjectStateRegistry$ProjectStateImpl.fromMutableState(Ljava/util/function/Function;)Ljava/lang/Object; (139 bytes) @ 0x000002cacd583ed0 [0x000002cacd5836e0+0x00000000000007f0]
J 25312 c1 org.gradle.api.internal.project.DefaultProjectStateRegistry$ProjectStateImpl.applyToMutableState(Ljava/util/function/Consumer;)V (12 bytes) @ 0x000002cabe32b994 [0x000002cabe32b4a0+0x00000000000004f4]
j  org.gradle.configuration.project.BuildScriptProcessor.execute(Lorg/gradle/api/internal/project/ProjectInternal;)V+88
j  org.gradle.configuration.project.BuildScriptProcessor.execute(Ljava/lang/Object;)V+5
j  org.gradle.configuration.project.ConfigureActionsProjectEvaluator.evaluate(Lorg/gradle/api/internal/project/ProjectInternal;Lorg/gradle/api/internal/project/ProjectStateInternal;)V+33
j  org.gradle.configuration.project.LifecycleProjectEvaluator$EvaluateProject.lambda$run$0(Lorg/gradle/internal/operations/BuildOperationContext;Lorg/gradle/api/internal/project/ProjectInternal;)V+67
j  org.gradle.configuration.project.LifecycleProjectEvaluator$EvaluateProject$$Lambda$783+0x000002caf4574d28.accept(Ljava/lang/Object;)V+12
J 25314 c1 org.gradle.api.internal.project.DefaultProjectStateRegistry$ProjectStateImpl$$Lambda$784+0x000002caf4574f58.apply(Ljava/lang/Object;)Ljava/lang/Object; (12 bytes) @ 0x000002cabe32ca2c [0x000002cabe32c7e0+0x000000000000024c]
J 32669 c2 org.gradle.api.internal.project.DefaultProjectStateRegistry$ProjectStateImpl.fromMutableState(Ljava/util/function/Function;)Ljava/lang/Object; (139 bytes) @ 0x000002cacd583ed0 [0x000002cacd5836e0+0x00000000000007f0]
J 25312 c1 org.gradle.api.internal.project.DefaultProjectStateRegistry$ProjectStateImpl.applyToMutableState(Ljava/util/function/Consumer;)V (12 bytes) @ 0x000002cabe32b994 [0x000002cabe32b4a0+0x00000000000004f4]
j  org.gradle.configuration.project.LifecycleProjectEvaluator$EvaluateProject.run(Lorg/gradle/internal/operations/BuildOperationContext;)V+16
J 15382 c2 org.gradle.internal.operations.DefaultBuildOperationRunner$1.execute(Lorg/gradle/internal/operations/BuildOperation;Lorg/gradle/internal/operations/BuildOperationContext;)V (10 bytes) @ 0x000002cacc251524 [0x000002cacc250920+0x0000000000000c04]
J 21205 c2 org.gradle.internal.operations.DefaultBuildOperationRunner$2.execute(Lorg/gradle/internal/operations/BuildOperationDescriptor;Lorg/gradle/internal/operations/BuildOperationState;Lorg/gradle/internal/operations/BuildOperationState;Lorg/gradle/internal/operations/DefaultBuildOperationRunner$ReadableBuildOperationContext;Lorg/gradle/internal/operations/DefaultBuildOperationRunner$BuildOperationExecutionListener;)Ljava/lang/Object; (12 bytes) @ 0x000002cacca82684 [0x000002cacca82320+0x0000000000000364]
J 24852 c2 org.gradle.internal.operations.DefaultBuildOperationRunner.run(Lorg/gradle/internal/operations/RunnableBuildOperation;)V (13 bytes) @ 0x000002caccb6af78 [0x000002caccb6a220+0x0000000000000d58]
j  org.gradle.configuration.project.LifecycleProjectEvaluator.evaluate(Lorg/gradle/api/internal/project/ProjectInternal;Lorg/gradle/api/internal/project/ProjectStateInternal;)V+42
j  org.gradle.api.internal.project.DefaultProject.evaluateUnchecked()Lorg/gradle/api/internal/project/ProjectInternal;+20
j  org.gradle.api.internal.project.ProjectLifecycleController.lambda$ensureSelfConfigured$2()V+4
j  org.gradle.api.internal.project.ProjectLifecycleController$$Lambda$781+0x000002caf456f260.run()V+4
j  org.gradle.internal.model.StateTransitionController.lambda$doTransition$14(Ljava/lang/Runnable;)Lorg/gradle/internal/build/ExecutionResult;+1
j  org.gradle.internal.model.StateTransitionController$$Lambda$323+0x000002caf4370700.get()Ljava/lang/Object;+4
j  org.gradle.internal.model.StateTransitionController.doTransition(Lorg/gradle/internal/model/StateTransitionController$State;Lorg/gradle/internal/model/StateTransitionController$State;Ljava/util/function/Supplier;)Lorg/gradle/internal/build/ExecutionResult;+24
J 29579 c1 org.gradle.internal.model.StateTransitionController$$Lambda$782+0x000002caf456f480.run()V (20 bytes) @ 0x000002cabc477f94 [0x000002cabc4778e0+0x00000000000006b4]
J 29577 c1 org.gradle.internal.model.StateTransitionController.maybeTransitionIfNotCurrentlyTransitioning(Lorg/gradle/internal/model/StateTransitionController$State;Lorg/gradle/internal/model/StateTransitionController$State;Ljava/lang/Runnable;)V (19 bytes) @ 0x000002cabcdaf734 [0x000002cabcdaf0a0+0x0000000000000694]
J 29574 c1 org.gradle.api.internal.project.DefaultProjectStateRegistry$ProjectStateImpl.ensureConfigured()V (23 bytes) @ 0x000002cabc3d33ac [0x000002cabc3d2960+0x0000000000000a4c]
j  org.gradle.api.internal.project.DefaultProject.evaluationDependsOn(Lorg/gradle/api/internal/project/ProjectInternal;)Lorg/gradle/api/Project;+44
j  org.gradle.api.internal.project.DefaultProject.evaluationDependsOn(Ljava/lang/String;)Lorg/gradle/api/Project;+26
j  Build_gradle$3.execute(Lorg/gradle/api/Project;)V+14
j  Build_gradle$3.execute(Ljava/lang/Object;)V+5
J 16084 c2 org.gradle.api.internal.DefaultMutationGuard$1.execute(Ljava/lang/Object;)V (67 bytes) @ 0x000002cacc6f702c [0x000002cacc6f6e00+0x000000000000022c]
J 27110 c1 org.gradle.api.internal.project.BuildOperationCrossProjectConfigurator$1.run(Lorg/gradle/internal/operations/BuildOperationContext;)V (25 bytes) @ 0x000002cabe37f10c [0x000002cabe37eee0+0x000000000000022c]
J 15382 c2 org.gradle.internal.operations.DefaultBuildOperationRunner$1.execute(Lorg/gradle/internal/operations/BuildOperation;Lorg/gradle/internal/operations/BuildOperationContext;)V (10 bytes) @ 0x000002cacc251524 [0x000002cacc250920+0x0000000000000c04]
J 21205 c2 org.gradle.internal.operations.DefaultBuildOperationRunner$2.execute(Lorg/gradle/internal/operations/BuildOperationDescriptor;Lorg/gradle/internal/operations/BuildOperationState;Lorg/gradle/internal/operations/BuildOperationState;Lorg/gradle/internal/operations/DefaultBuildOperationRunner$ReadableBuildOperationContext;Lorg/gradle/internal/operations/DefaultBuildOperationRunner$BuildOperationExecutionListener;)Ljava/lang/Object; (12 bytes) @ 0x000002cacca82684 [0x000002cacca82320+0x0000000000000364]
J 25400 c2 org.gradle.internal.operations.DefaultBuildOperationRunner.execute(Lorg/gradle/internal/operations/BuildOperationDescriptor$Builder;Lorg/gradle/internal/operations/BuildOperationState;Lorg/gradle/internal/operations/DefaultBuildOperationRunner$BuildOperationExecution;)Ljava/lang/Object; (147 bytes) @ 0x000002cacce18684 [0x000002cacce17e60+0x0000000000000824]
J 14105 c2 org.gradle.internal.operations.DefaultBuildOperationRunner.execute(Lorg/gradle/internal/operations/BuildOperation;Lorg/gradle/internal/operations/BuildOperationWorker;Lorg/gradle/internal/operations/BuildOperationState;)V (23 bytes) @ 0x000002cacc62c3e4 [0x000002cacc62c320+0x00000000000000c4]
J 27105 c1 org.gradle.api.internal.project.BuildOperationCrossProjectConfigurator.lambda$runProjectConfigureAction$0(Lorg/gradle/api/internal/project/ProjectInternal;Lorg/gradle/api/Action;Lorg/gradle/api/internal/project/ProjectInternal;)V (21 bytes) @ 0x000002cabe380524 [0x000002cabe37fec0+0x0000000000000664]
J 27104 c1 org.gradle.api.internal.project.BuildOperationCrossProjectConfigurator$$Lambda$1960+0x000002caf4a77b10.accept(Ljava/lang/Object;)V (20 bytes) @ 0x000002cabe383fe4 [0x000002cabe383e40+0x00000000000001a4]
J 25314 c1 org.gradle.api.internal.project.DefaultProjectStateRegistry$ProjectStateImpl$$Lambda$784+0x000002caf4574f58.apply(Ljava/lang/Object;)Ljava/lang/Object; (12 bytes) @ 0x000002cabe32ca2c [0x000002cabe32c7e0+0x000000000000024c]
J 32669 c2 org.gradle.api.internal.project.DefaultProjectStateRegistry$ProjectStateImpl.fromMutableState(Ljava/util/function/Function;)Ljava/lang/Object; (139 bytes) @ 0x000002cacd583ed0 [0x000002cacd5836e0+0x00000000000007f0]
J 27101 c1 org.gradle.api.internal.project.BuildOperationCrossProjectConfigurator.access$100(Lorg/gradle/api/internal/project/BuildOperationCrossProjectConfigurator;Lorg/gradle/api/internal/project/ProjectInternal;Lorg/gradle/api/Action;)V (7 bytes) @ 0x000002cabe382cfc [0x000002cabe3822a0+0x0000000000000a5c]
j  org.gradle.api.internal.project.BuildOperationCrossProjectConfigurator$BlockConfigureBuildOperation.run(Lorg/gradle/internal/operations/BuildOperationContext;)V+38
J 15382 c2 org.gradle.internal.operations.DefaultBuildOperationRunner$1.execute(Lorg/gradle/internal/operations/BuildOperation;Lorg/gradle/internal/operations/BuildOperationContext;)V (10 bytes) @ 0x000002cacc251524 [0x000002cacc250920+0x0000000000000c04]
J 21205 c2 org.gradle.internal.operations.DefaultBuildOperationRunner$2.execute(Lorg/gradle/internal/operations/BuildOperationDescriptor;Lorg/gradle/internal/operations/BuildOperationState;Lorg/gradle/internal/operations/BuildOperationState;Lorg/gradle/internal/operations/DefaultBuildOperationRunner$ReadableBuildOperationContext;Lorg/gradle/internal/operations/DefaultBuildOperationRunner$BuildOperationExecutionListener;)Ljava/lang/Object; (12 bytes) @ 0x000002cacca82684 [0x000002cacca82320+0x0000000000000364]
J 24852 c2 org.gradle.internal.operations.DefaultBuildOperationRunner.run(Lorg/gradle/internal/operations/RunnableBuildOperation;)V (13 bytes) @ 0x000002caccb6af78 [0x000002caccb6a220+0x0000000000000d58]
j  org.gradle.api.internal.project.BuildOperationCrossProjectConfigurator.runBlockConfigureAction(Lorg/gradle/internal/operations/BuildOperationDescriptor$Builder;Ljava/lang/Iterable;Lorg/gradle/api/Action;)V+16
j  org.gradle.api.internal.project.BuildOperationCrossProjectConfigurator.subprojects(Ljava/lang/Iterable;Lorg/gradle/api/Action;)V+6
j  org.gradle.api.internal.project.DefaultProject.subprojects(Lorg/gradle/api/internal/project/ProjectInternal;Lorg/gradle/api/Action;)V+10
j  org.gradle.api.internal.project.DefaultProject.subprojects(Lorg/gradle/api/Action;)V+3
j  Build_gradle.<init>(Lorg/gradle/kotlin/dsl/support/KotlinScriptHost;Lorg/gradle/api/Project;)V+133
j  Program.execute(Lorg/gradle/kotlin/dsl/execution/ExecutableProgram$Host;Lorg/gradle/kotlin/dsl/support/KotlinScriptHost;)V+11
j  org.gradle.kotlin.dsl.execution.Interpreter$ProgramHost.eval(Lorg/gradle/kotlin/dsl/execution/CompiledScript;Lorg/gradle/kotlin/dsl/support/KotlinScriptHost;)V+90
j  org.gradle.kotlin.dsl.execution.Interpreter$ProgramHost.evaluateSecondStageOf(Lorg/gradle/kotlin/dsl/execution/ExecutableProgram$StagedProgram;Lorg/gradle/kotlin/dsl/support/KotlinScriptHost;Ljava/lang/String;Lorg/gradle/internal/hash/HashCode;Lorg/gradle/internal/classpath/ClassPath;)V+159
j  Program.execute(Lorg/gradle/kotlin/dsl/execution/ExecutableProgram$Host;Lorg/gradle/kotlin/dsl/support/KotlinScriptHost;)V+145
j  org.gradle.kotlin.dsl.execution.Interpreter$ProgramHost.eval(Lorg/gradle/kotlin/dsl/execution/CompiledScript;Lorg/gradle/kotlin/dsl/support/KotlinScriptHost;)V+90
j  org.gradle.kotlin.dsl.execution.Interpreter.eval(Ljava/lang/Object;Lorg/gradle/groovy/scripts/ScriptSource;Lorg/gradle/internal/hash/HashCode;Lorg/gradle/api/initialization/dsl/ScriptHandler;Lorg/gradle/api/internal/initialization/ClassLoaderScope;Lorg/gradle/api/internal/initialization/ClassLoaderScope;ZLjava/util/EnumSet;)V+171
j  org.gradle.kotlin.dsl.provider.StandardKotlinScriptEvaluator.evaluate(Ljava/lang/Object;Lorg/gradle/groovy/scripts/ScriptSource;Lorg/gradle/api/initialization/dsl/ScriptHandler;Lorg/gradle/api/internal/initialization/ClassLoaderScope;Lorg/gradle/api/internal/initialization/ClassLoaderScope;ZLjava/util/EnumSet;)V+167
j  org.gradle.kotlin.dsl.provider.KotlinScriptPluginFactory.create$lambda$0(Lorg/gradle/kotlin/dsl/provider/KotlinScriptPluginFactory;Lorg/gradle/groovy/scripts/ScriptSource;Lorg/gradle/api/internal/initialization/ClassLoaderScope;Lorg/gradle/api/initialization/dsl/ScriptHandler;Lorg/gradle/api/internal/initialization/ClassLoaderScope;ZLjava/lang/Object;)Lkotlin/Unit;+48
j  org.gradle.kotlin.dsl.provider.KotlinScriptPluginFactory$$Lambda$541+0x000002caf449cc90.invoke(Ljava/lang/Object;)Ljava/lang/Object;+25
j  org.gradle.kotlin.dsl.provider.KotlinScriptPlugin.apply(Ljava/lang/Object;)V+22
j  org.gradle.configuration.BuildOperationScriptPlugin$1.run(Lorg/gradle/internal/operations/BuildOperationContext;)V+11
J 15382 c2 org.gradle.internal.operations.DefaultBuildOperationRunner$1.execute(Lorg/gradle/internal/operations/BuildOperation;Lorg/gradle/internal/operations/BuildOperationContext;)V (10 bytes) @ 0x000002cacc251524 [0x000002cacc250920+0x0000000000000c04]
J 21205 c2 org.gradle.internal.operations.DefaultBuildOperationRunner$2.execute(Lorg/gradle/internal/operations/BuildOperationDescriptor;Lorg/gradle/internal/operations/BuildOperationState;Lorg/gradle/internal/operations/BuildOperationState;Lorg/gradle/internal/operations/DefaultBuildOperationRunner$ReadableBuildOperationContext;Lorg/gradle/internal/operations/DefaultBuildOperationRunner$BuildOperationExecutionListener;)Ljava/lang/Object; (12 bytes) @ 0x000002cacca82684 [0x000002cacca82320+0x0000000000000364]
J 24852 c2 org.gradle.internal.operations.DefaultBuildOperationRunner.run(Lorg/gradle/internal/operations/RunnableBuildOperation;)V (13 bytes) @ 0x000002caccb6af78 [0x000002caccb6a220+0x0000000000000d58]
j  org.gradle.configuration.BuildOperationScriptPlugin.lambda$apply$0(Ljava/lang/Object;Lorg/gradle/internal/code/UserCodeApplicationId;)V+14
j  org.gradle.configuration.BuildOperationScriptPlugin$$Lambda$542+0x000002caf449dd78.execute(Ljava/lang/Object;)V+12
J 24949 c1 org.gradle.internal.code.DefaultUserCodeApplicationContext.apply(Lorg/gradle/internal/code/UserCodeSource;Lorg/gradle/api/Action;)V (67 bytes) @ 0x000002cabe13712c [0x000002cabe136ae0+0x000000000000064c]
j  org.gradle.configuration.BuildOperationScriptPlugin.apply(Ljava/lang/Object;)V+71
j  org.gradle.configuration.project.BuildScriptProcessor$$Lambda$808+0x000002caf45ade80.accept(Ljava/lang/Object;)V+8
J 25314 c1 org.gradle.api.internal.project.DefaultProjectStateRegistry$ProjectStateImpl$$Lambda$784+0x000002caf4574f58.apply(Ljava/lang/Object;)Ljava/lang/Object; (12 bytes) @ 0x000002cabe32ca2c [0x000002cabe32c7e0+0x000000000000024c]
J 32669 c2 org.gradle.api.internal.project.DefaultProjectStateRegistry$ProjectStateImpl.fromMutableState(Ljava/util/function/Function;)Ljava/lang/Object; (139 bytes) @ 0x000002cacd583ed0 [0x000002cacd5836e0+0x00000000000007f0]
J 25312 c1 org.gradle.api.internal.project.DefaultProjectStateRegistry$ProjectStateImpl.applyToMutableState(Ljava/util/function/Consumer;)V (12 bytes) @ 0x000002cabe32b994 [0x000002cabe32b4a0+0x00000000000004f4]
j  org.gradle.configuration.project.BuildScriptProcessor.execute(Lorg/gradle/api/internal/project/ProjectInternal;)V+88
j  org.gradle.configuration.project.BuildScriptProcessor.execute(Ljava/lang/Object;)V+5
j  org.gradle.configuration.project.ConfigureActionsProjectEvaluator.evaluate(Lorg/gradle/api/internal/project/ProjectInternal;Lorg/gradle/api/internal/project/ProjectStateInternal;)V+33
j  org.gradle.configuration.project.LifecycleProjectEvaluator$EvaluateProject.lambda$run$0(Lorg/gradle/internal/operations/BuildOperationContext;Lorg/gradle/api/internal/project/ProjectInternal;)V+67
j  org.gradle.configuration.project.LifecycleProjectEvaluator$EvaluateProject$$Lambda$783+0x000002caf4574d28.accept(Ljava/lang/Object;)V+12
J 25314 c1 org.gradle.api.internal.project.DefaultProjectStateRegistry$ProjectStateImpl$$Lambda$784+0x000002caf4574f58.apply(Ljava/lang/Object;)Ljava/lang/Object; (12 bytes) @ 0x000002cabe32ca2c [0x000002cabe32c7e0+0x000000000000024c]
j  org.gradle.api.internal.project.DefaultProjectStateRegistry$ProjectStateImpl.lambda$fromMutableState$2(Ljava/util/function/Function;)Ljava/lang/Object;+5
j  org.gradle.api.internal.project.DefaultProjectStateRegistry$ProjectStateImpl$$Lambda$785+0x000002caf4575198.create()Ljava/lang/Object;+8
j  org.gradle.internal.work.DefaultWorkerLeaseService.withReplacedLocks(Ljava/util/Collection;Lorg/gradle/internal/resources/ResourceLock;Lorg/gradle/internal/Factory;)Ljava/lang/Object;+40
J 32669 c2 org.gradle.api.internal.project.DefaultProjectStateRegistry$ProjectStateImpl.fromMutableState(Ljava/util/function/Function;)Ljava/lang/Object; (139 bytes) @ 0x000002cacd5841fc [0x000002cacd5836e0+0x0000000000000b1c]
J 25312 c1 org.gradle.api.internal.project.DefaultProjectStateRegistry$ProjectStateImpl.applyToMutableState(Ljava/util/function/Consumer;)V (12 bytes) @ 0x000002cabe32b994 [0x000002cabe32b4a0+0x00000000000004f4]
j  org.gradle.configuration.project.LifecycleProjectEvaluator$EvaluateProject.run(Lorg/gradle/internal/operations/BuildOperationContext;)V+16
J 15382 c2 org.gradle.internal.operations.DefaultBuildOperationRunner$1.execute(Lorg/gradle/internal/operations/BuildOperation;Lorg/gradle/internal/operations/BuildOperationContext;)V (10 bytes) @ 0x000002cacc251524 [0x000002cacc250920+0x0000000000000c04]
J 21205 c2 org.gradle.internal.operations.DefaultBuildOperationRunner$2.execute(Lorg/gradle/internal/operations/BuildOperationDescriptor;Lorg/gradle/internal/operations/BuildOperationState;Lorg/gradle/internal/operations/BuildOperationState;Lorg/gradle/internal/operations/DefaultBuildOperationRunner$ReadableBuildOperationContext;Lorg/gradle/internal/operations/DefaultBuildOperationRunner$BuildOperationExecutionListener;)Ljava/lang/Object; (12 bytes) @ 0x000002cacca82684 [0x000002cacca82320+0x0000000000000364]
J 24852 c2 org.gradle.internal.operations.DefaultBuildOperationRunner.run(Lorg/gradle/internal/operations/RunnableBuildOperation;)V (13 bytes) @ 0x000002caccb6af78 [0x000002caccb6a220+0x0000000000000d58]
j  org.gradle.configuration.project.LifecycleProjectEvaluator.evaluate(Lorg/gradle/api/internal/project/ProjectInternal;Lorg/gradle/api/internal/project/ProjectStateInternal;)V+42
j  org.gradle.api.internal.project.DefaultProject.evaluateUnchecked()Lorg/gradle/api/internal/project/ProjectInternal;+20
j  org.gradle.api.internal.project.ProjectLifecycleController.lambda$ensureSelfConfigured$2()V+4
j  org.gradle.api.internal.project.ProjectLifecycleController$$Lambda$781+0x000002caf456f260.run()V+4
j  org.gradle.internal.model.StateTransitionController.lambda$doTransition$14(Ljava/lang/Runnable;)Lorg/gradle/internal/build/ExecutionResult;+1
j  org.gradle.internal.model.StateTransitionController$$Lambda$323+0x000002caf4370700.get()Ljava/lang/Object;+4
j  org.gradle.internal.model.StateTransitionController.doTransition(Lorg/gradle/internal/model/StateTransitionController$State;Lorg/gradle/internal/model/StateTransitionController$State;Ljava/util/function/Supplier;)Lorg/gradle/internal/build/ExecutionResult;+24
J 29579 c1 org.gradle.internal.model.StateTransitionController$$Lambda$782+0x000002caf456f480.run()V (20 bytes) @ 0x000002cabc477f94 [0x000002cabc4778e0+0x00000000000006b4]
J 29577 c1 org.gradle.internal.model.StateTransitionController.maybeTransitionIfNotCurrentlyTransitioning(Lorg/gradle/internal/model/StateTransitionController$State;Lorg/gradle/internal/model/StateTransitionController$State;Ljava/lang/Runnable;)V (19 bytes) @ 0x000002cabcdaf734 [0x000002cabcdaf0a0+0x0000000000000694]
J 29574 c1 org.gradle.api.internal.project.DefaultProjectStateRegistry$ProjectStateImpl.ensureConfigured()V (23 bytes) @ 0x000002cabc3d33ac [0x000002cabc3d2960+0x0000000000000a4c]
j  org.gradle.execution.TaskPathProjectEvaluator.configure(Lorg/gradle/api/internal/project/ProjectInternal;)V+6
j  org.gradle.execution.TaskPathProjectEvaluator.configureHierarchy(Lorg/gradle/api/internal/project/ProjectInternal;)V+2
j  org.gradle.configuration.DefaultProjectsPreparer.prepareProjects(Lorg/gradle/api/internal/GradleInternal;)V+52
j  org.gradle.configuration.BuildTreePreparingProjectsPreparer.prepareProjects(Lorg/gradle/api/internal/GradleInternal;)V+114
j  org.gradle.configuration.BuildOperationFiringProjectsPreparer$ConfigureBuild.run(Lorg/gradle/internal/operations/BuildOperationContext;)V+11
J 15382 c2 org.gradle.internal.operations.DefaultBuildOperationRunner$1.execute(Lorg/gradle/internal/operations/BuildOperation;Lorg/gradle/internal/operations/BuildOperationContext;)V (10 bytes) @ 0x000002cacc251524 [0x000002cacc250920+0x0000000000000c04]
J 21205 c2 org.gradle.internal.operations.DefaultBuildOperationRunner$2.execute(Lorg/gradle/internal/operations/BuildOperationDescriptor;Lorg/gradle/internal/operations/BuildOperationState;Lorg/gradle/internal/operations/BuildOperationState;Lorg/gradle/internal/operations/DefaultBuildOperationRunner$ReadableBuildOperationContext;Lorg/gradle/internal/operations/DefaultBuildOperationRunner$BuildOperationExecutionListener;)Ljava/lang/Object; (12 bytes) @ 0x000002cacca82684 [0x000002cacca82320+0x0000000000000364]
J 24852 c2 org.gradle.internal.operations.DefaultBuildOperationRunner.run(Lorg/gradle/internal/operations/RunnableBuildOperation;)V (13 bytes) @ 0x000002caccb6af78 [0x000002caccb6a220+0x0000000000000d58]
j  org.gradle.configuration.BuildOperationFiringProjectsPreparer.prepareProjects(Lorg/gradle/api/internal/GradleInternal;)V+13
j  org.gradle.initialization.VintageBuildModelController.lambda$prepareProjects$2()V+8
j  org.gradle.initialization.VintageBuildModelController$$Lambda$762+0x000002caf454e700.run()V+4
j  org.gradle.internal.model.StateTransitionController.lambda$doTransition$14(Ljava/lang/Runnable;)Lorg/gradle/internal/build/ExecutionResult;+1
j  org.gradle.internal.model.StateTransitionController$$Lambda$323+0x000002caf4370700.get()Ljava/lang/Object;+4
j  org.gradle.internal.model.StateTransitionController.doTransition(Lorg/gradle/internal/model/StateTransitionController$State;Lorg/gradle/internal/model/StateTransitionController$State;Ljava/util/function/Supplier;)Lorg/gradle/internal/build/ExecutionResult;+24
j  org.gradle.internal.model.StateTransitionController.doTransition(Lorg/gradle/internal/model/StateTransitionController$State;Lorg/gradle/internal/model/StateTransitionController$State;Ljava/lang/Runnable;)V+9
j  org.gradle.internal.model.StateTransitionController.lambda$transitionIfNotPreviously$11(Lorg/gradle/internal/model/StateTransitionController$State;Lorg/gradle/internal/model/StateTransitionController$State;Ljava/lang/Runnable;)V+16
j  org.gradle.internal.model.StateTransitionController$$Lambda$325+0x000002caf4370b40.run()V+16
J 31922 c1 org.gradle.internal.work.DefaultSynchronizer.withLock(Ljava/lang/Runnable;)V (28 bytes) @ 0x000002cabece1f3c [0x000002cabece1e00+0x000000000000013c]
j  org.gradle.internal.model.StateTransitionController.transitionIfNotPreviously(Lorg/gradle/internal/model/StateTransitionController$State;Lorg/gradle/internal/model/StateTransitionController$State;Ljava/lang/Runnable;)V+13
j  org.gradle.initialization.VintageBuildModelController.prepareProjects()V+16
j  org.gradle.initialization.VintageBuildModelController.prepareToScheduleTasks()V+5
j  org.gradle.internal.build.DefaultBuildLifecycleController.lambda$prepareToScheduleTasks$6()V+9
j  org.gradle.internal.build.DefaultBuildLifecycleController$$Lambda$321+0x000002caf43702c0.run()V+4
j  org.gradle.internal.model.StateTransitionController.lambda$doTransition$14(Ljava/lang/Runnable;)Lorg/gradle/internal/build/ExecutionResult;+1
j  org.gradle.internal.model.StateTransitionController$$Lambda$323+0x000002caf4370700.get()Ljava/lang/Object;+4
j  org.gradle.internal.model.StateTransitionController.doTransition(Lorg/gradle/internal/model/StateTransitionController$State;Lorg/gradle/internal/model/StateTransitionController$State;Ljava/util/function/Supplier;)Lorg/gradle/internal/build/ExecutionResult;+24
j  org.gradle.internal.model.StateTransitionController.doTransition(Lorg/gradle/internal/model/StateTransitionController$State;Lorg/gradle/internal/model/StateTransitionController$State;Ljava/lang/Runnable;)V+9
j  org.gradle.internal.model.StateTransitionController.lambda$maybeTransition$9(Lorg/gradle/internal/model/StateTransitionController$State;Lorg/gradle/internal/model/StateTransitionController$State;Ljava/lang/Runnable;)V+16
j  org.gradle.internal.model.StateTransitionController$$Lambda$322+0x000002caf43704e0.run()V+16
J 31922 c1 org.gradle.internal.work.DefaultSynchronizer.withLock(Ljava/lang/Runnable;)V (28 bytes) @ 0x000002cabece1f3c [0x000002cabece1e00+0x000000000000013c]
j  org.gradle.internal.model.StateTransitionController.maybeTransition(Lorg/gradle/internal/model/StateTransitionController$State;Lorg/gradle/internal/model/StateTransitionController$State;Ljava/lang/Runnable;)V+13
j  org.gradle.internal.build.DefaultBuildLifecycleController.prepareToScheduleTasks()V+16
j  org.gradle.internal.buildtree.DefaultBuildTreeWorkPreparer.scheduleRequestedTasks(Lorg/gradle/internal/buildtree/BuildTreeWorkGraph;Lorg/gradle/execution/EntryTaskSelector;)Lorg/gradle/internal/buildtree/BuildTreeWorkGraph$FinalizedGraph;+4
j  org.gradle.internal.cc.impl.barrier.BarrierAwareBuildTreeWorkPreparer.scheduleRequestedTasks$lambda$0(Lorg/gradle/internal/cc/impl/barrier/BarrierAwareBuildTreeWorkPreparer;Lorg/gradle/internal/buildtree/BuildTreeWorkGraph;Lorg/gradle/execution/EntryTaskSelector;)Lorg/gradle/internal/buildtree/BuildTreeWorkGraph$FinalizedGraph;+6
j  org.gradle.internal.cc.impl.barrier.BarrierAwareBuildTreeWorkPreparer$$Lambda$320+0x000002caf4355db8.invoke()Ljava/lang/Object;+12
j  org.gradle.internal.cc.impl.barrier.VintageConfigurationTimeActionRunner.runConfigurationTimeAction(Lkotlin/jvm/functions/Function0;)Ljava/lang/Object;+25
j  org.gradle.internal.cc.impl.barrier.BarrierAwareBuildTreeWorkPreparer.scheduleRequestedTasks(Lorg/gradle/internal/buildtree/BuildTreeWorkGraph;Lorg/gradle/execution/EntryTaskSelector;)Lorg/gradle/internal/buildtree/BuildTreeWorkGraph$FinalizedGraph;+18
j  org.gradle.internal.cc.impl.VintageBuildTreeWorkController$scheduleAndRunRequestedTasks$1.apply(Lorg/gradle/internal/buildtree/BuildTreeWorkGraph;)Lorg/gradle/internal/build/ExecutionResult;+18
j  org.gradle.internal.cc.impl.VintageBuildTreeWorkController$scheduleAndRunRequestedTasks$1.apply(Ljava/lang/Object;)Ljava/lang/Object;+5
j  org.gradle.composite.internal.DefaultIncludedBuildTaskGraph.withNewWorkGraph(Ljava/util/function/Function;)Ljava/lang/Object;+30
j  org.gradle.internal.cc.impl.VintageBuildTreeWorkController.scheduleAndRunRequestedTasks(Lorg/gradle/execution/EntryTaskSelector;)Lorg/gradle/internal/build/ExecutionResult;+16
j  org.gradle.internal.buildtree.DefaultBuildTreeLifecycleController.lambda$scheduleAndRunTasks$1(Lorg/gradle/execution/EntryTaskSelector;)Lorg/gradle/internal/build/ExecutionResult;+5
j  org.gradle.internal.buildtree.DefaultBuildTreeLifecycleController$$Lambda$315+0x000002caf436d930.get()Ljava/lang/Object;+8
j  org.gradle.internal.buildtree.DefaultBuildTreeLifecycleController.lambda$runBuild$4(Ljava/util/function/Supplier;)Ljava/lang/Object;+1
j  org.gradle.internal.buildtree.DefaultBuildTreeLifecycleController$$Lambda$316+0x000002caf436db50.get()Ljava/lang/Object;+8
j  org.gradle.internal.model.StateTransitionController.lambda$transition$6(Ljava/util/function/Supplier;)Lorg/gradle/internal/build/ExecutionResult;+1
j  org.gradle.internal.model.StateTransitionController$$Lambda$318+0x000002caf436c800.get()Ljava/lang/Object;+4
j  org.gradle.internal.model.StateTransitionController.doTransition(Lorg/gradle/internal/model/StateTransitionController$State;Lorg/gradle/internal/model/StateTransitionController$State;Ljava/util/function/Supplier;)Lorg/gradle/internal/build/ExecutionResult;+24
j  org.gradle.internal.model.StateTransitionController.lambda$transition$7(Lorg/gradle/internal/model/StateTransitionController$State;Lorg/gradle/internal/model/StateTransitionController$State;Ljava/util/function/Supplier;)Ljava/lang/Object;+9
j  org.gradle.internal.model.StateTransitionController$$Lambda$317+0x000002caf436dd70.create()Ljava/lang/Object;+16
j  org.gradle.internal.work.DefaultSynchronizer.withLock(Lorg/gradle/internal/Factory;)Ljava/lang/Object;+6
j  org.gradle.internal.model.StateTransitionController.transition(Lorg/gradle/internal/model/StateTransitionController$State;Lorg/gradle/internal/model/StateTransitionController$State;Ljava/util/function/Supplier;)Ljava/lang/Object;+13
j  org.gradle.internal.buildtree.DefaultBuildTreeLifecycleController.runBuild(Ljava/util/function/Supplier;)Ljava/lang/Object;+17
j  org.gradle.internal.buildtree.DefaultBuildTreeLifecycleController.scheduleAndRunTasks(Lorg/gradle/execution/EntryTaskSelector;)V+8
j  org.gradle.internal.buildtree.DefaultBuildTreeLifecycleController.scheduleAndRunTasks()V+2
j  org.gradle.tooling.internal.provider.ExecuteBuildActionRunner.run(Lorg/gradle/internal/invocation/BuildAction;Lorg/gradle/internal/buildtree/BuildTreeLifecycleController;)Lorg/gradle/internal/buildtree/BuildActionRunner$Result;+12
j  org.gradle.launcher.exec.ChainingBuildActionRunner.run(Lorg/gradle/internal/invocation/BuildAction;Lorg/gradle/internal/buildtree/BuildTreeLifecycleController;)Lorg/gradle/internal/buildtree/BuildActionRunner$Result;+34
j  org.gradle.internal.buildtree.ProblemReportingBuildActionRunner.run(Lorg/gradle/internal/invocation/BuildAction;Lorg/gradle/internal/buildtree/BuildTreeLifecycleController;)Lorg/gradle/internal/buildtree/BuildActionRunner$Result;+12
j  org.gradle.launcher.exec.BuildOutcomeReportingBuildActionRunner.run(Lorg/gradle/internal/invocation/BuildAction;Lorg/gradle/internal/buildtree/BuildTreeLifecycleController;)Lorg/gradle/internal/buildtree/BuildActionRunner$Result;+69
j  org.gradle.tooling.internal.provider.FileSystemWatchingBuildActionRunner.run(Lorg/gradle/internal/invocation/BuildAction;Lorg/gradle/internal/buildtree/BuildTreeLifecycleController;)Lorg/gradle/internal/buildtree/BuildActionRunner$Result;+317
j  org.gradle.launcher.exec.BuildCompletionNotifyingBuildActionRunner.run(Lorg/gradle/internal/invocation/BuildAction;Lorg/gradle/internal/buildtree/BuildTreeLifecycleController;)Lorg/gradle/internal/buildtree/BuildActionRunner$Result;+6
j  org.gradle.launcher.exec.RootBuildLifecycleBuildActionExecutor.lambda$execute$0(Lorg/gradle/internal/invocation/BuildAction;Lorg/gradle/internal/buildtree/BuildTreeLifecycleController;)Lorg/gradle/internal/buildtree/BuildActionRunner$Result;+6
j  org.gradle.launcher.exec.RootBuildLifecycleBuildActionExecutor$$Lambda$286+0x000002caf4353af8.apply(Ljava/lang/Object;)Ljava/lang/Object;+12
j  org.gradle.composite.internal.DefaultRootBuildState.run(Ljava/util/function/Function;)Ljava/lang/Object;+92
j  org.gradle.launcher.exec.RootBuildLifecycleBuildActionExecutor.execute(Lorg/gradle/internal/invocation/BuildAction;Lorg/gradle/internal/buildtree/BuildTreeContext;)Lorg/gradle/internal/buildtree/BuildActionRunner$Result;+119
j  org.gradle.internal.buildtree.InitDeprecationLoggingActionExecutor.execute(Lorg/gradle/internal/invocation/BuildAction;Lorg/gradle/internal/buildtree/BuildTreeContext;)Lorg/gradle/internal/buildtree/BuildActionRunner$Result;+83
j  org.gradle.internal.buildtree.InitProblems.execute(Lorg/gradle/internal/invocation/BuildAction;Lorg/gradle/internal/buildtree/BuildTreeContext;)Lorg/gradle/internal/buildtree/BuildActionRunner$Result;+13
j  org.gradle.internal.buildtree.DefaultBuildTreeContext.execute(Lorg/gradle/internal/invocation/BuildAction;)Lorg/gradle/internal/buildtree/BuildActionRunner$Result;+64
j  org.gradle.launcher.exec.BuildTreeLifecycleBuildActionExecutor.lambda$execute$0(Lorg/gradle/internal/invocation/BuildAction;Lorg/gradle/internal/buildtree/BuildTreeContext;)Lorg/gradle/internal/buildtree/BuildActionRunner$Result;+2
j  org.gradle.launcher.exec.BuildTreeLifecycleBuildActionExecutor$$Lambda$209+0x000002caf427a2e8.apply(Ljava/lang/Object;)Ljava/lang/Object;+8
j  org.gradle.internal.buildtree.BuildTreeState.run(Ljava/util/function/Function;)Ljava/lang/Object;+47
j  org.gradle.launcher.exec.BuildTreeLifecycleBuildActionExecutor.execute(Lorg/gradle/internal/invocation/BuildAction;Lorg/gradle/internal/session/BuildSessionContext;)Lorg/gradle/internal/buildtree/BuildActionRunner$Result;+74
j  org.gradle.launcher.exec.RunAsBuildOperationBuildActionExecutor$2.call(Lorg/gradle/internal/operations/BuildOperationContext;)Lorg/gradle/internal/buildtree/BuildActionRunner$Result;+25
j  org.gradle.launcher.exec.RunAsBuildOperationBuildActionExecutor$2.call(Lorg/gradle/internal/operations/BuildOperationContext;)Ljava/lang/Object;+2
J 14526 c2 org.gradle.internal.operations.DefaultBuildOperationRunner$CallableBuildOperationWorker.execute(Lorg/gradle/internal/operations/BuildOperation;Lorg/gradle/internal/operations/BuildOperationContext;)V (10 bytes) @ 0x000002cacc67040c [0x000002cacc6703a0+0x000000000000006c]
J 21205 c2 org.gradle.internal.operations.DefaultBuildOperationRunner$2.execute(Lorg/gradle/internal/operations/BuildOperationDescriptor;Lorg/gradle/internal/operations/BuildOperationState;Lorg/gradle/internal/operations/BuildOperationState;Lorg/gradle/internal/operations/DefaultBuildOperationRunner$ReadableBuildOperationContext;Lorg/gradle/internal/operations/DefaultBuildOperationRunner$BuildOperationExecutionListener;)Ljava/lang/Object; (12 bytes) @ 0x000002cacca82684 [0x000002cacca82320+0x0000000000000364]
J 25400 c2 org.gradle.internal.operations.DefaultBuildOperationRunner.execute(Lorg/gradle/internal/operations/BuildOperationDescriptor$Builder;Lorg/gradle/internal/operations/BuildOperationState;Lorg/gradle/internal/operations/DefaultBuildOperationRunner$BuildOperationExecution;)Ljava/lang/Object; (147 bytes) @ 0x000002cacce18684 [0x000002cacce17e60+0x0000000000000824]
J 22496 c2 org.gradle.internal.operations.DefaultBuildOperationRunner.call(Lorg/gradle/internal/operations/CallableBuildOperation;)Ljava/lang/Object; (24 bytes) @ 0x000002cacc9807b0 [0x000002cacc9805a0+0x0000000000000210]
j  org.gradle.launcher.exec.RunAsBuildOperationBuildActionExecutor.execute(Lorg/gradle/internal/invocation/BuildAction;Lorg/gradle/internal/session/BuildSessionContext;)Lorg/gradle/internal/buildtree/BuildActionRunner$Result;+23
j  org.gradle.launcher.exec.RunAsWorkerThreadBuildActionExecutor.lambda$execute$0(Lorg/gradle/internal/invocation/BuildAction;Lorg/gradle/internal/session/BuildSessionContext;)Lorg/gradle/internal/buildtree/BuildActionRunner$Result;+6
j  org.gradle.launcher.exec.RunAsWorkerThreadBuildActionExecutor$$Lambda$205+0x000002caf424f6e0.create()Ljava/lang/Object;+12
J 17436 c1 org.gradle.internal.work.DefaultWorkerLeaseService.withLocks(Ljava/util/Collection;Lorg/gradle/internal/Factory;)Ljava/lang/Object; (53 bytes) @ 0x000002cabd86b8ac [0x000002cabd86b440+0x000000000000046c]
J 15326 c1 org.gradle.internal.work.DefaultWorkerLeaseService.runAsWorkerThread(Lorg/gradle/internal/Factory;)Ljava/lang/Object; (37 bytes) @ 0x000002cabc17302c [0x000002cabc172a60+0x00000000000005cc]
j  org.gradle.launcher.exec.RunAsWorkerThreadBuildActionExecutor.execute(Lorg/gradle/internal/invocation/BuildAction;Lorg/gradle/internal/session/BuildSessionContext;)Lorg/gradle/internal/buildtree/BuildActionRunner$Result;+12
j  org.gradle.tooling.internal.provider.continuous.ContinuousBuildActionExecutor.execute(Lorg/gradle/internal/invocation/BuildAction;Lorg/gradle/internal/session/BuildSessionContext;)Lorg/gradle/internal/buildtree/BuildActionRunner$Result;+58
j  org.gradle.tooling.internal.provider.SubscribableBuildActionExecutor.execute(Lorg/gradle/internal/invocation/BuildAction;Lorg/gradle/internal/session/BuildSessionContext;)Lorg/gradle/internal/buildtree/BuildActionRunner$Result;+30
j  org.gradle.internal.session.DefaultBuildSessionContext.execute(Lorg/gradle/internal/invocation/BuildAction;)Lorg/gradle/internal/buildtree/BuildActionRunner$Result;+64
j  org.gradle.internal.buildprocess.execution.BuildSessionLifecycleBuildActionExecutor$ActionImpl.apply(Lorg/gradle/internal/session/BuildSessionContext;)Lorg/gradle/launcher/exec/BuildActionResult;+6
j  org.gradle.internal.buildprocess.execution.BuildSessionLifecycleBuildActionExecutor$ActionImpl.apply(Ljava/lang/Object;)Ljava/lang/Object;+5
j  org.gradle.internal.session.BuildSessionState.run(Ljava/util/function/Function;)Ljava/lang/Object;+5
j  org.gradle.internal.buildprocess.execution.BuildSessionLifecycleBuildActionExecutor.execute(Lorg/gradle/internal/invocation/BuildAction;Lorg/gradle/launcher/exec/BuildActionParameters;Lorg/gradle/initialization/BuildRequestContext;)Lorg/gradle/launcher/exec/BuildActionResult;+95
j  org.gradle.internal.buildprocess.execution.BuildSessionLifecycleBuildActionExecutor.execute(Lorg/gradle/internal/invocation/BuildAction;Ljava/lang/Object;Ljava/lang/Object;)Lorg/gradle/launcher/exec/BuildActionResult;+10
j  org.gradle.internal.buildprocess.execution.StartParamsValidatingActionExecutor.execute(Lorg/gradle/internal/invocation/BuildAction;Lorg/gradle/launcher/exec/BuildActionParameters;Lorg/gradle/initialization/BuildRequestContext;)Lorg/gradle/launcher/exec/BuildActionResult;+142
j  org.gradle.internal.buildprocess.execution.StartParamsValidatingActionExecutor.execute(Lorg/gradle/internal/invocation/BuildAction;Ljava/lang/Object;Ljava/lang/Object;)Lorg/gradle/launcher/exec/BuildActionResult;+10
j  org.gradle.internal.buildprocess.execution.SessionFailureReportingActionExecutor.execute(Lorg/gradle/internal/invocation/BuildAction;Lorg/gradle/launcher/exec/BuildActionParameters;Lorg/gradle/initialization/BuildRequestContext;)Lorg/gradle/launcher/exec/BuildActionResult;+7
j  org.gradle.internal.buildprocess.execution.SessionFailureReportingActionExecutor.execute(Lorg/gradle/internal/invocation/BuildAction;Ljava/lang/Object;Ljava/lang/Object;)Lorg/gradle/launcher/exec/BuildActionResult;+10
j  org.gradle.internal.buildprocess.execution.SetupLoggingActionExecutor.execute(Lorg/gradle/internal/invocation/BuildAction;Lorg/gradle/launcher/exec/BuildActionParameters;Lorg/gradle/initialization/BuildRequestContext;)Lorg/gradle/launcher/exec/BuildActionResult;+50
j  org.gradle.internal.buildprocess.execution.SetupLoggingActionExecutor.execute(Lorg/gradle/internal/invocation/BuildAction;Ljava/lang/Object;Ljava/lang/Object;)Lorg/gradle/launcher/exec/BuildActionResult;+10
j  org.gradle.launcher.daemon.server.exec.ExecuteBuild.doBuild(Lorg/gradle/launcher/daemon/server/api/DaemonCommandExecution;Lorg/gradle/launcher/daemon/protocol/Build;)V+147
j  org.gradle.launcher.daemon.server.exec.BuildCommandOnly.execute(Lorg/gradle/launcher/daemon/server/api/DaemonCommandExecution;)V+49
j  org.gradle.launcher.daemon.server.api.DaemonCommandExecution.proceed()Z+23
j  org.gradle.launcher.daemon.server.exec.WatchForDisconnection.execute(Lorg/gradle/launcher/daemon/server/api/DaemonCommandExecution;)V+19
j  org.gradle.launcher.daemon.server.api.DaemonCommandExecution.proceed()Z+23
j  org.gradle.launcher.daemon.server.exec.ResetDeprecationLogger.execute(Lorg/gradle/launcher/daemon/server/api/DaemonCommandExecution;)V+7
j  org.gradle.launcher.daemon.server.api.DaemonCommandExecution.proceed()Z+23
j  org.gradle.launcher.daemon.server.exec.RequestStopIfSingleUsedDaemon.execute(Lorg/gradle/launcher/daemon/server/api/DaemonCommandExecution;)V+33
j  org.gradle.launcher.daemon.server.api.DaemonCommandExecution.proceed()Z+23
j  org.gradle.launcher.daemon.server.exec.ForwardClientInput.lambda$execute$0(Lorg/gradle/launcher/daemon/server/api/DaemonCommandExecution;Lorg/gradle/internal/daemon/clientinput/StdinHandler;)Ljava/lang/Object;+11
j  org.gradle.launcher.daemon.server.exec.ForwardClientInput$$Lambda$115+0x000002caf41848b0.apply(Ljava/lang/Object;)Ljava/lang/Object;+8
j  org.gradle.internal.daemon.clientinput.ClientInputForwarder.forwardInput(Ljava/util/function/Function;)Ljava/lang/Object;+46
j  org.gradle.launcher.daemon.server.exec.ForwardClientInput.execute(Lorg/gradle/launcher/daemon/server/api/DaemonCommandExecution;)V+10
j  org.gradle.launcher.daemon.server.api.DaemonCommandExecution.proceed()Z+23
j  org.gradle.launcher.daemon.server.exec.LogAndCheckHealth.execute(Lorg/gradle/launcher/daemon/server/api/DaemonCommandExecution;)V+51
j  org.gradle.launcher.daemon.server.api.DaemonCommandExecution.proceed()Z+23
j  org.gradle.launcher.daemon.server.exec.LogToClient.doBuild(Lorg/gradle/launcher/daemon/server/api/DaemonCommandExecution;Lorg/gradle/launcher/daemon/protocol/Build;)V+87
j  org.gradle.launcher.daemon.server.exec.BuildCommandOnly.execute(Lorg/gradle/launcher/daemon/server/api/DaemonCommandExecution;)V+49
j  org.gradle.launcher.daemon.server.api.DaemonCommandExecution.proceed()Z+23
j  org.gradle.launcher.daemon.server.exec.EstablishBuildEnvironment.doBuild(Lorg/gradle/launcher/daemon/server/api/DaemonCommandExecution;Lorg/gradle/launcher/daemon/protocol/Build;)V+356
j  org.gradle.launcher.daemon.server.exec.BuildCommandOnly.execute(Lorg/gradle/launcher/daemon/server/api/DaemonCommandExecution;)V+49
j  org.gradle.launcher.daemon.server.api.DaemonCommandExecution.proceed()Z+23
j  org.gradle.launcher.daemon.server.exec.StartBuildOrRespondWithBusy$1.run()V+44
j  org.gradle.launcher.daemon.server.DaemonStateCoordinator.lambda$runCommand$0(Ljava/lang/Runnable;)V+1
j  org.gradle.launcher.daemon.server.DaemonStateCoordinator$$Lambda$114+0x000002caf413f348.run()V+8
J 24822 c2 org.gradle.internal.concurrent.AbstractManagedExecutor$1.run()V (57 bytes) @ 0x000002caccac3560 [0x000002caccac3420+0x0000000000000140]
J 24426 c1 java.util.concurrent.ThreadPoolExecutor.runWorker(Ljava/util/concurrent/ThreadPoolExecutor$Worker;)V java.base@17.0.20.1 (187 bytes) @ 0x000002cabc03a404 [0x000002cabc039b20+0x00000000000008e4]
J 24903 c1 java.util.concurrent.ThreadPoolExecutor$Worker.run()V java.base@17.0.20.1 (9 bytes) @ 0x000002cabcbb11c4 [0x000002cabcbb1140+0x0000000000000084]
J 24900 c1 java.lang.Thread.run()V java.base@17.0.20.1 (17 bytes) @ 0x000002cabcbb25fc [0x000002cabcbb24c0+0x000000000000013c]
v  ~StubRoutines::call_stub

siginfo: EXCEPTION_ACCESS_VIOLATION (0xc0000005), reading address 0x00000000000000a4


Registers:
RAX=0x0000000000000000, RBX=0x000002cb4a9b7a78, RCX=0x000002cb41776840, RDX=0x000002cb497754d8
RSP=0x000000e5d26f4830, RBP=0x000000e5d26f4930, RSI=0x000002caf4bc1c80, RDI=0x000002caf4bc1c80
R8 =0x000002cb41776800, R9 =0x0000000000000000, R10=0x00007fff8c760000, R11=0x000000e5d26f4ae8
R12=0x0000000000000000, R13=0x000002cb46ca12c0, R14=0x000000e5d26f4b48, R15=0x000002cb3c6a24b0
RIP=0x00007fff0a677b41, EFLAGS=0x0000000000010293

XMM[0]=0x0000000000000000 0x0000000000000000
XMM[1]=0x0000000000000000 0x0000000000000000
XMM[2]=0x0000000000000000 0x0000000000000000
XMM[3]=0x0000000000000000 0x0000000000000000
XMM[4]=0x0000000000000000 0x0000000000000007
XMM[5]=0x0000000000000000 0x000000064cf1e078
XMM[6]=0x0000000000000000 0x0000000000000000
XMM[7]=0x0000000000000000 0x000000064c9ed350
XMM[8]=0x0000000000000000 0x0000000601b31508
XMM[9]=0x0000000000000000 0x0000000653bf4730
XMM[10]=0x0000000000000000 0x000000064c945e10
XMM[11]=0x0000000000000000 0x00000006531ab868
XMM[12]=0x0000000000000000 0x000000065340e868
XMM[13]=0x0000000000000000 0x00000006531ab6f8
XMM[14]=0x0000000000000000 0x000000065343e0a0
XMM[15]=0x0000000000000000 0x0000000000000000
  MXCSR=0x00001fa5


Register to memory mapping:

RIP=0x00007fff0a677b41 jvm.dll
RAX=0x0 is NULL
RBX=0x000002cb4a9b7a78 points into unknown readable memory: 0x000000064c9ef090 | 90 f0 9e 4c 06 00 00 00
RCX={method} {0x000002cb41776848} '
[error occurred during error reporting (printing register info), id 0xc0000005, EXCEPTION_ACCESS_VIOLATION (0xc0000005) at pc=0x00007fff0a7538fd]

Top of Stack: (sp=0x000000e5d26f4830)
0x000000e5d26f4830:   000002cb4a9b7a78 000002cb3c6a24b0
0x000000e5d26f4840:   000002cb46ca0b40 000002cb4a9b7a50
0x000000e5d26f4850:   000002cb4a9b7a90 000002cb4a9b7b38
0x000000e5d26f4860:   00000000000000d8 000000e500000000
0x000000e5d26f4870:   000002cb3c6a24b0 000000060000000e
0x000000e5d26f4880:   0000000000000000 0000000000000000
0x000000e5d26f4890:   000002cb4a9b7a78 000002cb4a9b7a80
0x000000e5d26f48a0:   000002cb46ca12c0 00007fff0a62f702
0x000000e5d26f48b0:   00007fff0a335640 000002cb3be248b0
0x000000e5d26f48c0:   00000000000003d8 000002cb3be248c0
0x000000e5d26f48d0:   000002cb3be24c98 00007fff0a33562e
0x000000e5d26f48e0:   000002caf4bc1748 00007fff0a2f8f42
0x000000e5d26f48f0:   000000064cf2f578 000000e5d26f4970
0x000000e5d26f4900:   000002cb3c6a24b0 000002caccee2090
0x000000e5d26f4910:   000002caf4bc1748 00007fff0a67869a
0x000000e5d26f4920:   000002cb41774770 000002cb4a9b7a70
0x000000e5d26f4930:   000000064c8a88f0 00007fff0a5c1b49
0x000000e5d26f4940:   0000000000000000 0000000000000000
0x000000e5d26f4950:   000002cb41774770 000002cb3c6a24b0
0x000000e5d26f4960:   000000e5d26f4a08 00007fff0a5c17e5
0x000000e5d26f4970:   000000e5d26f4a08 000002cb3c6a24b0
0x000000e5d26f4980:   000002cb41774770 000002cb3c6a24b0
0x000000e5d26f4990:   000000e5d26f4a08 000002cb3c6a24b0
0x000000e5d26f49a0:   000000e5d26f49d0 000002cb3be20000
0x000000e5d26f49b0:   0000000000000000 000002cb3be24800
0x000000e5d26f49c0:   000002cb4a9b7a70 00007fff0a31993d
0x000000e5d26f49d0:   000000064c9ef090 0000000000000000
0x000000e5d26f49e0:   000002cb3c6a24b0 000002cb4a9b7a80
0x000000e5d26f49f0:   000002cb4a9b7a70 00000006004b4478
0x000000e5d26f4a00:   000002cb4a9b7a80 00007fff0a8f0040
0x000000e5d26f4a10:   000002cb3c6a24b0 000002caf4bc1c80
0x000000e5d26f4a20:   0000000000000006 0000000600497df8 

Instructions: (pc=0x00007fff0a677b41)
0x00007fff0a677a41:   85 af 04 00 00 48 85 db 75 26 4c 8b 0d 4e 40 4e
0x00007fff0a677a51:   00 48 8d 15 87 f3 2e 00 41 b8 da 03 00 00 4c 89
0x00007fff0a677a61:   64 24 20 49 8b cf e8 f4 08 bf ff e9 b5 0b 00 00
0x00007fff0a677a71:   0f b6 15 54 3d 4c 00 48 8b 03 8b 0d 97 78 45 00
0x00007fff0a677a81:   4c 8b 05 88 78 45 00 84 d2 74 0b 8b 40 08 48 d3
0x00007fff0a677a91:   e0 49 03 c0 eb 04 48 8b 40 08 44 8b 4e 14 49 39
0x00007fff0a677aa1:   34 01 74 29 41 83 f9 20 75 35 48 8b d6 48 8b c8
0x00007fff0a677ab1:   e8 aa 9c e7 ff 84 c0 74 26 0f b6 15 0b 3d 4c 00
0x00007fff0a677ac1:   8b 0d 51 78 45 00 4c 8b 05 42 78 45 00 48 8b 3b
0x00007fff0a677ad1:   84 d2 74 38 8b 7f 08 48 d3 e7 49 03 f8 eb 31 4c
0x00007fff0a677ae1:   8b 0d 51 3f 4e 00 48 8d 05 b2 f5 2e 00 41 b8 de
0x00007fff0a677af1:   03 00 00 48 89 44 24 20 48 8d 15 e0 f2 2e 00 49
0x00007fff0a677b01:   8b cf e8 58 08 bf ff e9 19 0b 00 00 48 8b 7f 08
0x00007fff0a677b11:   49 8b 0e f6 41 28 02 0f 85 d7 03 00 00 4c 8b 41
0x00007fff0a677b21:   08 49 8b 50 08 41 0f b7 40 22 4c 8b 4c c2 48 4c
0x00007fff0a677b31:   3b 0d 49 47 4e 00 0f 84 b8 03 00 00 48 8b 42 18
0x00007fff0a677b41:   f7 80 a4 00 00 00 00 02 00 00 0f 84 b3 01 00 00
0x00007fff0a677b51:   0f 57 c0 4c 89 65 68 66 0f 7f 45 70 0f 57 c9 66
0x00007fff0a677b61:   0f 7f 8d 90 00 00 00 4c 89 a5 80 00 00 00 41 0f
0x00007fff0a677b71:   b7 40 24 4c 8b c7 4c 89 4d a8 4c 8d 4d a8 4c 89
0x00007fff0a677b81:   7c 24 28 48 89 75 b8 48 8b 4c c2 48 48 8b d3 48
0x00007fff0a677b91:   89 4d b0 48 8d 4d 60 f3 0f 7f 45 c0 4c 89 65 d0
0x00007fff0a677ba1:   66 44 89 65 d8 44 88 65 da c6 44 24 20 01 e8 3c
0x00007fff0a677bb1:   b2 e9 ff 48 8d 4d c8 e8 f3 12 c8 ff 4d 39 67 08
0x00007fff0a677bc1:   74 0b 0f 57 c0 f3 0f 7f 44 24 60 eb 29 48 8b 45
0x00007fff0a677bd1:   78 48 89 44 24 60 4c 89 7c 24 68 48 85 c0 74 16
0x00007fff0a677be1:   49 8b 8f 50 02 00 00 48 8d 54 24 30 48 89 44 24
0x00007fff0a677bf1:   30 e8 79 28 93 ff 48 8d 4d 78 e8 b0 12 c8 ff 48
0x00007fff0a677c01:   8d 4d 68 e8 a7 12 c8 ff 48 8d 54 24 60 48 8d 4c
0x00007fff0a677c11:   24 50 e8 b8 12 c8 ff 48 8d 4c 24 60 e8 8e 12 c8
0x00007fff0a677c21:   ff 49 8b 7f 08 48 85 ff 0f 84 d3 02 00 00 49 8b
0x00007fff0a677c31:   cf e8 a9 0a bf ff 49 8b cf e8 d1 58 e5 ff 49 8b 


Stack slot to memory mapping:
stack at sp + 0 slots: 0x000002cb4a9b7a78 points into unknown readable memory: 0x000000064c9ef090 | 90 f0 9e 4c 06 00 00 00
stack at sp + 1 slots: 0x000002cb3c6a24b0 is a thread
stack at sp + 2 slots: 0x000002cb46ca0b40 points into unknown readable memory: 0x0047005c00000002 | 02 00 00 00 5c 00 47 00
stack at sp + 3 slots: 0x000002cb4a9b7a50 points into unknown readable memory: 0x0000000000000000 | 00 00 00 00 00 00 00 00
stack at sp + 4 slots: 0x000002cb4a9b7a90 points into unknown readable memory: 0x000000064c9eb0f8 | f8 b0 9e 4c 06 00 00 00
stack at sp + 5 slots: 0x000002cb4a9b7b38 points into unknown readable memory: 0x8000040032cc083c | 3c 08 cc 32 00 04 00 80
stack at sp + 6 slots: 0x00000000000000d8 is an unknown value
stack at sp + 7 slots: 0x000000e500000000 is an unknown value


Compiled method (n/a) 6273175 1565     n 0       jdk.internal.reflect.NativeConstructorAccessorImpl::newInstance0 (native)
 total in heap  [0x000002cacbee0690,0x000002cacbee0b38] = 1192
 relocation     [0x000002cacbee07f0,0x000002cacbee0828] = 56
 main code      [0x000002cacbee0840,0x000002cacbee0b38] = 760

[Constant Pool (empty)]

[MachCode]
[Entry Point]
  # {method} {0x000002caf30c3b58} 'newInstance0' '(Ljava/lang/reflect/Constructor;[Ljava/lang/Object;)Ljava/lang/Object;' in 'jdk/internal/reflect/NativeConstructorAccessorImpl'
  # parm0:    rdx:rdx   = 'java/lang/reflect/Constructor'
  # parm1:    r8:r8     = '[Ljava/lang/Object;'
  #           [sp+0x70]  (sp of caller)
  0x000002cacbee0840: 448b 5208 | 49bb 0000 | 00f3 ca02 | 0000 4d03 | d349 3bc2 | 0f84 0600 

  0x000002cacbee0858: ;   {runtime_call ic_miss_stub}
  0x000002cacbee0858: 0000 e921 | 0883 ff90 
[Verified Entry Point]
  0x000002cacbee0860: 8984 2400 | 90ff ff55 | 488b ec48 | 83ec 604c | 8944 2428 | 4983 f800 | 4c8d 4c24 | 284c 0f44 
  0x000002cacbee0880: 4c24 2848 | 8954 2420 | 4883 fa00 | 4c8d 4424 | 204c 0f44 

  0x000002cacbee0894: ;   {oop(a 'java/lang/Class'{0x0000000600585e00} = 'jdk/internal/reflect/NativeConstructorAccessorImpl')}
  0x000002cacbee0894: 4424 2049 | be00 5e58 | 0006 0000 | 004c 8974 | 2450 4c8d | 7424 5049 | 8bd6 c5f8 

  0x000002cacbee08b0: ;   {internal_word}
  0x000002cacbee08b0: 7749 baae | 08ee cbca | 0200 004d | 8997 a802 | 0000 4989 | a7a0 0200 

  0x000002cacbee08c8: ;   {external_word}
  0x000002cacbee08c8: 0049 ba8f | b9b3 0aff | 7f00 0041 | 803a 000f | 8452 0000 | 0052 4150 

  0x000002cacbee08e0: ;   {metadata({method} {0x000002caf30c3b58} 'newInstance0' '(Ljava/lang/reflect/Constructor;[Ljava/lang/Object;)Ljava/lang/Object;' in 'jdk/internal/reflect/NativeConstructorAccessorImpl')}
  0x000002cacbee08e0: 4151 48ba | 503b 0cf3 | ca02 0000 | 498b cf48 | 83ec 20f7 | c40f 0000 | 000f 841a | 0000 0048 
  0x000002cacbee0900: ;   {runtime_call}
  0x000002cacbee0900: 83ec 0849 | bad0 5e69 | 0aff 7f00 | 0041 ffd2 | 4883 c408 | e90d 0000 

  0x000002cacbee0918: ;   {runtime_call}
  0x000002cacbee0918: 0049 bad0 | 5e69 0aff | 7f00 0041 | ffd2 4883 | c420 4159 | 4158 5a49 | 8d8f c002 | 0000 41c7 
  0x000002cacbee0938: 8748 0300 | 0004 0000 

  0x000002cacbee0940: ;   {runtime_call}
  0x000002cacbee0940: 0049 ba80 | 3f73 8cff | 7f00 0041 | ffd2 c5f8 | 7741 c787 | 4803 0000 | 0500 0000 | f083 4424 
  0x000002cacbee0960: c000 493b | af50 0300 | 000f 8711 | 0000 0041 | 81bf 3803 | 0000 0000 | 0000 0f84 | 2c00 0000 
  0x000002cacbee0980: c5f8 7748 | 8945 f849 | 8bcf 4c8b | e448 83ec | 2048 83e4 

  0x000002cacbee0994: ;   {runtime_call}
  0x000002cacbee0994: f049 ba90 | 6c79 0aff | 7f00 0041 | ffd2 498b | e44d 33e4 | 488b 45f8 | 41c7 8748 | 0300 0008 
  0x000002cacbee09b4: 0000 0041 | 81bf b803 | 0000 0200 | 0000 0f84 | 3f01 0000 

  0x000002cacbee09c8: ;   {external_word}
  0x000002cacbee09c8: 49ba 8fb9 | b30a ff7f | 0000 4180 | 3a00 0f84 | 5000 0000 | 4889 45f8 

  0x000002cacbee09e0: ;   {metadata({method} {0x000002caf30c3b58} 'newInstance0' '(Ljava/lang/reflect/Constructor;[Ljava/lang/Object;)Ljava/lang/Object;' in 'jdk/internal/reflect/NativeConstructorAccessorImpl')}
  0x000002cacbee09e0: 48ba 503b | 0cf3 ca02 | 0000 498b | cf48 83ec | 20f7 c40f | 0000 000f | 841a 0000 | 0048 83ec 
  0x000002cacbee0a00: ;   {runtime_call}
  0x000002cacbee0a00: 0849 bad0 | 5e69 0aff | 7f00 0041 | ffd2 4883 | c408 e90d 

  0x000002cacbee0a14: ;   {runtime_call}
  0x000002cacbee0a14: 0000 0049 | bad0 5e69 | 0aff 7f00 | 0041 ffd2 | 4883 c420 | 488b 45f8 | 49c7 87a0 | 0200 0000 
  0x000002cacbee0a34: 0000 0049 | c787 a802 | 0000 0000 | 0000 c5f8 | 7748 85c0 | 0f84 9300 | 0000 48f7 | c001 0000 
  0x000002cacbee0a54: 000f 8483 | 0000 0048 | 8b40 ff41 | 807f 3800 | 0f84 6f00 | 0000 4883 | f800 0f84 | 6500 0000 
  0x000002cacbee0a74: 498b 4f20 | 4883 f900 | 0f84 1400 | 0000 4883 | e908 4989 | 4f20 4903 | 4f30 4889 | 01e9 4300 
  0x000002cacbee0a94: 0000 5049 | 8bd7 488b | c848 83ec | 20f7 c40f | 0000 000f | 841a 0000 | 0048 83ec 

  0x000002cacbee0ab0: ;   {runtime_call}
  0x000002cacbee0ab0: 0849 ba40 | d227 0aff | 7f00 0041 | ffd2 4883 | c408 e90d 

  0x000002cacbee0ac4: ;   {runtime_call}
  0x000002cacbee0ac4: 0000 0049 | ba40 d227 | 0aff 7f00 | 0041 ffd2 | 4883 c420 | 58e9 0300 | 0000 488b | 0049 8b8f 
  0x000002cacbee0ae4: d800 0000 | c781 0001 | 0000 0000 | 0000 c949 | 817f 0800 | 0000 000f | 8501 0000 

  0x000002cacbee0b00: ;   {runtime_call StubRoutines (1)}
  0x000002cacbee0b00: 00c3 e9f9 | 037e ffc5 | f877 4889 | 45f8 4c8b | e448 83ec | 2048 83e4 

  0x000002cacbee0b18: ;   {runtime_call}
  0x000002cacbee0b18: f049 ba90 | 8f69 0aff | 7f00 0041 | ffd2 498b | e44d 33e4 | 488b 45f8 | e993 feff | fff4 f4f4 
[/MachCode]


Compiled method (c2) 6273182 18095   !   4       jdk.internal.reflect.NativeConstructorAccessorImpl::newInstance (122 bytes)
 total in heap  [0x000002cacc889d10,0x000002cacc88a990] = 3200
 relocation     [0x000002cacc889e70,0x000002cacc889ed8] = 104
 main code      [0x000002cacc889ee0,0x000002cacc88a580] = 1696
 stub code      [0x000002cacc88a580,0x000002cacc88a5b8] = 56
 metadata       [0x000002cacc88a5b8,0x000002cacc88a5f8] = 64
 scopes data    [0x000002cacc88a5f8,0x000002cacc88a750] = 344
 scopes pcs     [0x000002cacc88a750,0x000002cacc88a8c0] = 368
 dependencies   [0x000002cacc88a8c0,0x000002cacc88a8d0] = 16
 handler table  [0x000002cacc88a8d0,0x000002cacc88a948] = 120
 nul chk table  [0x000002cacc88a948,0x000002cacc88a990] = 72

[Constant Pool (empty)]

[MachCode]
[Entry Point]
  # {method} {0x000002caf30c3668} 'newInstance' '([Ljava/lang/Object;)Ljava/lang/Object;' in 'jdk/internal/reflect/NativeConstructorAccessorImpl'
  # this:     rdx:rdx   = 'jdk/internal/reflect/NativeConstructorAccessorImpl'
  # parm0:    r8:r8     = '[Ljava/lang/Object;'
  #           [sp+0x80]  (sp of caller)
  0x000002cacc889ee0: 448b 5208 | 49bb 0000 | 00f3 ca02 | 0000 4d03 | d349 3bc2 

  0x000002cacc889ef4: ;   {runtime_call ic_miss_stub}
  0x000002cacc889ef4: 0f85 8671 | e8fe 6690 | 0f1f 4000 
[Verified Entry Point]
  0x000002cacc889f00: 8984 2400 | 90ff ff55 | 4883 ec70 | 4c89 4424 | 2848 8954 | 2450 448b | 5a14 448b | 520c 41ff 
  0x000002cacc889f20: c244 8952 

  0x000002cacc889f24: ;   {oop(a 'java/lang/Class'{0x0000000600594c98} = 'jdk/internal/reflect/ReflectionFactory')}
  0x000002cacc889f24: 0c49 b898 | 4c59 0006 | 0000 0045 | 8b40 7845 | 3bd0 7f27 | 498b d348 | c1e2 034c | 8b44 2428 
  0x000002cacc889f44: ;   {static_call}
  0x000002cacc889f44: 6666 90e8 

  0x000002cacc889f48: ; ImmutableOopMap {}
                      ;*invokestatic newInstance0 {reexecute=0 rethrow=0 return_oop=1}
                      ; - jdk.internal.reflect.NativeConstructorAccessorImpl::newInstance@118 (line 77)
  0x000002cacc889f48: 1469 65ff | 4883 c470 

  0x000002cacc889f50: ;   {poll_return}
  0x000002cacc889f50: 5d49 3ba7 | 5003 0000 | 0f87 f905 | 0000 c343 | 8b6c dc24 

  0x000002cacc889f64: ; implicit exception: dispatches to 0x000002cacc88a410
  0x000002cacc889f64: 4d8b 54ec | 104d 85d2 | 0f84 0604 | 0000 41b8 | 0000 0004 | 4523 82a4 | 0000 0045 | 85c0 0f85 
  0x000002cacc889f84: 3404 0000 | 8b6a 1085 | ed0f 8541 | 0400 0033 | c041 bb01 | 0000 00f0 | 440f b15a | 1040 0f94 
  0x000002cacc889fa4: c540 0fb6 | ed85 ed0f | 8444 0400 | 004d 8baf | 0801 0000 | 4d8b d549 | 81c2 9000 | 0000 4d3b 
  0x000002cacc889fc4: 9718 0100 | 000f 83ed | 0200 004d | 8997 0801 | 0000 498b | fd48 83c7 | 1049 c745 | 0001 0000 
  0x000002cacc889fe4: 0041 0f18 | 8200 0100 

  0x000002cacc889fec: ;   {metadata('jdk/internal/reflect/MethodAccessorGenerator')}
  0x000002cacc889fec: 0041 c745 | 0878 ce05 | 0145 8965 | 0cb9 0b00 | 0000 c5fd | efc0 e90d | 0000 00c5 | fe7f 07c5 
  0x000002cacc88a00c: fe7f 4720 | 4883 c740 | 4883 e908 | 7ded 4883 | c104 7c0c | c5fe 7f07 | 4883 c720 | 4883 e904 
  0x000002cacc88a02c: 4883 c104 | 7e10 48ff | c9c5 f9d6 | 0748 83c7 | 0848 ffc9 | 7df3 4d89 | 6570 4d89 | 6578 4d89 
  0x000002cacc88a04c: a580 0000 | 004d 89a5 | 8800 0000 | 49ba 0000 | 1e00 4900 | 0000 4d89 | 5568 4c8b | 5424 5045 
  0x000002cacc88a06c: 8b52 1447 | 8b5c d428 | 438b 5cd4 | 2447 8b4c | dc0c 4b8d | 2cdc 4d63 | c149 c1e0 | 0249 83c0 
  0x000002cacc88a08c: 1749 83e0 | f841 81f9 | 0000 0400 | 0f87 3a02 | 0000 498b | bf08 0100 | 004c 8bd7 | 4d03 d04d 
  0x000002cacc88a0ac: 3b97 1801 | 0000 0f83 | 2002 0000 | 4d89 9708 | 0100 0041 | 0f18 8200 | 0100 0048 | c707 0100 
  0x000002cacc88a0cc: 0000 410f | 1882 4001 

  0x000002cacc88a0d4: ;   {metadata('java/lang/Class'[])}
  0x000002cacc88a0d4: 0000 c747 | 0878 1c00 | 0044 894f | 0c41 0f18 | 8280 0100 | 004b 8d4c | dc10 488b | d748 83c2 
  0x000002cacc88a0f4: 1049 83c0 | f049 c1e8 | 0349 bae0 | 796f cbca | 0200 0041 | ffd2 4c8b | 5424 5045 | 8b5a 1447 
  0x000002cacc88a114: 8b54 dc2c 

  0x000002cacc88a118: ; implicit exception: dispatches to 0x000002cacc88a48c
  0x000002cacc88a118: 478b 5cd4 | 0c4b 8d2c | d44d 63c3 | 49c1 e002 | 4983 c017 | 4983 e0f8 | 4181 fb00 | 0004 000f 
  0x000002cacc88a138: 87e6 0100 | 004d 8bb7 | 0801 0000 | 4d8b ce4d | 03c8 4d3b | 8f18 0100 | 000f 83cc | 0100 004d 
  0x000002cacc88a158: 898f 0801 | 0000 410f | 1881 0001 | 0000 49c7 | 0601 0000 | 0041 0f18 | 8140 0100 

  0x000002cacc88a174: ;   {metadata('java/lang/Class'[])}
  0x000002cacc88a174: 0041 c746 | 0878 1c00 | 0045 895e | 0c41 0f18 | 8180 0100 | 004b 8d4c | d410 498b | d648 83c2 
  0x000002cacc88a194: 1049 83c0 | f049 c1e8 | 0349 bae0 | 796f cbca | 0200 0041 | ffd2 4c8b | 5424 5045 | 8b52 1443 
  0x000002cacc88a1b4: 8b74 d420 | 4c8b c349 | c1e0 0349 | 8bd5 4c8b | cf49 8bfe | 488b 6c24 

  0x000002cacc88a1cc: ;   {optimized virtual_call}
  0x000002cacc88a1cc: 5066 90e8 

  0x000002cacc88a1d0: ; ImmutableOopMap {rbp=Oop [40]=Oop [80]=Oop }
                      ;*invokevirtual generateConstructor {reexecute=0 rethrow=0 return_oop=1}
                      ; - jdk.internal.reflect.NativeConstructorAccessorImpl::newInstance@87 (line 65)
  0x000002cacc88a1d0: 8c7b 6ff1 | 488b d844 

  0x000002cacc88a1d8: ;   {metadata('jdk/internal/reflect/ConstructorAccessorImpl')}
  0x000002cacc88a1d8: 8b50 0849 | bbd8 a800 | f3ca 0200 | 0049 b800 | 0000 f3ca | 0200 004d | 03c2 4d8b | 5040 4d3b 
  0x000002cacc88a1f8: d30f 85a1 | 0100 008b | 7518 85f6 | 0f84 7a01 | 0000 4180 | 7f38 0075 | 3e4c 8bdb | 49c1 eb03 
  0x000002cacc88a218: 4589 5cf4 | 0c4d 8d14 | f44c 8bdb | 4d33 da49 | c1eb 164d | 85db 7416 | 49c1 ea09 | 48b9 0000 
  0x000002cacc88a238: c7da ca02 | 0000 4903 | ca80 3904 | 753a 448b | 5d14 e9e9 | fcff ff45 | 8b5c f40c | 4585 db74 
  0x000002cacc88a258: b84d 8b57 | 2049 8bcb | 48c1 e103 | 4d85 d20f | 8473 0100 | 004d 8b5f | 304b 894c | 13f8 4983 
  0x000002cacc88a278: c2f8 4d89 | 5720 eb91 | 4d8b 5740 | 4d8b 5f50 | f083 4424 | c000 8039 | 0074 b344 | 8821 4d85 
  0x000002cacc88a298: d275 1249 | 8bd7 49ba | 20d2 270a | ff7f 0000 | 41ff d2eb | 994b 894c | 13f8 4983 | c2f8 4d89 
  0x000002cacc88a2b8: 5740 eb8a 

  0x000002cacc88a2bc: ;   {metadata('jdk/internal/reflect/MethodAccessorGenerator')}
  0x000002cacc88a2bc: 48ba 78ce | 05f4 ca02 | 0000 488b 

  0x000002cacc88a2c8: ;   {runtime_call _new_instance_Java}
  0x000002cacc88a2c8: 6c24 50e8 

  0x000002cacc88a2cc: ; ImmutableOopMap {rbp=Oop [40]=Oop [80]=Oop }
                      ;*new {reexecute=0 rethrow=0 return_oop=1}
                      ; - jdk.internal.reflect.NativeConstructorAccessorImpl::newInstance@52 (line 63)
  0x000002cacc88a2cc: 3075 f3fe | 4c8b e8e9 | 80fd ffff | 4c89 4424 | 4089 5c24 | 3c44 895c | 2438 4c89 | 6c24 3048 
  0x000002cacc88a2ec: ff74 2450 | 488f 4424 

  0x000002cacc88a2f4: ;   {metadata('java/lang/Class'[])}
  0x000002cacc88a2f4: 2048 ba78 | 1c00 f3ca | 0200 0045 

  0x000002cacc88a300: ;   {runtime_call _new_array_Java}
  0x000002cacc88a300: 8bc1 90e8 

  0x000002cacc88a304: ; ImmutableOopMap {rbp=Oop [32]=Oop [40]=Oop [48]=Oop [56]=NarrowOop [60]=NarrowOop [80]=Oop }
                      ;*invokevirtual clone {reexecute=1 rethrow=0 return_oop=1}
                      ; - (reexecute) java.lang.reflect.Constructor::getParameterTypes@4 (line 264)
                      ; - jdk.internal.reflect.NativeConstructorAccessorImpl::newInstance@70 (line 66)
  0x000002cacc88a304: f877 f3fe | 4c8b 6c24 | 3044 8b5c | 2438 8b5c | 243c 4c8b | 4424 4048 | 8bf8 e9c6 | fdff ff4c 
  0x000002cacc88a324: 8944 2448 | 4489 5424 | 3c48 897c | 2440 895c | 2438 4c89 | 6c24 3048 | ff74 2450 | 488f 4424 
  0x000002cacc88a344: ;   {metadata('java/lang/Class'[])}
  0x000002cacc88a344: 2048 ba78 | 1c00 f3ca | 0200 0045 

  0x000002cacc88a350: ;   {runtime_call _new_array_Java}
  0x000002cacc88a350: 8bc3 90e8 

  0x000002cacc88a354: ; ImmutableOopMap {rbp=Oop [32]=Oop [40]=Oop [48]=Oop [56]=NarrowOop [60]=NarrowOop [64]=Oop [80]=Oop }
                      ;*invokevirtual clone {reexecute=1 rethrow=0 return_oop=1}
                      ; - (reexecute) java.lang.reflect.Constructor::getExceptionTypes@4 (line 290)
                      ; - jdk.internal.reflect.NativeConstructorAccessorImpl::newInstance@77 (line 67)
  0x000002cacc88a354: a877 f3fe | 4c8b 6c24 | 308b 5c24 | 3848 8b7c | 2440 448b | 5424 3c4c | 8b44 2448 | 4c8b f0e9 
  0x000002cacc88a374: 11fe ffff | baf4 ffff 

  0x000002cacc88a37c: ;   {runtime_call UncommonTrapBlob}
  0x000002cacc88a37c: ff66 90e8 

  0x000002cacc88a380: ; ImmutableOopMap {rbp=NarrowOop [40]=Oop [80]=Oop }
                      ;*invokevirtual isHidden {reexecute=0 rethrow=0 return_oop=0}
                      ; - jdk.internal.reflect.NativeConstructorAccessorImpl::newInstance@24 (line 59)
  0x000002cacc88a380: 7cc5 e8fe | baf6 ffff | ff4c 8b54 | 2428 4c89 | 5424 2048 | 895c 2428 

  0x000002cacc88a398: ;   {runtime_call UncommonTrapBlob}
  0x000002cacc88a398: 6666 90e8 

  0x000002cacc88a39c: ; ImmutableOopMap {rbp=Oop [32]=Oop [40]=Oop }
                      ;*invokevirtual setDelegate {reexecute=0 rethrow=0 return_oop=0}
                      ; - jdk.internal.reflect.NativeConstructorAccessorImpl::newInstance@99 (line 69)
  0x000002cacc88a39c: 60c5 e8fe | bade ffff | ff4c 8b54 | 2428 4c89 | 5424 2048 | 8944 2428 

  0x000002cacc88a3b4: ;   {runtime_call UncommonTrapBlob}
  0x000002cacc88a3b4: 6666 90e8 

  0x000002cacc88a3b8: ; ImmutableOopMap {rbp=Oop [32]=Oop [40]=Oop }
                      ;*checkcast {reexecute=0 rethrow=0 return_oop=0}
                      ; - jdk.internal.reflect.NativeConstructorAccessorImpl::newInstance@90 (line 65)
  0x000002cacc88a3b8: 44c5 e8fe | 4585 c040 | 0f95 c540 | 0fb6 edba | 45ff ffff 

  0x000002cacc88a3cc: ;   {runtime_call UncommonTrapBlob}
  0x000002cacc88a3cc: 6666 90e8 

  0x000002cacc88a3d0: ; ImmutableOopMap {[40]=Oop [80]=Oop }
                      ;*ifne {reexecute=1 rethrow=0 return_oop=0}
                      ; - (reexecute) jdk.internal.reflect.NativeConstructorAccessorImpl::newInstance@27 (line 59)
  0x000002cacc88a3d0: 2cc5 e8fe | ba45 ffff 

  0x000002cacc88a3d8: ;   {runtime_call UncommonTrapBlob}
  0x000002cacc88a3d8: ff66 90e8 

  0x000002cacc88a3dc: ; ImmutableOopMap {[40]=Oop [80]=Oop }
                      ;*ifne {reexecute=1 rethrow=0 return_oop=0}
                      ; - (reexecute) jdk.internal.reflect.NativeConstructorAccessorImpl::newInstance@34 (line 59)
  0x000002cacc88a3dc: 20c5 e8fe | 498b d749 | ba40 d227 | 0aff 7f00 | 0041 ffd2 | e91c feff | ffba 45ff 

  0x000002cacc88a3f8: ;   {runtime_call UncommonTrapBlob}
  0x000002cacc88a3f8: ffff 90e8 

  0x000002cacc88a3fc: ; ImmutableOopMap {[40]=Oop [80]=Oop }
                      ;*ifeq {reexecute=1 rethrow=0 return_oop=0}
                      ; - (reexecute) jdk.internal.reflect.NativeConstructorAccessorImpl::newInstance@49 (line 61)
  0x000002cacc88a3fc: 00c5 e8fe | baf6 ffff | ff48 8b6c 

  0x000002cacc88a408: ;   {runtime_call UncommonTrapBlob}
  0x000002cacc88a408: 2450 90e8 

  0x000002cacc88a40c: ; ImmutableOopMap {rbp=Oop [40]=Oop }
                      ;*invokevirtual getDeclaringClass {reexecute=0 rethrow=0 return_oop=0}
                      ; - jdk.internal.reflect.NativeConstructorAccessorImpl::newInstance@21 (line 59)
  0x000002cacc88a40c: f0c4 e8fe | baf6 ffff | ff48 8b6c 

  0x000002cacc88a418: ;   {runtime_call UncommonTrapBlob}
  0x000002cacc88a418: 2450 90e8 

  0x000002cacc88a41c: ; ImmutableOopMap {rbp=Oop [40]=Oop }
                      ;*invokevirtual isHidden {reexecute=0 rethrow=0 return_oop=0}
                      ; - jdk.internal.reflect.NativeConstructorAccessorImpl::newInstance@24 (line 59)
  0x000002cacc88a41c: e0c4 e8fe | baf6 ffff | ff48 8b6c | 2450 4c8b | 5424 284c | 8954 2420 | 4c89 6c24 

  0x000002cacc88a438: ;   {runtime_call UncommonTrapBlob}
  0x000002cacc88a438: 2866 90e8 

  0x000002cacc88a43c: ; ImmutableOopMap {rbp=Oop [32]=Oop [40]=Oop }
                      ;*invokevirtual getDeclaringClass {reexecute=0 rethrow=0 return_oop=0}
                      ; - jdk.internal.reflect.NativeConstructorAccessorImpl::newInstance@63 (line 65)
  0x000002cacc88a43c: c0c4 e8fe | baf6 ffff | ff48 8b6c | 2450 4c8b | 5424 284c | 8954 2420 | 4c89 6c24 | 2889 5c24 
  0x000002cacc88a45c: ;   {runtime_call UncommonTrapBlob}
  0x000002cacc88a45c: 3066 90e8 

  0x000002cacc88a460: ; ImmutableOopMap {rbp=Oop [32]=Oop [40]=Oop [48]=NarrowOop }
                      ;*invokevirtual clone {reexecute=1 rethrow=0 return_oop=0}
                      ; - (reexecute) java.lang.reflect.Constructor::getParameterTypes@4 (line 264)
                      ; - jdk.internal.reflect.NativeConstructorAccessorImpl::newInstance@70 (line 66)
  0x000002cacc88a460: 9cc4 e8fe | baf6 ffff | ff48 8b6c | 2450 4c8b | 5424 284c | 8954 2420 | 4c89 6c24 | 2889 5c24 
  0x000002cacc88a480: 3048 897c 

  0x000002cacc88a484: ;   {runtime_call UncommonTrapBlob}
  0x000002cacc88a484: 2438 90e8 

  0x000002cacc88a488: ; ImmutableOopMap {rbp=Oop [32]=Oop [40]=Oop [48]=NarrowOop [56]=Oop }
                      ;*invokevirtual getExceptionTypes {reexecute=0 rethrow=0 return_oop=0}
                      ; - jdk.internal.reflect.NativeConstructorAccessorImpl::newInstance@77 (line 67)
  0x000002cacc88a488: 74c4 e8fe | baf6 ffff | ff48 8b6c | 2450 4c8b | 5424 284c | 8954 2420 | 4c89 6c24 | 2889 5c24 
  0x000002cacc88a4a8: 3048 897c 

  0x000002cacc88a4ac: ;   {runtime_call UncommonTrapBlob}
  0x000002cacc88a4ac: 2438 90e8 

  0x000002cacc88a4b0: ; ImmutableOopMap {rbp=Oop [32]=Oop [40]=Oop [48]=NarrowOop [56]=Oop }
                      ;*invokevirtual clone {reexecute=1 rethrow=0 return_oop=0}
                      ; - (reexecute) java.lang.reflect.Constructor::getExceptionTypes@4 (line 290)
                      ; - jdk.internal.reflect.NativeConstructorAccessorImpl::newInstance@77 (line 67)
  0x000002cacc88a4b0: 4cc4 e8fe | baf6 ffff | ff48 8b6c | 2450 4c8b | 5424 284c | 8954 2420 | 4c89 6c24 | 2889 5c24 
  0x000002cacc88a4d0: 3048 897c | 2438 4c89 

  0x000002cacc88a4d8: ;   {runtime_call UncommonTrapBlob}
  0x000002cacc88a4d8: 7424 40e8 

  0x000002cacc88a4dc: ; ImmutableOopMap {rbp=Oop [32]=Oop [40]=Oop [48]=NarrowOop [56]=Oop [64]=Oop }
                      ;*invokevirtual getModifiers {reexecute=0 rethrow=0 return_oop=0}
                      ; - jdk.internal.reflect.NativeConstructorAccessorImpl::newInstance@84 (line 68)
  0x000002cacc88a4dc: 20c4 e8fe | baf4 ffff 

  0x000002cacc88a4e4: ;   {runtime_call UncommonTrapBlob}
  0x000002cacc88a4e4: ff66 90e8 

  0x000002cacc88a4e8: ; ImmutableOopMap {rbp=Oop [40]=Oop }
                      ;*checkcast {reexecute=0 rethrow=0 return_oop=0}
                      ; - jdk.internal.reflect.NativeConstructorAccessorImpl::newInstance@90 (line 65)
  0x000002cacc88a4e8: 14c4 e8fe | ba97 ffff | ff48 8b6c | 2420 4c8b | 5424 284c | 8954 2420 | 4c8b 5424 | 304c 8954 
  0x000002cacc88a508: ;   {runtime_call UncommonTrapBlob}
  0x000002cacc88a508: 2428 90e8 

  0x000002cacc88a50c: ; ImmutableOopMap {rbp=Oop [32]=Oop [40]=Oop [56]=NarrowOop [60]=NarrowOop }
                      ;*invokevirtual clone {reexecute=1 rethrow=0 return_oop=0}
                      ; - (reexecute) java.lang.reflect.Constructor::getParameterTypes@4 (line 264)
                      ; - jdk.internal.reflect.NativeConstructorAccessorImpl::newInstance@70 (line 66)
  0x000002cacc88a50c: f0c3 e8fe | ba97 ffff | ff48 8b6c | 2420 4c8b | 5424 284c | 8954 2420 | 4c8b 5424 | 304c 8954 
  0x000002cacc88a52c: ;   {runtime_call UncommonTrapBlob}
  0x000002cacc88a52c: 2428 90e8 

  0x000002cacc88a530: ; ImmutableOopMap {rbp=Oop [32]=Oop [40]=Oop [56]=NarrowOop [60]=NarrowOop [64]=Oop }
                      ;*invokevirtual clone {reexecute=1 rethrow=0 return_oop=0}
                      ; - (reexecute) java.lang.reflect.Constructor::getExceptionTypes@4 (line 290)
                      ; - jdk.internal.reflect.NativeConstructorAccessorImpl::newInstance@77 (line 67)
  0x000002cacc88a530: ccc3 e8fe | eb00 4c8b | 5424 5045 | 8962 10f0 | 8344 24c0 | 0048 8bd0 | eb03 488b | d048 83c4 
  0x000002cacc88a550: ;   {runtime_call _rethrow_Java}
  0x000002cacc88a550: 705d e929 

  0x000002cacc88a554: ;   {internal_word}
  0x000002cacc88a554: 44f3 fe49 | ba51 9f88 | ccca 0200 | 004d 8997 | 6803 0000 

  0x000002cacc88a568: ;   {runtime_call SafepointBlob}
  0x000002cacc88a568: e993 d4e8 | fef4 f4f4 | f4f4 f4f4 | f4f4 f4f4 | f4f4 f4f4 | f4f4 f4f4 
[Stub Code]
  0x000002cacc88a580: ;   {no_reloc}
  0x000002cacc88a580: 48bb 0000 | 0000 0000 

  0x000002cacc88a588: ;   {runtime_call}
  0x000002cacc88a588: 0000 e9fb 

  0x000002cacc88a58c: ;   {static_stub}
  0x000002cacc88a58c: ffff ff48 | bb88 2818 | 35cb 0200 

  0x000002cacc88a598: ;   {runtime_call I2C/C2I adapters}
  0x000002cacc88a598: 00e9 caa2 

  0x000002cacc88a59c: ;   {runtime_call ExceptionBlob}
  0x000002cacc88a59c: e6fe e9dd | bbf2 fee8 | 0000 0000 | 4883 2c24 

  0x000002cacc88a5ac: ;   {runtime_call DeoptimizationBlob}
  0x000002cacc88a5ac: 05e9 eec6 | e8fe f4f4 | f4f4 f4f4 
[/MachCode]


Compiled method (c2) 6273192 18630       4       java.lang.reflect.Constructor::newInstanceWithCaller (75 bytes)
 total in heap  [0x000002cacbfb8b10,0x000002cacbfbde90] = 21376
 relocation     [0x000002cacbfb8c70,0x000002cacbfb8e90] = 544
 main code      [0x000002cacbfb8ea0,0x000002cacbfbbf60] = 12480
 stub code      [0x000002cacbfbbf60,0x000002cacbfbc078] = 280
 oops           [0x000002cacbfbc078,0x000002cacbfbc0a0] = 40
 metadata       [0x000002cacbfbc0a0,0x000002cacbfbc2a8] = 520
 scopes data    [0x000002cacbfbc2a8,0x000002cacbfbd5b0] = 4872
 scopes pcs     [0x000002cacbfbd5b0,0x000002cacbfbdb80] = 1488
 dependencies   [0x000002cacbfbdb80,0x000002cacbfbdbb0] = 48
 handler table  [0x000002cacbfbdbb0,0x000002cacbfbde20] = 624
 nul chk table  [0x000002cacbfbde20,0x000002cacbfbde90] = 112

[Constant Pool (empty)]

[MachCode]
[Entry Point]
  # {method} {0x000002caf3054820} 'newInstanceWithCaller' '([Ljava/lang/Object;ZLjava/lang/Class;)Ljava/lang/Object;' in 'java/lang/reflect/Constructor'
  # this:     rdx:rdx   = 'java/lang/reflect/Constructor'
  # parm0:    r8:r8     = '[Ljava/lang/Object;'
  # parm1:    r9        = boolean
  # parm2:    rdi:rdi   = 'java/lang/Class'
  #           [sp+0x110]  (sp of caller)
  0x000002cacbfb8ea0: 448b 5208 | 49bb 0000 | 00f3 ca02 | 0000 4d03 | d349 3bc2 

  0x000002cacbfb8eb4: ;   {runtime_call ic_miss_stub}
  0x000002cacbfb8eb4: 0f85 c681 | 75ff 6690 | 0f1f 4000 
[Verified Entry Point]
  0x000002cacbfb8ec0: 8984 2400 | 90ff ff55 | 4881 ec00 | 0100 004c | 8944 2428 | 4889 7c24 | 5048 8994 | 2498 0000 
  0x000002cacbfb8ee0: 0044 8b52 | 2445 85c9 | 0f85 a300 | 0000 4585 | d20f 84a0 | 0200 0049 | bb00 00c7 | daca 0200 
  0x000002cacbfb8f00: 004c 899c | 24b0 0000 | 004f 8b5c | d410 4d85 | db0f 84a6 | 2000 0041 | b800 4000 | 0045 2343 
  0x000002cacbfb8f20: 1045 85c0 | 0f85 b421 | 0000 4c8b | 9424 9800 | 0000 458b | 5240 4585 | d20f 842d | 0400 004b 
  0x000002cacbfb8f40: 8d1c d444 

  0x000002cacbfb8f44: ;   {metadata('jdk/internal/reflect/DelegatingConstructorAccessorImpl')}
  0x000002cacbfb8f44: 8b5b 0841 | 81fb 08ad | 0000 0f85 | 0e05 0000 | 448b 5b0c | 498b d348 | c1e2 034c | 8b44 2428 
  0x000002cacbfb8f64: 6690 c5f8 | 7748 b8ff | ffff ffff 

  0x000002cacbfb8f70: ;   {virtual_call}
  0x000002cacbfb8f70: ffff ffe8 

  0x000002cacbfb8f74: ; ImmutableOopMap {}
                      ;*invokevirtual newInstance {reexecute=0 rethrow=0 return_oop=1}
                      ; - jdk.internal.reflect.DelegatingConstructorAccessorImpl::newInstance@5 (line 45)
                      ; - java.lang.reflect.Constructor::newInstanceWithCaller@65 (line 500)
  0x000002cacbfb8f74: 1080 80ff | c5f8 7748 | 81c4 0001 

  0x000002cacbfb8f80: ;   {poll_return}
  0x000002cacbfb8f80: 0000 5d49 | 3ba7 5003 | 0000 0f87 | b42f 0000 | c34d 8bda | 49c1 e303 | c4c1 f96e | c3c4 c1f9 
  0x000002cacbfb8fa0: 7ec0 493b | f80f 8443 | 1200 0044 | 8b72 2041 | 8bf6 83e6 | 0485 f641 | 0f95 c045 | 0fb6 c0c4 
  0x000002cacbfb8fc0: c179 6ec8 | 4585 d20f | 84f6 1000 | 0085 f60f | 857e 2300 | 004f 8d1c | d4c4 c1f9 | 6ed3 8b6a 
  0x000002cacbfb8fe0: 1085 ed74 | 2745 8b5c 

  0x000002cacbfb8fe8: ;   {metadata('java/lang/ref/WeakReference')}
  0x000002cacbfb8fe8: ec08 4181 | fbd0 ab04 | 000f 85d9 | 2c00 004d | 8d1c ec45 | 8b5b 0c49 | c1e3 034c | 3bdf 0f84 
  0x000002cacbfb9008: 6401 0000 

  0x000002cacbfb900c: ; implicit exception: dispatches to 0x000002cacbfbbdac
  0x000002cacbfb900c: 448b 5f30 | c4c1 f97e | d045 8b48 | 30c4 e1f9 | 7ed1 483b | f90f 8445 | 1900 0048 | 8b41 1045 
  0x000002cacbfb902c: 3bd9 0f85 | be04 0000 | 4533 ed49 | bb00 00c7 | daca 0200 | 004c 899c | 24b0 0000 | 0048 85c0 
  0x000002cacbfb904c: 0f84 7422 | 0000 41b8 | 0100 0000 | 4485 80a4 | 0000 000f | 844c 1600 | 0045 33c0 | 418b ee83 
  0x000002cacbfb906c: e501 85ed | 0f84 4e24 | 0000 85f6 | 0f85 0e24 | 0000 498b | bf08 0100 | 004c 8bd7 | 4983 c220 
  0x000002cacbfb908c: 4d3b 9718 | 0100 000f | 83ef 1c00 | 004d 8997 | 0801 0000 | 410f 1882 | 0001 0000 | 48c7 0701 
  0x000002cacbfb90ac: ;   {metadata('java/lang/ref/WeakReference')}
  0x000002cacbfb90ac: 0000 00c7 | 4708 d0ab | 0400 4c89 | 6710 4c89 | 6718 4c8b | 5424 504d | 8bda 49c1 | eb03 4489 
  0x000002cacbfb90cc: 5f0c 4180 | 7f38 000f | 858a 1400 

  0x000002cacbfb90d8: ;   {oop(a 'java/lang/ref/ReferenceQueue$Null'{0x0000000600484bb8})}
  0x000002cacbfb90d8: 00c7 4710 | 7709 09c0 | 4c8b d748 | 8bdf 48c1 

  0x000002cacbfb90e8: ;   {oop(a 'java/lang/ref/ReferenceQueue$Null'{0x0000000600484bb8})}
  0x000002cacbfb90e8: eb03 49bb | b84b 4800 | 0600 0000 | 4d33 da49 | c1eb 164d | 85db 741a | 49c1 ea09 | 48b9 0000 
  0x000002cacbfb9108: c7da ca02 | 0000 4903 | ca80 3904 | 0f85 8014 | 0000 f083 | 4424 c000 | 4180 7f38 | 000f 85f9 
  0x000002cacbfb9128: 1300 004c | 8b94 2498 | 0000 0041 | 895a 104c | 8bd7 4c8b | 9c24 9800 | 0000 4d33 | d349 c1ea 
  0x000002cacbfb9148: 164d 85d2 | 741a 49c1 | eb09 48b9 | 0000 c7da | ca02 0000 | 4903 cb80 | 3904 0f85 | 7b14 0000 
  0x000002cacbfb9168: f083 4424 | c000 eb12 | 49ba 0000 | c7da ca02 | 0000 4c89 | 9424 b000 | 0000 4c8b | 9424 9800 
  0x000002cacbfb9188: 0000 458b | 5224 4585 | d20f 8572 | fdff ffba | f6ff ffff 

  0x000002cacbfb919c: ;   {runtime_call UncommonTrapBlob}
  0x000002cacbfb919c: c5f8 77e8 

  0x000002cacbfb91a0: ; ImmutableOopMap {}
                      ;*invokevirtual getModifiers {reexecute=0 rethrow=0 return_oop=0}
                      ; - java.lang.reflect.Constructor::newInstanceWithCaller@25 (line 492)
  0x000002cacbfb91a0: 5cd7 75ff | 660f 1f44 | 0000 660f | 1f44 0000 | 33c9 4d8b | 9f58 0300 

  0x000002cacbfb91b8: ; ImmutableOopMap {r10=Oop r8=Oop rcx=Oop [40]=Oop [48]=NarrowOop [152]=Oop }
                      ;*goto {reexecute=1 rethrow=0 return_oop=0}
                      ; - (reexecute) jdk.internal.reflect.Reflection::isSubclassOf@16 (line 264)
                      ; - jdk.internal.reflect.ReflectionFactory::newConstructorAccessor@66 (line 243)
                      ; - java.lang.reflect.Constructor::acquireConstructorAccessor@33 (line 542)
                      ; - java.lang.reflect.Constructor::newInstanceWithCaller@57 (line 497)
                      ;   {poll}
  0x000002cacbfb91b8: 0041 8503 | 4885 c90f | 8556 0200 | 0041 0fb6 | 687d 85ed | 0f85 7222 | 0000 498b | af08 0100 
  0x000002cacbfb91d8: 004c 8bd5 | 4983 c220 | 4d3b 9718 | 0100 000f | 83ee 1700 | 004d 8997 | 0801 0000 | 410f 1882 
  0x000002cacbfb91f8: 0001 0000 | 48c7 4500 | 0100 0000 

  0x000002cacbfb9204: ;   {metadata('jdk/internal/reflect/NativeConstructorAccessorImpl')}
  0x000002cacbfb9204: c745 0830 | 340c 0044 | 8965 0c4c | 8965 104c | 8965 1844 | 8b54 2430 | 4489 5514 | 498b 8708 
  0x000002cacbfb9224: 0100 004c | 8bd0 4983 | c210 4d3b | 9718 0100 | 000f 83c1 | 1700 004d | 8997 0801 | 0000 410f 
  0x000002cacbfb9244: 1882 0001 | 0000 48c7 | 0001 0000 

  0x000002cacbfb9250: ;   {metadata('jdk/internal/reflect/DelegatingConstructorAccessorImpl')}
  0x000002cacbfb9250: 00c7 4008 | 08ad 0000 | 4c8b dd49 | c1eb 0344 | 8958 0c48 | 8bd8 4c8b | d54c 8bc0 | 49c1 e803 
  0x000002cacbfb9270: 4489 4518 | 4c8b d84d | 33da 49c1 | eb16 4d85 | db74 1a49 | c1ea 0948 | b900 00c7 | daca 0200 
  0x000002cacbfb9290: 0049 03ca | 8039 040f | 85f0 0f00 | 0048 8beb | 4180 7f38 | 000f 855a | 0f00 004c | 8b94 2498 
  0x000002cacbfb92b0: 0000 0048 | 8bfd 48c1 | ef03 4c8b | 9c24 9800 | 0000 4189 | 7b40 4c8b | dd4d 33da | 49c1 eb16 
  0x000002cacbfb92d0: 4d85 db74 | 1a49 c1ea | 0948 b900 | 00c7 daca | 0200 0049 | 03ca 8039 | 040f 8555 | 0f00 00f0 
  0x000002cacbfb92f0: 8344 24c0 | 004c 8b94 | 2498 0000 | 0041 8b72 | 4485 f674 | 5f41 807f | 3800 0f85 | 1c13 0000 
  0x000002cacbfb9310: 4189 7cf4 | 404d 8d14 | f44c 8bdd | 4d33 da49 | c1eb 164d | 85db 741c | 49c1 ea09 | 4c8b 9c24 
  0x000002cacbfb9330: b000 0000 | 4d03 da4d | 8bd3 4180 | 3b04 0f85 | 2013 0000 | f083 4424 | c000 458b | 5cf4 4445 
  0x000002cacbfb9350: 85db 7410 | 4b8d 14dc | 4c8b c590 

  0x000002cacbfb935c: ;   {optimized virtual_call}
  0x000002cacbfb935c: c5f8 77e8 

  0x000002cacbfb9360: ; ImmutableOopMap {rbp=Oop [40]=Oop }
                      ;*invokevirtual setConstructorAccessor {reexecute=0 rethrow=0 return_oop=0}
                      ; - java.lang.reflect.Constructor::setConstructorAccessor@17 (line 561)
                      ; - java.lang.reflect.Constructor::setConstructorAccessor@17 (line 561)
                      ; - java.lang.reflect.Constructor::acquireConstructorAccessor@39 (line 543)
                      ; - java.lang.reflect.Constructor::newInstanceWithCaller@57 (line 497)
  0x000002cacbfb9360: 1c80 75ff | 488b dde9 | d7fb ffff | 4c8b 9424 | 9800 0000 | 418b 6a44 

  0x000002cacbfb9378: ; implicit exception: dispatches to 0x000002cacbfbbd94
  0x000002cacbfb9378: 418b 5cec | 4085 db0f | 854b 0d00 

  0x000002cacbfb9384: ;   {oop(a 'java/lang/Class'{0x0000000600594c98} = 'jdk/internal/reflect/ReflectionFactory')}
  0x000002cacbfb9384: 0049 b898 | 4c59 0006 | 0000 0041 | 0fb6 687c | 85ed 0f84 | 4f20 0000 | 458b 4a24 

  0x000002cacbfb93a0: ; implicit exception: dispatches to 0x000002cacbfbbd74
  0x000002cacbfb93a0: 4f8b 54cc | 104d 85d2 | 0f84 3e1e | 0000 41bb | 0004 0000 | 4523 5a10 | 4585 db0f | 8543 2000 
  0x000002cacbfb93c0: ;   {oop(a 'java/lang/Class'{0x000000060048d500} = 'java/lang/Class')}
  0x000002cacbfb93c0: 0041 81f9 | a01a 09c0 | 0f84 5e20 

  0x000002cacbfb93cc: ;   {oop(a 'jdk/internal/reflect/ReflectionFactory'{0x00000006004c31c8})}
  0x000002cacbfb93cc: 0000 49ba | c831 4c00 | 0600 0000 | 418b 6a0c 

  0x000002cacbfb93dc: ; implicit exception: dispatches to 0x000002cacbfbbd84
  0x000002cacbfb93dc: 458b 54ec 

  0x000002cacbfb93e0: ;   {metadata('java/lang/reflect/ReflectAccess')}
  0x000002cacbfb93e0: 0841 81fa | f833 0100 | 0f85 2e1e | 0000 4c8b | 9424 9800 | 0000 458b | 5244 4489 | 5424 3045 
  0x000002cacbfb9400: 85d2 0f84 | fc1d 0000 | 4b8d 0ccc 

  0x000002cacbfb940c: ;   {oop(a 'java/lang/Class'{0x000000060047d258} = 'jdk/internal/reflect/ConstructorAccessorImpl')}
  0x000002cacbfb940c: 49ba 58d2 | 4700 0600 | 0000 bb00 | 0200 0049 | 3bca 7461 | 4c8b 5910 

  0x000002cacbfb9424: ; implicit exception: dispatches to 0x000002cacbfbbd50
  0x000002cacbfb9424: 458b 4b08 | 4185 9ba4 | 0000 000f | 857b fdff | ff45 85c9 | 7c19 4d8b | 5b78 4d85 | db0f 8469 
  0x000002cacbfb9444: fdff ff4d | 8b5b 7049 | 8b0b e95f 

  0x000002cacbfb9450: ;   {oop(a 'java/lang/Class'{0x00000006004830d8} = 'java/lang/Object')}
  0x000002cacbfb9450: fdff ff48 | b9d8 3048 | 0006 0000 | 00e9 50fd | ffff 488b | d34c 8b44 | 2428 c5f8 | 7748 b880 
  0x000002cacbfb9470: 4e74 45cb 

  0x000002cacbfb9474: ;   {virtual_call}
  0x000002cacbfb9474: 0200 00e8 

  0x000002cacbfb9478: ; ImmutableOopMap {}
                      ;*invokeinterface newInstance {reexecute=0 rethrow=0 return_oop=1}
                      ; - java.lang.reflect.Constructor::newInstanceWithCaller@65 (line 500)
  0x000002cacbfb9478: 6c7b 80ff | e9f7 faff | ff49 8b87 | 0801 0000 | 4c8b d049 | 83c2 104d | 3b97 1801 | 0000 0f83 
  0x000002cacbfb9498: 0a1b 0000 | 4d89 9708 | 0100 0041 | 0f18 8200 | 0100 0048 | c700 0100 

  0x000002cacbfb94b0: ;   {metadata('jdk/internal/reflect/BootstrapConstructorAccessorImpl')}
  0x000002cacbfb94b0: 0000 c740 | 08b8 e805 | 0144 8960 | 0c4c 8bd0 | 448b 5c24 | 3044 8958 | 0c49 8bea | e9cf fdff 
  0x000002cacbfb94d0: ff45 0fb6 | 4c18 1041 | 8bfa c1e7 | 0541 2bfa | 4103 f9ff | c33b dd0f | 8d95 0600 | 0044 8bd7 
  0x000002cacbfb94f0: ebdf 448b | 413c 4585 | c074 1e49 | c1e0 0345 | 33ed 48b9 | 0000 c7da | ca02 0000 | 4889 8c24 
  0x000002cacbfb9510: b000 0000 | e915 0400 | 008b 4808 | 85c9 0f8c | fc1f 0000 | c4c1 f97e | d045 8b40 | 2c45 85c0 
  0x000002cacbfb9530: 0f84 220c | 0000 4b8d | 0cc4 8b59 | 1445 8b44 | dc0c 4489 | 4424 3c89 | 5c24 6c4c | 8bc1 4889 
  0x000002cacbfb9550: 4424 7044 | 894c 2468 | 4489 5c24 | 5cc5 fb11 | 5424 60c5 | fa11 4c24 | 3489 7424 | 3044 8974 
  0x000002cacbfb9570: 2458 c5fb | 1144 2420 | 4489 5424 | 384c 8b94 | 2498 0000 | 004c 8954 | 2440 48ff | 7424 5048 
  0x000002cacbfb9590: 8f44 2448 | 0fbe 4910 | 448b 5c24 | 3c41 d3fb | 418b db45 | 8bd3 41ff | ca45 8bca | 85c9 0f85 
  0x000002cacbfb95b0: f421 0000 | 448b 5424 | 6c49 c1e2 | 034c 8994 | 24c0 0000 | 0044 8b5c | 243c 41ff | cb45 8bd1 
  0x000002cacbfb95d0: 453b d345 | 0f4c da44 | 895c 2450 | 4585 db0f | 8c30 1400 | 0049 bb00 | 00c7 daca | 0200 0045 
  0x000002cacbfb95f0: 33d2 4c89 | 9c24 e000 | 0000 4489 | 9424 cc00 | 0000 0f1f | 8000 0000 | 000f 1f80 | 0000 0000 
  0x000002cacbfb9610: 8b6c 2450 | 3b6c 243c | 0f83 8a1b | 0000 4c8b | 9424 c000 | 0000 4180 | 7c2a 102e | 741f 4d8b 
  0x000002cacbfb9630: 9758 0300 | 00ff cd89 

  0x000002cacbfb9638: ; ImmutableOopMap {r8=Oop [32]=Oop [40]=Oop [56]=NarrowOop [64]=Oop [72]=Oop [92]=NarrowOop [96]=Oop [104]=NarrowOop [108]=NarrowOop [192]=Oop }
                      ;*goto {reexecute=1 rethrow=0 return_oop=0}
                      ; - (reexecute) java.lang.StringLatin1::lastIndexOf@35 (line 294)
                      ; - java.lang.String::lastIndexOf@13 (line 2489)
                      ; - java.lang.String::lastIndexOf@8 (line 2451)
                      ; - java.lang.Class::getPackageName@47 (line 1085)
                      ; - jdk.internal.reflect.Reflection::verifyModuleAccess@13 (line 243)
                      ; - jdk.internal.reflect.Reflection::verifyMemberAccess@22 (line 141)
                      ; - java.lang.reflect.AccessibleObject::slowVerifyAccess@16 (line 715)
                      ; - java.lang.reflect.AccessibleObject::verifyAccess@51 (line 701)
                      ; - java.lang.reflect.AccessibleObject::checkAccess@6 (line 673)
                      ; - java.lang.reflect.Constructor::newInstanceWithCaller@18 (line 490)
                      ;   {poll}
  0x000002cacbfb9638: 6c24 5041 | 8502 85ed | 7dce 41ba | ffff ffff | 4489 5424 | 5044 8b5c | 2450 4183 | fbff 0f84 
  0x000002cacbfb9658: 1d17 0000 | 4585 db0f | 8c87 2100 | 0044 3bdb | 0f8f ca21 | 0000 443b | db0f 84aa | 0a00 0045 
  0x000002cacbfb9678: 85db 0f84 | 3017 0000 | 4d8b 9708 | 0100 004d | 8bda 4983 | c218 4d3b | 9718 0100 | 000f 8361 
  0x000002cacbfb9698: 1a00 004d | 8997 0801 | 0000 410f | 1882 0001 | 0000 4d8b | d349 c702 | 0100 0000 

  0x000002cacbfb96b4: ;   {metadata('java/lang/String')}
  0x000002cacbfb96b4: 41c7 4208 | e0e9 0000 | 4589 620c | 4d89 6210 | 4d8b d34c | 8954 2478 | 448b 5424 | 5041 81fa 
  0x000002cacbfb96d4: 0000 1000 | 0f87 b61f | 0000 4c63 | 5424 504d | 8bc2 448b | 5c24 3c44 | 3b5c 2450 | 8b6c 2450 
  0x000002cacbfb96f4: 0f4c 6c24 | 3c44 8b5c | 243c 443b | dd0f 8209 | 2000 0044 | 8b54 2450 | 443b d50f | 82fb 1f00 
  0x000002cacbfb9714: 004d 8bd0 | 4983 c217 | 4c89 9424 | 8000 0000 | 4983 e2f8 | 4c89 9424 | 8800 0000 | 448b 5c24 
  0x000002cacbfb9734: 5041 81fb | 0000 1000 | 0f87 ee19 | 0000 4d8b | 9708 0100 | 004d 8bc2 | 4d8b da4c | 8b94 2488 
  0x000002cacbfb9754: 0000 004d | 03da 4d3b | 9f18 0100 | 000f 83c9 | 1900 004d | 899f 0801 | 0000 410f | 1883 0001 
  0x000002cacbfb9774: 0000 4d8b | d049 c702 | 0100 0000 | 410f 1883 | 4001 0000 

  0x000002cacbfb9788: ;   {metadata({type array byte})}
  0x000002cacbfb9788: 41c7 4208 | 2867 0000 | 448b 5424 | 5045 8950 | 0c41 0f18 | 8380 0100 | 004d 8bd0 | 498b da49 
  0x000002cacbfb97a8: 83c2 104d | 8bca 4c8b | 9424 8000 | 0000 49c1 | ea03 498b | ca4c 8bd3 | 498b f248 | c1ee 0385 
  0x000002cacbfb97c8: ed0f 84d2 | 1e00 0044 | 8b5c 246c | 4f8d 54dc | 1049 8bd2 | 3b6c 2450 | 0f8c 7116 | 0000 4c8b 
  0x000002cacbfb97e8: 9424 8800 | 0000 4983 | c2f0 49c1 | ea03 488b | ca49 8bd1 | 4d8b c2c5 | f877 49ba | e079 6fcb 
  0x000002cacbfb9808: ca02 0000 | 41ff d241 | 807f 3800 | 7500 4c8b | 5424 7841 | 8972 144d | 8bda 4c8b | c34d 33c3 
  0x000002cacbfb9828: 49c1 e816 | 4d85 c074 | 1a49 c1eb | 0948 b900 | 00c7 daca | 0200 0049 | 03cb 8039 | 040f 85a8 
  0x000002cacbfb9848: 1600 0045 | 8862 1049 | 8bd2 488b | 6c24 4044 | 8b54 2458 | 4489 5424 | 3c66 6690 

  0x000002cacbfb9864: ;   {optimized virtual_call}
  0x000002cacbfb9864: c5f8 77e8 

  0x000002cacbfb9868: ; ImmutableOopMap {rbp=Oop [32]=Oop [40]=Oop [56]=NarrowOop [64]=Oop [72]=Oop [92]=NarrowOop [96]=Oop [104]=NarrowOop }
                      ;*invokevirtual intern {reexecute=0 rethrow=0 return_oop=1}
                      ; - java.lang.Class::getPackageName@65 (line 1086)
                      ; - jdk.internal.reflect.Reflection::verifyModuleAccess@13 (line 243)
                      ; - jdk.internal.reflect.Reflection::verifyMemberAccess@22 (line 141)
                      ; - java.lang.reflect.AccessibleObject::slowVerifyAccess@16 (line 715)
                      ; - java.lang.reflect.AccessibleObject::verifyAccess@51 (line 701)
                      ; - java.lang.reflect.AccessibleObject::checkAccess@6 (line 673)
                      ; - java.lang.reflect.Constructor::newInstanceWithCaller@18 (line 490)
  0x000002cacbfb9868: f4c0 e6ff | 4c8b c041 | 807f 3800 | 0f85 4d15 | 0000 4c8b | 5c24 6049 | 8bc8 4d8b | c349 8bdb 
  0x000002cacbfb9888: 4c8b d14d | 33d0 4c8b | d949 c1eb | 0344 895b | 3c49 c1ea | 164d 85d2 | 0f84 1915 | 0000 4c8b 
  0x000002cacbfb98a8: d148 85c9 | 7420 488b | f949 c1e8 | 0948 b900 | 00c7 daca | 0200 0049 | 03c8 8039 | 040f 8543 
  0x000002cacbfb98c8: 1500 004c | 8bd7 4d8b | c248 ff74 | 2448 488f | 4424 504c | 8b54 2440 | 4c89 9424 | 9800 0000 
  0x000002cacbfb98e8: 448b 5424 | 384c 8b9c | 24e0 0000 | 004c 899c | 24b0 0000 | 00c5 fb10 | 4424 2044 | 8b74 2458 
  0x000002cacbfb9908: 8b74 2430 | c5fa 104c | 2434 c4e1 | f96e d344 | 8b5c 245c | 448b 4c24 | 6848 8b44 | 2470 448b 
  0x000002cacbfb9928: ac24 cc00 | 0000 438b | 5ccc 244d | 85c0 0f84 | 881c 0000 | 4585 db0f | 84eb 1c00 | 0047 3b64 
  0x000002cacbfb9948: cc1c 0f84 | f9f6 ffff | 453b d90f | 846b 1f00 | 0041 0fb6 | 6cdc 1085 | ed0f 8519 | 1f00 0041 
  0x000002cacbfb9968: 0fb6 6cdc | 1185 ed0f | 85af 1f00 | 0043 8b6c | cc2c 4b8d | 0cdc 4b8d | 1ccc 85ed | 0f85 9d0e 
  0x000002cacbfb9988: 0000 438b | 6ccc 3085 | ed0f 840f | 1000 0041 | 8b54 ec08 

  0x000002cacbfb999c: ;   {metadata('java/util/HashMap')}
  0x000002cacbfb999c: 81fa 2036 | 0b00 0f85 | cc1b 0000 | 498d 3cec | 8b7f 2485 | ff0f 8478 | 0200 0041 | 8b6c fc0c 
  0x000002cacbfb99bc: 85ed 0f86 | a41f 0000 | 4889 9c24 | 9000 0000 | 4889 8c24 | 8800 0000 | 4c89 8424 | 8000 0000 
  0x000002cacbfb99dc: 4489 6c24 | 7848 8944 | 2470 4489 | 4c24 6c44 | 895c 2468 | c5fb 1154 | 2460 c5fa | 114c 245c 
  0x000002cacbfb99fc: 8974 243c | 4489 7424 | 58c5 fb11 | 4424 304c | 8b9c 24b0 | 0000 004c | 895c 2420 | 4489 5424 
  0x000002cacbfb9a1c: 384c 8b94 | 2498 0000 | 004c 8954 | 2440 48ff | 7424 5048 | 8f44 2448 | 458b 5014 | c4c1 796e 
  0x000002cacbfb9a3c: c245 8b50 | 0c45 0fbe | 5810 c4c1 | 796e d34d | 8d1c fcc4 | c1f9 6edb | 448b c541 | ffc8 c4c1 
  0x000002cacbfb9a5c: 796e c845 | 85d2 7420 | 458b da41 | c1eb 1045 | 33da 458b | d045 23d3 | 4489 9c24 | c400 0000 
  0x000002cacbfb9a7c: 458b c2e9 | 2f01 0000 | 4c8b 9424 | 8000 0000 | 450f b652 | 1145 85d2 | 0f85 3116 | 0000 c4c1 
  0x000002cacbfb9a9c: 797e d345 | 85db 0f85 | 330a 0000 | c4c1 797e | c343 8b6c | dc0c 85ed | 0f86 1c08 | 0000 448b 
  0x000002cacbfb9abc: d541 ffca | 443b d50f | 83f7 1e00 | 0047 0fb6 | 54dc 108b | cd83 c1fd | 4f8d 04dc | 83f9 010f 
  0x000002cacbfb9adc: 8e07 1f00 | 0045 8bca | 41c1 e105 | 452b cabf | a00f 0000 | bb01 0000 | 008b f52b | f383 c6fd 
  0x000002cacbfb9afc: 3bcb 0f4c | 7424 7881 | fea0 0f00 | 000f 47f7 | 03f3 6690 | 4863 c345 | 0fb6 5c00 | 1041 0fb6 
  0x000002cacbfb9b1c: 5400 1345 | 0fb6 5400 | 1145 0fb6 | 6c00 1245 | 03cb 458b | d941 c1e3 | 0545 2bd9 | 4503 da41 
  0x000002cacbfb9b3c: 8bc3 c1e0 | 0541 2bc3 | 4103 c544 | 8bd0 41c1 | e205 442b | d044 03d2 | 458b ca41 | c1e1 0545 
  0x000002cacbfb9b5c: 2bca 83c3 | 043b de7c | ab4d 8b9f 

  0x000002cacbfb9b68: ; ImmutableOopMap {r8=Oop xmm0=NarrowOop xmm3=Oop [40]=Oop [48]=Oop [56]=NarrowOop [64]=Oop [72]=Oop [96]=Oop [104]=NarrowOop [108]=NarrowOop [128]=Oop [136]=Oop [144]=Oop }
                      ;*goto {reexecute=1 rethrow=0 return_oop=0}
                      ; - (reexecute) java.lang.StringLatin1::hashCode@37 (line 196)
                      ; - java.lang.String::hashCode@27 (line 2344)
                      ; - java.util.HashMap::hash@9 (line 338)
                      ; - java.util.HashMap::getNode@23 (line 568)
                      ; - java.util.HashMap::get@2 (line 556)
                      ; - java.lang.Module::isStaticallyExportedOrOpen@51 (line 655)
                      ; - java.lang.Module::implIsExportedOrOpen@70 (line 630)
                      ; - java.lang.Module::isExported@14 (line 530)
                      ; - jdk.internal.reflect.Reflection::verifyModuleAccess@20 (line 244)
                      ; - jdk.internal.reflect.Reflection::verifyMemberAccess@22 (line 141)
                      ; - java.lang.reflect.AccessibleObject::slowVerifyAccess@16 (line 715)
                      ; - java.lang.reflect.AccessibleObject::verifyAccess@51 (line 701)
                      ; - java.lang.reflect.AccessibleObject::checkAccess@6 (line 673)
                      ; - java.lang.reflect.Constructor::newInstanceWithCaller@18 (line 490)
  0x000002cacbfb9b68: 5803 0000 

  0x000002cacbfb9b6c: ;   {poll}
  0x000002cacbfb9b6c: 4185 033b | d90f 8c7e | ffff ff3b | dd0f 8c52 | f9ff ff41 | 8bfa 85ff | 0f84 fe15 | 0000 4c8b 
  0x000002cacbfb9b8c: 9424 8000 | 0000 4189 | 7a0c 448b | c741 c1e8 | 1044 33c7 | c4c1 797e | cb45 23d8 | 4489 8424 
  0x000002cacbfb9bac: c400 0000 | 458b c3c4 | c1f9 7eda | 478b 5c82 | 1045 8bf3 | 4585 db0f | 8534 0100 | 0048 ff74 
  0x000002cacbfb9bcc: 2448 488f | 4424 504c | 8b54 2440 | 4c89 9424 | 9800 0000 | 448b 5424 | 384c 8b5c | 2420 4c89 
  0x000002cacbfb9bec: 9c24 b000 | 0000 c5fb | 1044 2430 | 448b 7424 | 588b 7424 | 3cc5 fa10 | 4c24 5cc5 | fb10 5424 
  0x000002cacbfb9c0c: 6048 8b44 | 2470 448b | 6c24 784c | 8b84 2480 | 0000 0048 | 8b8c 2488 | 0000 0048 | 8b9c 2490 
  0x000002cacbfb9c2c: 0000 0044 | 8994 2488 | 0000 0048 | ffb4 24b0 | 0000 0048 | 8f84 2490 | 0000 0089 | b424 8c00 
  0x000002cacbfb9c4c: 0000 c5fa | 118c 24a0 | 0000 0048 | 8984 24a8 | 0000 004d | 8bd0 4489 | 6c24 30c5 | fb11 5424 
  0x000002cacbfb9c6c: 6044 8974 | 2458 c5fb | 1144 2420 | 4c8b 4424 | 504c 8944 | 2440 488b | d34d 8bc2 | 4c8b c941 
  0x000002cacbfb9c8c: 8bfd 4c8b | 5424 504c | 8954 2438 

  0x000002cacbfb9c98: ;   {optimized virtual_call}
  0x000002cacbfb9c98: c5f8 77e8 

  0x000002cacbfb9c9c: ; ImmutableOopMap {[32]=Oop [40]=Oop [56]=Oop [64]=Oop [96]=Oop [136]=NarrowOop [152]=Oop }
                      ;*invokevirtual isReflectivelyExportedOrOpen {reexecute=0 rethrow=0 return_oop=0}
                      ; - java.lang.Module::implIsExportedOrOpen@82 (line 634)
                      ; - java.lang.Module::isExported@14 (line 530)
                      ; - jdk.internal.reflect.Reflection::verifyModuleAccess@20 (line 244)
                      ; - jdk.internal.reflect.Reflection::verifyMemberAccess@22 (line 141)
                      ; - java.lang.reflect.AccessibleObject::slowVerifyAccess@16 (line 715)
                      ; - java.lang.reflect.AccessibleObject::verifyAccess@51 (line 701)
                      ; - java.lang.reflect.AccessibleObject::checkAccess@6 (line 673)
                      ; - java.lang.reflect.Constructor::newInstanceWithCaller@18 (line 490)
  0x000002cacbfb9c9c: e076 75ff | 85c0 0f84 | cd1a 0000 | 4c8b 5424 | 384c 8954 | 2450 448b | 9424 8800 | 0000 48ff 
  0x000002cacbfb9cbc: b424 9000 | 0000 488f | 8424 b000 | 0000 c5fb | 1044 2420 | 448b 7424 | 588b b424 | 8c00 0000 
  0x000002cacbfb9cdc: c5fa 108c | 24a0 0000 | 00c5 fb10 | 5424 6048 | 8b84 24a8 | 0000 0044 | 8b6c 2430 | e94c f3ff 
  0x000002cacbfb9cfc: ff47 8b5c | dc0c 4f8d | 14f4 4d8b 

  0x000002cacbfb9d08: ;   {oop(a 'java/lang/Module'{0x0000000600498a60})}
  0x000002cacbfb9d08: ea49 ba60 | 8a49 0006 | 0000 004d | 8b02 443b | 9c24 c400 | 0000 0f85 | 5c01 0000 | 478b 5cf4 
  0x000002cacbfb9d28: 104d 8bd3 | 49c1 e203 | 4c8b 8c24 | 8000 0000 | 4d3b d10f | 848e 0200 | 004d 3bca | 0f84 8502 
  0x000002cacbfb9d48: 0000 4585 | db0f 842d | 0100 0047 | 8b54 dc08 

  0x000002cacbfb9d58: ;   {metadata('java/lang/String')}
  0x000002cacbfb9d58: 4181 fae0 | e900 000f | 851b 0100 | 004f 8d14 | dc4d 8bca | 410f be6a | 10c4 c179 | 7ed2 443b 
  0x000002cacbfb9d78: d50f 85a9 | 1c00 00c4 | c179 7ec3 | 438b 4cdc | 0c4d 8bd1 | 458b 5214 | 478b 4cd4 | 0c41 3bc9 
  0x000002cacbfb9d98: 0f85 e200 | 0000 4f8d | 1cd4 4b8d | 74d4 10c4 | c179 7ec2 | 49c1 e203 | c4c1 797e | c34b 8d7c 
  0x000002cacbfb9db8: dc10 85c9 | 0f84 a500 | 0000 8bc1 | 83e0 1f83 | e1e0 0f84 | 4b00 0000 | 488d 3c0f | 488d 340e 
  0x000002cacbfb9dd8: 48f7 d9c5 | fe6f 0c0f | c5fe 6f1c | 0ec5 f5ef | cbc4 e27d | 17c9 0f85 | 7a00 0000 | 4883 c120 
  0x000002cacbfb9df8: 75e1 85c0 | 0f84 6500 | 0000 c5fe | 6f4c 07e0 | c5fe 6f5c | 06e0 c5f5 | efcb c4e2 | 7d17 c975 
  0x000002cacbfb9e18: 55eb 4c8b | c883 e1fc | 7419 488d | 3c0f 488d | 340e 48f7 | d98b 1c0f | 3b1c 0e75 | 3948 83c1 
  0x000002cacbfb9e38: 0475 f2f7 | c002 0000 | 0074 120f | b71f 0fb7 | 0e3b d975 | 2148 8d7f | 0248 8d76 | 02f7 c001 
  0x000002cacbfb9e58: 0000 0074 | 0a0f b61f | 0fb6 0e3b | d975 07b8 | 0100 0000 | eb02 33c0 | c5f5 efc9 | c5e5 efdb 
  0x000002cacbfb9e78: 85c0 0f85 | 4f01 0000 | 478b 4cf4 | 1845 85c9 | 756b 48ff | 7424 4848 | 8f44 2450 | 4c8b 5424 
  0x000002cacbfb9e98: 404c 8994 | 2498 0000 | 0044 8b54 | 2438 4c8b | 5c24 204c | 899c 24b0 | 0000 00c5 | fb10 4424 
  0x000002cacbfb9eb8: 3044 8b74 | 2458 8b74 | 243c c5fa | 104c 245c | c5fb 1054 | 2460 488b | 4424 7044 | 8b6c 2478 
  0x000002cacbfb9ed8: 4c8b 8424 | 8000 0000 | 488b 8c24 | 8800 0000 | 488b 9c24 | 9000 0000 | e93a fdff | ff47 8b5c 
  0x000002cacbfb9ef8: ;   {metadata('java/util/HashMap$TreeNode')}
  0x000002cacbfb9ef8: f408 4181 | fbe0 f512 | 000f 85d6 | 0300 004d | 8bdd 458b | 5328 4585 | d274 1d49 | 8bd3 488b 
  0x000002cacbfb9f18: 6c24 4090 

  0x000002cacbfb9f1c: ;   {optimized virtual_call}
  0x000002cacbfb9f1c: c5f8 77e8 

  0x000002cacbfb9f20: ; ImmutableOopMap {rbp=Oop [40]=Oop [48]=Oop [56]=NarrowOop [64]=Oop [72]=Oop [96]=Oop [104]=NarrowOop [108]=NarrowOop [128]=Oop [136]=Oop [144]=Oop }
                      ;*invokevirtual root {reexecute=0 rethrow=0 return_oop=1}
                      ; - java.util.HashMap$TreeNode::getTreeNode@8 (line 2040)
                      ; - java.util.HashMap::getNode@95 (line 574)
                      ; - java.util.HashMap::get@2 (line 556)
                      ; - java.lang.Module::isStaticallyExportedOrOpen@51 (line 655)
                      ; - java.lang.Module::implIsExportedOrOpen@70 (line 630)
                      ; - java.lang.Module::isExported@14 (line 530)
                      ; - jdk.internal.reflect.Reflection::verifyModuleAccess@20 (line 244)
                      ; - jdk.internal.reflect.Reflection::verifyMemberAccess@22 (line 141)
                      ; - java.lang.reflect.AccessibleObject::slowVerifyAccess@16 (line 715)
                      ; - java.lang.reflect.AccessibleObject::verifyAccess@51 (line 701)
                      ; - java.lang.reflect.AccessibleObject::checkAccess@6 (line 673)
                      ; - java.lang.reflect.Constructor::newInstanceWithCaller@18 (line 490)
  0x000002cacbfb9f20: 5c74 75ff | 4885 c00f | 84c5 1a00 | 004c 8bd8 | 498b d344 | 8b84 24c4 | 0000 004c | 8b8c 2480 
  0x000002cacbfb9f40: 0000 0033 | ff48 8b6c | 2440 6690 

  0x000002cacbfb9f4c: ;   {optimized virtual_call}
  0x000002cacbfb9f4c: c5f8 77e8 

  0x000002cacbfb9f50: ; ImmutableOopMap {rbp=Oop [40]=Oop [48]=Oop [56]=NarrowOop [64]=Oop [72]=Oop [96]=Oop [104]=NarrowOop [108]=NarrowOop [128]=Oop [136]=Oop [144]=Oop }
                      ;*invokevirtual find {reexecute=0 rethrow=0 return_oop=1}
                      ; - java.util.HashMap$TreeNode::getTreeNode@18 (line 2040)
                      ; - java.util.HashMap::getNode@95 (line 574)
                      ; - java.util.HashMap::get@2 (line 556)
                      ; - java.lang.Module::isStaticallyExportedOrOpen@51 (line 655)
                      ; - java.lang.Module::implIsExportedOrOpen@70 (line 630)
                      ; - java.lang.Module::isExported@14 (line 530)
                      ; - jdk.internal.reflect.Reflection::verifyModuleAccess@20 (line 244)
                      ; - jdk.internal.reflect.Reflection::verifyMemberAccess@22 (line 141)
                      ; - java.lang.reflect.AccessibleObject::slowVerifyAccess@16 (line 715)
                      ; - java.lang.reflect.AccessibleObject::verifyAccess@51 (line 701)
                      ; - java.lang.reflect.AccessibleObject::checkAccess@6 (line 673)
                      ; - java.lang.reflect.Constructor::newInstanceWithCaller@18 (line 490)
  0x000002cacbfb9f50: 2c74 75ff | 4885 c075 | 6648 ff74 | 2448 488f | 4424 5048 | 89ac 2498 | 0000 0044 | 8b54 2438 
  0x000002cacbfb9f70: 4c8b 5c24 | 204c 899c | 24b0 0000 | 00c5 fb10 | 4424 3044 | 8b74 2458 | 8b74 243c | c5fa 104c 
  0x000002cacbfb9f90: 245c c5fb | 1054 2460 | 488b 4424 | 7044 8b6c | 2478 4c8b | 8424 8000 | 0000 488b | 8c24 8800 
  0x000002cacbfb9fb0: 0000 488b | 9c24 9000 | 0000 e970 

  0x000002cacbfb9fbc: ;   {oop(a 'java/lang/Module'{0x0000000600498a60})}
  0x000002cacbfb9fbc: fcff ff49 | ba60 8a49 | 0006 0000 | 004d 8b02 | 4c8b e841 | 8b6d 1485 | ed0f 8460 | 0f00 0045 
  0x000002cacbfb9fdc: 8b54 ec08 

  0x000002cacbfb9fe0: ;   {metadata('java/util/Set')}
  0x000002cacbfb9fe0: 48b8 c088 | 01f3 ca02 | 0000 48be | 0000 00f3 | ca02 0000 | 4903 f24c | 8b56 204c | 3bd0 0f85 
  0x000002cacbfba000: 2501 0000 | 4d8d 14ec | 4c89 5424 | 5045 8b52 

  0x000002cacbfba010: ;   {metadata('java/util/ImmutableCollections$Set12')}
  0x000002cacbfba010: 0841 81fa | d0f3 0600 | 0f85 190a | 0000 488b | 6c24 5044 

  0x000002cacbfba024: ;   {oop(a 'java/lang/Module'{0x0000000600498a60})}
  0x000002cacbfba024: 8b55 0c41 | 81fa 4c31 | 09c0 7431 | 448b 5510 | 498b d248 

  0x000002cacbfba038: ;   {oop(a 'java/lang/Module'{0x0000000600498a60})}
  0x000002cacbfba038: c1e2 0349 | b860 8a49 | 0006 0000 | 0090 c5f8 | 7748 b8ff | ffff ffff 

  0x000002cacbfba050: ;   {virtual_call}
  0x000002cacbfba050: ffff ffe8 

  0x000002cacbfba054: ; ImmutableOopMap {rbp=Oop [40]=Oop [48]=Oop [56]=NarrowOop [64]=Oop [72]=Oop [80]=Oop [96]=Oop [104]=NarrowOop [108]=NarrowOop [128]=Oop [136]=Oop [144]=Oop }
                      ;*invokevirtual equals {reexecute=0 rethrow=0 return_oop=0}
                      ; - java.util.ImmutableCollections$Set12::contains@16 (line 810)
                      ; - java.lang.Module::allows@8 (line 670)
                      ; - java.lang.Module::isStaticallyExportedOrOpen@60 (line 655)
                      ; - java.lang.Module::implIsExportedOrOpen@70 (line 630)
                      ; - java.lang.Module::isExported@14 (line 530)
                      ; - jdk.internal.reflect.Reflection::verifyModuleAccess@20 (line 244)
                      ; - jdk.internal.reflect.Reflection::verifyMemberAccess@22 (line 141)
                      ; - java.lang.reflect.AccessibleObject::slowVerifyAccess@16 (line 715)
                      ; - java.lang.reflect.AccessibleObject::verifyAccess@51 (line 701)
                      ; - java.lang.reflect.AccessibleObject::checkAccess@6 (line 673)
                      ; - java.lang.reflect.Constructor::newInstanceWithCaller@18 (line 490)
  0x000002cacbfba054: 2876 75ff | 85c0 7505 | 4533 d2eb | 0641 ba01 | 0000 0045 | 85d2 0f84 | 450c 0000 | 48ff 7424 
  0x000002cacbfba074: 4848 8f44 | 2450 4c8b | 5424 404c | 8994 2498 | 0000 0044 | 8b54 2438 | 4c8b 5c24 | 204c 899c 
  0x000002cacbfba094: 24b0 0000 | 00c5 fb10 | 4424 3044 | 8b74 2458 | 8b74 243c | c5fa 104c | 245c c5fb | 1054 2460 
  0x000002cacbfba0b4: 488b 4424 | 7044 8b6c | 2478 e986 | efff ff45 | 33db c4c1 | f96e d3e9 | 0eef ffff | 4180 7f38 
  0x000002cacbfba0d4: 000f 8501 | 0f00 004c | 8b94 2498 | 0000 0041 | 895a 4048 | c1e3 034c | 8bdb 4d33 | da49 c1eb 
  0x000002cacbfba0f4: 164d 85db | 741c 49c1 | ea09 4c8b | 9c24 b000 | 0000 4d03 | da4d 8bd3 | 4180 3b04 | 0f85 fd0e 
  0x000002cacbfba114: 0000 f083 | 4424 c000 | e922 eeff | ff4d 8bd0 | e926 f7ff | ff48 8b7e | 288b 0f48 | 83c7 0848 
  0x000002cacbfba134: 85c0 f248 | af0f 8504 | 0000 0048 | 8946 200f | 84bb feff | ffba deff | ffff 6690 

  0x000002cacbfba150: ;   {runtime_call UncommonTrapBlob}
  0x000002cacbfba150: c5f8 77e8 

  0x000002cacbfba154: ; ImmutableOopMap {rbp=NarrowOop }
                      ;*checkcast {reexecute=0 rethrow=0 return_oop=0}
                      ; - java.lang.Module::isStaticallyExportedOrOpen@56 (line 655)
                      ; - java.lang.Module::implIsExportedOrOpen@70 (line 630)
                      ; - java.lang.Module::isExported@14 (line 530)
                      ; - jdk.internal.reflect.Reflection::verifyModuleAccess@20 (line 244)
                      ; - jdk.internal.reflect.Reflection::verifyMemberAccess@22 (line 141)
                      ; - java.lang.reflect.AccessibleObject::slowVerifyAccess@16 (line 715)
                      ; - java.lang.reflect.AccessibleObject::verifyAccess@51 (line 701)
                      ; - java.lang.reflect.AccessibleObject::checkAccess@6 (line 673)
                      ; - java.lang.reflect.Constructor::newInstanceWithCaller@18 (line 490)
  0x000002cacbfba154: a8c7 75ff | 4889 4424 | 6044 894c | 245c 4489 | 5c24 58c5 | fb11 5424 | 48c5 fa11 | 4c24 4489 
  0x000002cacbfba174: 7424 4044 | 8974 2434 | c5fb 1144 | 2438 4489 | 5424 3048 | 8954 2420 | 488b efc4 | e1f9 7ed2 
  0x000002cacbfba194: ;   {optimized virtual_call}
  0x000002cacbfba194: c5f8 77e8 

  0x000002cacbfba198: ; ImmutableOopMap {rbp=Oop [32]=Oop [40]=Oop [48]=NarrowOop [56]=Oop [72]=Oop [88]=NarrowOop [92]=NarrowOop }
                      ;*invokevirtual initClassName {reexecute=0 rethrow=0 return_oop=1}
                      ; - java.lang.Class::getName@14 (line 865)
                      ; - java.lang.Class::getPackageName@40 (line 1084)
                      ; - jdk.internal.reflect.Reflection::verifyModuleAccess@13 (line 243)
                      ; - jdk.internal.reflect.Reflection::verifyMemberAccess@22 (line 141)
                      ; - java.lang.reflect.AccessibleObject::slowVerifyAccess@16 (line 715)
                      ; - java.lang.reflect.AccessibleObject::verifyAccess@51 (line 701)
                      ; - java.lang.reflect.AccessibleObject::checkAccess@6 (line 673)
                      ; - java.lang.reflect.Constructor::newInstanceWithCaller@18 (line 490)
  0x000002cacbfba198: 441c eaff | 488b c848 | 85c0 0f84 | 7018 0000 | 4889 6c24 | 504c 8b54 | 2420 4c89 | 9424 9800 
  0x000002cacbfba1b8: 0000 448b | 5424 30c5 | fb10 4424 | 3844 8b74 | 2434 8b74 | 2440 c5fa | 104c 2444 | c5fb 1054 
  0x000002cacbfba1d8: 2448 448b | 5c24 5844 | 8b4c 245c | 488b 4424 | 60e9 4cf3 | ffff 49ba | 0000 c7da | ca02 0000 
  0x000002cacbfba1f8: 4c89 9424 | b000 0000 | e97d efff | ff4c 8b94 | 2498 0000 | 0045 8b52 | 4045 85d2 | 0f84 91f0 
  0x000002cacbfba218: ffff 4d8b | 5f20 498b | ca48 c1e1 | 034d 85db | 0f84 5e11 | 0000 4d8b | 5730 4b89 | 4c1a f849 
  0x000002cacbfba238: 83c3 f84d | 895f 20e9 | 67f0 ffff | 4d8b 5740 | 4d8b 5f50 | f083 4424 | c000 8039 | 000f 8494 
  0x000002cacbfba258: f0ff ff44 | 8821 4d85 | d275 1849 | 8bd7 c5f8 | 7749 ba20 | d227 0aff | 7f00 0041 | ffd2 e974 
  0x000002cacbfba278: f0ff ff4b | 894c 13f8 | 4983 c2f8 | 4d89 5740 | e962 f0ff | ff4d 8b57 | 404d 8b5f | 50f0 8344 
  0x000002cacbfba298: 24c0 0080 | 3900 0f84 | f9ef ffff | 4488 214d | 85d2 7518 | 498b d7c5 | f877 49ba | 20d2 270a 
  0x000002cacbfba2b8: ff7f 0000 | 41ff d2e9 | d9ef ffff | 4b89 4c13 | f849 83c2 | f84d 8957 | 40e9 c7ef | ffff 33ff 
  0x000002cacbfba2d8: e9a5 f8ff | ff4f 8d14 | cc4d 8bea | 458b 5d0c | 443b 9c24 | c400 0000 | 0f85 5b01 | 0000 458b 
  0x000002cacbfba2f8: 5d10 4d8b | d349 c1e2 | 034c 8b8c | 2480 0000 | 004d 3bd1 | 0f84 bdfc | ffff 4d3b | ca0f 84b4 
  0x000002cacbfba318: fcff ff45 | 85db 0f84 | 2d01 0000 | 478b 4cdc 

  0x000002cacbfba328: ;   {metadata('java/lang/String')}
  0x000002cacbfba328: 0841 81f9 | e0e9 0000 | 0f85 1b01 | 0000 4f8d | 14dc 4d8b | ca41 0fbe | 6a10 c4c1 | 797e d244 
  0x000002cacbfba348: 3bd5 0f85 | 9017 0000 | c4c1 797e | c343 8b4c | dc0c 4d8b | d145 8b52 | 1447 8b4c | d40c 413b 
  0x000002cacbfba368: c90f 85e2 | 0000 004f | 8d1c d44b | 8d74 d410 | c4c1 797e | c249 c1e2 | 03c4 c179 | 7ec1 4b8d 
  0x000002cacbfba388: 7ccc 1085 | c90f 84a5 | 0000 008b | c183 e01f | 83e1 e00f | 844b 0000 | 0048 8d3c | 0f48 8d34 
  0x000002cacbfba3a8: 0e48 f7d9 | c5fe 6f1c | 0fc5 fe6f | 0c0e c5e5 | efd9 c4e2 | 7d17 db0f | 857a 0000 | 0048 83c1 
  0x000002cacbfba3c8: 2075 e185 | c00f 8465 | 0000 00c5 | fe6f 5c07 | e0c5 fe6f | 4c06 e0c5 | e5ef d9c4 | e27d 17db 
  0x000002cacbfba3e8: 7555 eb4c | 8bc8 83e1 | fc74 1948 | 8d3c 0f48 | 8d34 0e48 | f7d9 8b1c | 0f3b 1c0e | 7539 4883 
  0x000002cacbfba408: c104 75f2 | f7c0 0200 | 0000 7412 | 0fb7 1f0f | b70e 3bd9 | 7521 488d | 7f02 488d | 7602 f7c0 
  0x000002cacbfba428: 0100 0000 | 740a 0fb6 | 1f0f b60e | 3bd9 7507 | b801 0000 | 00eb 0233 | c0c5 e5ef | dbc5 f5ef 
  0x000002cacbfba448: c985 c00f | 857e fbff | ff4d 8b97 | 5803 0000 

  0x000002cacbfba458: ; ImmutableOopMap {r11=NarrowOop xmm0=NarrowOop [40]=Oop [48]=Oop [56]=NarrowOop [64]=Oop [72]=Oop [96]=Oop [104]=NarrowOop [108]=NarrowOop [128]=Oop [136]=Oop [144]=Oop }
                      ;*ifnonnull {reexecute=1 rethrow=0 return_oop=0}
                      ; - (reexecute) java.util.HashMap::getNode@145 (line 579)
                      ; - java.util.HashMap::get@2 (line 556)
                      ; - java.lang.Module::isStaticallyExportedOrOpen@51 (line 655)
                      ; - java.lang.Module::implIsExportedOrOpen@70 (line 630)
                      ; - java.lang.Module::isExported@14 (line 530)
                      ; - jdk.internal.reflect.Reflection::verifyModuleAccess@20 (line 244)
                      ; - jdk.internal.reflect.Reflection::verifyMemberAccess@22 (line 141)
                      ; - java.lang.reflect.AccessibleObject::slowVerifyAccess@16 (line 715)
                      ; - java.lang.reflect.AccessibleObject::verifyAccess@51 (line 701)
                      ; - java.lang.reflect.AccessibleObject::checkAccess@6 (line 673)
                      ; - java.lang.reflect.Constructor::newInstanceWithCaller@18 (line 490)
  0x000002cacbfba458: 458b 5d18 

  0x000002cacbfba45c: ;   {poll}
  0x000002cacbfba45c: 4185 0245 | 85db 756b | 48ff 7424 | 4848 8f44 | 2450 4c8b | 5424 404c | 8994 2498 | 0000 0044 
  0x000002cacbfba47c: 8b54 2438 | 4c8b 5c24 | 204c 899c | 24b0 0000 | 00c5 fb10 | 4424 3044 | 8b74 2458 | 8b74 243c 
  0x000002cacbfba49c: c5fa 104c | 245c c5fb | 1054 2460 | 488b 4424 | 7044 8b6c | 2478 4c8b | 8424 8000 | 0000 488b 
  0x000002cacbfba4bc: 8c24 8800 | 0000 488b | 9c24 9000 | 0000 e960 | f7ff ff4f | 8d14 dc4d | 8bea e909 | feff ffc4 
  0x000002cacbfba4dc: c179 7ec3 

  0x000002cacbfba4e0: ; implicit exception: dispatches to 0x000002cacbfbbed0
  0x000002cacbfba4e0: 438b 54dc | 0cd1 fa85 | d27e 3245 | 8bd3 430f | b75c d410 | 448b ea41 | 83c5 f944 | 8bdb 41c1 
  0x000002cacbfba500: e305 49c1 | e203 4183 | fd01 0f8e | 6015 0000 | 442b dbb9 | 0100 0000 | e917 0200 | 0033 ffe9 
  0x000002cacbfba520: 5ef6 ffff | 4c8b 9424 | 9800 0000 | 458b 5210 | 4585 d20f | 84f2 ebff | ff4d 8b5f | 2049 8bca 
  0x000002cacbfba540: 48c1 e103 | 4d85 db0f | 840f 0f00 | 004d 8b57 | 304b 894c | 1af8 4983 | c3f8 4d89 | 5f20 e9c8 
  0x000002cacbfba560: ebff ff44 | 8b57 1045 | 85d2 0f84 | 69eb ffff | 4d8b 5f20 | 498b ca48 | c1e1 034d | 85db 0f84 
  0x000002cacbfba580: f00e 0000 | 4d8b 5730 | 4b89 4c1a | f849 83c3 | f84d 895f | 20e9 3feb | ffff 4d8b | 5740 4d8b 
  0x000002cacbfba5a0: 5f50 f083 | 4424 c000 | 8039 000f | 8469 ebff | ff44 8821 | 4d85 d275 | 1849 8bd7 | c5f8 7749 
  0x000002cacbfba5c0: ba20 d227 | 0aff 7f00 | 0041 ffd2 | e949 ebff | ff4b 894c | 13f8 4983 | c2f8 4d89 | 5740 e937 
  0x000002cacbfba5e0: ebff ff4d | 8b57 404d | 8b5f 50f0 | 8344 24c0 | 0080 3900 | 0f84 6eeb | ffff 4488 | 214d 85d2 
  0x000002cacbfba600: 7518 498b | d7c5 f877 | 49ba 20d2 | 270a ff7f | 0000 41ff | d2e9 4eeb | ffff 4b89 | 4c13 f849 
  0x000002cacbfba620: 83c2 f84d | 8957 40e9 | 3ceb ffff | 458b 54f4 | 4045 85d2 | 0f84 d6ec | ffff 4d8b | 5f20 498b 
  0x000002cacbfba640: ca48 c1e1 | 034d 85db | 0f84 b20e | 0000 4d8b | 5730 4b89 | 4c1a f849 | 83c3 f84d | 895f 20e9 
  0x000002cacbfba660: acec ffff | 4d8b 5f40 | 4d8b 4750 | f083 4424 | c000 4180 | 3a00 0f84 | c8ec ffff | 4588 224d 
  0x000002cacbfba680: 85db 751b | 498b ca49 | 8bd7 c5f8 | 7749 ba20 | d227 0aff | 7f00 0041 | ffd2 e9a5 | ecff ff4f 
  0x000002cacbfba6a0: 8954 18f8 | 4983 c3f8 | 4d89 5f40 | e993 ecff | ffc5 fb11 | 5424 58c5 | fa11 4c24 | 4c89 7424 
  0x000002cacbfba6c0: 3444 8974 | 2448 c5fb | 1144 2438 | 4489 5424 | 304c 8b54 | 2450 4c89 | 5424 4048 | 8b54 2450 
  0x000002cacbfba6e0: c4c1 f97e | d066 6690 

  0x000002cacbfba6e8: ;   {static_call}
  0x000002cacbfba6e8: c5f8 77e8 

  0x000002cacbfba6ec: ; ImmutableOopMap {[40]=Oop [48]=NarrowOop [56]=Oop [64]=Oop [88]=Oop [152]=Oop }
                      ;*invokestatic isSameClassPackage {reexecute=0 rethrow=0 return_oop=0}
                      ; - jdk.internal.reflect.Reflection::verifyMemberAccess@48 (line 149)
                      ; - java.lang.reflect.AccessibleObject::slowVerifyAccess@16 (line 715)
                      ; - java.lang.reflect.AccessibleObject::verifyAccess@51 (line 701)
                      ; - java.lang.reflect.AccessibleObject::checkAccess@6 (line 673)
                      ; - java.lang.reflect.Constructor::newInstanceWithCaller@18 (line 490)
  0x000002cacbfba6ec: 9072 75ff | 448b c085 | c00f 845d | 1300 0041 | bd01 0000 | 004c 8b54 | 2440 4c89 | 5424 5044 
  0x000002cacbfba70c: 8b54 2430 | c5fb 1044 | 2438 448b | 7424 488b | 7424 34c5 | fa10 4c24 | 4cc5 fb10 | 5424 58e9 
  0x000002cacbfba72c: 38e9 ffff | c5f9 7eea | 448b ca44 | 2bc9 4183 | c1f9 443b | e944 0f4c | 4c24 7841 | 81f9 401f 
  0x000002cacbfba74c: 0000 41b8 | 401f 0000 | 450f 47c8 | 4403 c9c5 | f96e ea90 | 450f b744 | 4a10 410f | b77c 4a1e 
  0x000002cacbfba76c: 410f b75c | 4a1c 410f | b774 4a12 | 410f b754 | 4a14 410f | b76c 4a16 | 410f b744 | 4a18 450f 
  0x000002cacbfba78c: b774 4a1a | 4503 d845 | 8bc3 41c1 | e005 452b | c344 03c6 | 458b d841 | c1e3 0545 | 2bd8 4403 
  0x000002cacbfba7ac: da41 8bd3 | c1e2 0541 | 2bd3 03d5 | 448b da41 | c1e3 0544 | 2bda 4403 | d841 8bd3 | c1e2 0541 
  0x000002cacbfba7cc: 2bd3 4103 | d644 8bda | 41c1 e305 | 442b da44 | 03db 418b | dbc1 e305 | 412b db03 | df8b fbc1 
  0x000002cacbfba7ec: e705 448b | df44 2bdb | 83c1 0841 | 3bc9 0f8c | 60ff ffff | 4d8b 8758 

  0x000002cacbfba804: ; ImmutableOopMap {r10=Oop xmm0=NarrowOop xmm3=Oop [40]=Oop [48]=Oop [56]=NarrowOop [64]=Oop [72]=Oop [96]=Oop [104]=NarrowOop [108]=NarrowOop [128]=Oop [136]=Oop [144]=Oop }
                      ;*goto {reexecute=1 rethrow=0 return_oop=0}
                      ; - (reexecute) java.lang.StringUTF16::hashCode@28 (line 417)
                      ; - java.lang.String::hashCode@37 (line 2345)
                      ; - java.util.HashMap::hash@9 (line 338)
                      ; - java.util.HashMap::getNode@23 (line 568)
                      ; - java.util.HashMap::get@2 (line 556)
                      ; - java.lang.Module::isStaticallyExportedOrOpen@51 (line 655)
                      ; - java.lang.Module::implIsExportedOrOpen@70 (line 630)
                      ; - java.lang.Module::isExported@14 (line 530)
                      ; - jdk.internal.reflect.Reflection::verifyModuleAccess@20 (line 244)
                      ; - jdk.internal.reflect.Reflection::verifyMemberAccess@22 (line 141)
                      ; - java.lang.reflect.AccessibleObject::slowVerifyAccess@16 (line 715)
                      ; - java.lang.reflect.AccessibleObject::verifyAccess@51 (line 701)
                      ; - java.lang.reflect.AccessibleObject::checkAccess@6 (line 673)
                      ; - java.lang.reflect.Constructor::newInstanceWithCaller@18 (line 490)
                      ;   {poll}
  0x000002cacbfba804: 0300 0041 | 8500 413b | cd0f 8c1d | ffff ffc5 | f97e ea3b | ca7d 05e9 | 7001 0000 | 8bfb e95b 
  0x000002cacbfba824: f3ff ff41 | 8b54 ec08 

  0x000002cacbfba82c: ;   {metadata('java/util/HashMap')}
  0x000002cacbfba82c: 81fa 2036 | 0b00 0f85 | 4512 0000 | 4889 9c24 | 9000 0000 | 4889 8c24 | 8800 0000 | 4c89 8424 
  0x000002cacbfba84c: 8000 0000 | 4489 6c24 | 7848 8944 | 2470 4489 | 4c24 6c44 | 895c 2468 | c5fb 1154 | 2460 c5fa 
  0x000002cacbfba86c: 114c 245c | 8974 243c | 4489 7424 | 58c5 fb11 | 4424 304c | 8b9c 24b0 | 0000 004c | 895c 2420 
  0x000002cacbfba88c: 4489 5424 | 384c 8b94 | 2498 0000 | 004c 8954 | 2440 48ff | 7424 5048 | 8f44 2448 | 498d 14ec 
  0x000002cacbfba8ac: 488b ac24 | 9800 0000 

  0x000002cacbfba8b4: ;   {optimized virtual_call}
  0x000002cacbfba8b4: c5f8 77e8 

  0x000002cacbfba8b8: ; ImmutableOopMap {rbp=Oop [40]=Oop [48]=Oop [56]=NarrowOop [64]=Oop [72]=Oop [96]=Oop [104]=NarrowOop [108]=NarrowOop [128]=Oop [136]=Oop [144]=Oop }
                      ;*invokeinterface get {reexecute=0 rethrow=0 return_oop=1}
                      ; - java.lang.Module::isStaticallyExportedOrOpen@15 (line 648)
                      ; - java.lang.Module::implIsExportedOrOpen@70 (line 630)
                      ; - java.lang.Module::isExported@14 (line 530)
                      ; - jdk.internal.reflect.Reflection::verifyModuleAccess@20 (line 244)
                      ; - jdk.internal.reflect.Reflection::verifyMemberAccess@22 (line 141)
                      ; - java.lang.reflect.AccessibleObject::slowVerifyAccess@16 (line 715)
                      ; - java.lang.reflect.AccessibleObject::verifyAccess@51 (line 701)
                      ; - java.lang.reflect.AccessibleObject::checkAccess@6 (line 673)
                      ; - java.lang.reflect.Constructor::newInstanceWithCaller@18 (line 490)
  0x000002cacbfba8b8: c46a 75ff | 4c8b c048 | 85c0 0f84 | 500c 0000 | 448b 5808 

  0x000002cacbfba8cc: ;   {metadata('java/util/ImmutableCollections$Set12')}
  0x000002cacbfba8cc: 4181 fbd0 | f306 000f | 8527 1400 | 0048 8b94 | 2490 0000 | 004c 8b8c | 2488 0000 | 0066 6690 
  0x000002cacbfba8ec: ;   {optimized virtual_call}
  0x000002cacbfba8ec: c5f8 77e8 

  0x000002cacbfba8f0: ; ImmutableOopMap {rbp=Oop [40]=Oop [48]=Oop [56]=NarrowOop [64]=Oop [72]=Oop [96]=Oop [104]=NarrowOop [108]=NarrowOop [128]=Oop [136]=Oop [144]=Oop }
                      ;*invokevirtual allows {reexecute=0 rethrow=0 return_oop=0}
                      ; - java.lang.Module::isStaticallyExportedOrOpen@24 (line 648)
                      ; - java.lang.Module::implIsExportedOrOpen@70 (line 630)
                      ; - java.lang.Module::isExported@14 (line 530)
                      ; - jdk.internal.reflect.Reflection::verifyModuleAccess@20 (line 244)
                      ; - jdk.internal.reflect.Reflection::verifyMemberAccess@22 (line 141)
                      ; - java.lang.reflect.AccessibleObject::slowVerifyAccess@16 (line 715)
                      ; - java.lang.reflect.AccessibleObject::verifyAccess@51 (line 701)
                      ; - java.lang.reflect.AccessibleObject::checkAccess@6 (line 673)
                      ; - java.lang.reflect.Constructor::newInstanceWithCaller@18 (line 490)
  0x000002cacbfba8f0: 8c6a 75ff | 85c0 0f85 | 74f7 ffff | 48ff 7424 | 4848 8f44 | 2450 4889 | ac24 9800 | 0000 448b 
  0x000002cacbfba910: 5424 384c | 8b5c 2420 | 4c89 9c24 | b000 0000 | c5fb 1044 | 2430 448b | 7424 588b | 7424 3cc5 
  0x000002cacbfba930: fa10 4c24 | 5cc5 fb10 | 5424 6044 | 8b5c 2468 | 448b 4c24 | 6c48 8b44 | 2470 448b | 6c24 784c 
  0x000002cacbfba950: 8b84 2480 | 0000 0048 | 8b8c 2488 | 0000 0048 | 8b9c 2490 | 0000 00e9 | 1ef0 ffff | 49bb 0000 
  0x000002cacbfba970: c7da ca02 | 0000 4c89 | 9c24 b000 | 0000 e9f3 | e6ff ff90 | 448b c741 | c1e0 058b | df41 8bf8 
  0x000002cacbfba990: 450f b75c | 4a10 2bfb | 4103 fbff | c13b ca7c | e3e9 dcf1 | ffff 4489 | 9424 8800 | 0000 48ff 
  0x000002cacbfba9b0: b424 b000 | 0000 488f | 8424 9000 | 0000 89b4 | 248c 0000 | 00c5 fa11 | 8c24 a000 | 0000 4889 
  0x000002cacbfba9d0: 8424 a800 | 0000 e984 

  0x000002cacbfba9d8: ;   {metadata('jdk/internal/reflect/NativeConstructorAccessorImpl')}
  0x000002cacbfba9d8: f2ff ff48 | ba30 340c | f3ca 0200 | 0048 8b6c | 2428 6690 

  0x000002cacbfba9ec: ;   {runtime_call _new_instance_Java}
  0x000002cacbfba9ec: c5f8 77e8 

  0x000002cacbfba9f0: ; ImmutableOopMap {rbp=Oop [40]=Oop [48]=NarrowOop [152]=Oop }
                      ;*new {reexecute=0 rethrow=0 return_oop=1}
                      ; - jdk.internal.reflect.ReflectionFactory::newConstructorAccessor@124 (line 255)
                      ; - java.lang.reflect.Constructor::acquireConstructorAccessor@33 (line 542)
                      ; - java.lang.reflect.Constructor::newInstanceWithCaller@57 (line 497)
  0x000002cacbfba9f0: 0c6e 80ff | 488b e8e9 | 1be8 ffff 

  0x000002cacbfba9fc: ;   {metadata('jdk/internal/reflect/DelegatingConstructorAccessorImpl')}
  0x000002cacbfba9fc: 48ba 08ad | 00f3 ca02 | 0000 6690 

  0x000002cacbfbaa08: ;   {runtime_call _new_instance_Java}
  0x000002cacbfbaa08: c5f8 77e8 

  0x000002cacbfbaa0c: ; ImmutableOopMap {rbp=Oop [40]=Oop [152]=Oop }
                      ;*new {reexecute=0 rethrow=0 return_oop=1}
                      ; - jdk.internal.reflect.ReflectionFactory::newConstructorAccessor@134 (line 257)
                      ; - java.lang.reflect.Constructor::acquireConstructorAccessor@33 (line 542)
                      ; - java.lang.reflect.Constructor::newInstanceWithCaller@57 (line 497)
  0x000002cacbfbaa0c: f06d 80ff | e943 e8ff | ff49 ba00 | 00c7 daca | 0200 0045 | 33db 4c89 | 9424 e000 | 0000 4489 
  0x000002cacbfbaa2c: 9c24 cc00 | 0000 e90b 

  0x000002cacbfbaa34: ;   {metadata('java/util/HashSet')}
  0x000002cacbfbaa34: ecff ff41 | 81fa f86b | 1100 0f85 | d810 0000 | 4c8b 5424 | 504c 8994 | 2498 0000 | 0041 8b6a 
  0x000002cacbfbaa54: 0c45 8b5c | ec08 4d8d | 0cec 4d8b | d049 83e2 | 0749 c1e8 | 0841 8bc0 | 81e0 ffff 

  0x000002cacbfbaa70: ;   {metadata('java/util/HashMap')}
  0x000002cacbfbaa70: ff7f 4181 | fb20 360b | 000f 8422 

  0x000002cacbfbaa7c: ;   {metadata('java/util/LinkedHashMap')}
  0x000002cacbfbaa7c: 0100 0041 | 81fb 203a | 0b00 0f85 | 3011 0000 | 458b 5924 | 458b c345 | 85db 745c | 478b 4cdc 
  0x000002cacbfbaa9c: 0c45 85c9 | 0f86 9e11 | 0000 49c1 | e303 498b | eb45 8bc1 | 41ff c844 | 8944 247c | 4983 fa01 
  0x000002cacbfbaabc: 0f85 9b0c | 0000 85c0 | 0f84 930c | 0000 448b | d041 c1ea | 1044 33d0 | 4489 9424 | a000 0000 
  0x000002cacbfbaadc: 448b 5c24 | 7c45 23da | 458b d34c | 8bdd 478b | 5493 1045 | 85d2 7508 | 4533 d2e9 | 6bf5 ffff 
  0x000002cacbfbaafc: 478b 5cd4 | 0c44 3b9c | 24a0 0000 | 0074 7947 | 8b5c d418 | 4585 db74 | df47 8b44 

  0x000002cacbfbab18: ;   {metadata('java/util/HashMap$TreeNode')}
  0x000002cacbfbab18: d408 4181 | f8e0 f512 | 000f 857d | 0800 004b | 8d14 d444 | 8b5a 2845 | 85db 741c | 488b 6c24 
  0x000002cacbfbab38: 4066 6690 

  0x000002cacbfbab3c: ;   {optimized virtual_call}
  0x000002cacbfbab3c: c5f8 77e8 

  0x000002cacbfbab40: ; ImmutableOopMap {rbp=Oop [40]=Oop [48]=Oop [56]=NarrowOop [64]=Oop [72]=Oop [80]=Oop [96]=Oop [104]=NarrowOop [108]=NarrowOop [128]=Oop [136]=Oop [144]=Oop [152]=Oop }
                      ;*invokevirtual root {reexecute=0 rethrow=0 return_oop=1}
                      ; - java.util.HashMap$TreeNode::getTreeNode@8 (line 2040)
                      ; - java.util.HashMap::getNode@95 (line 574)
                      ; - java.util.HashMap::containsKey@2 (line 594)
                      ; - java.util.HashSet::contains@5 (line 205)
                      ; - java.lang.Module::allows@8 (line 670)
                      ; - java.lang.Module::isStaticallyExportedOrOpen@60 (line 655)
                      ; - java.lang.Module::implIsExportedOrOpen@70 (line 630)
                      ; - java.lang.Module::isExported@14 (line 530)
                      ; - jdk.internal.reflect.Reflection::verifyModuleAccess@20 (line 244)
                      ; - jdk.internal.reflect.Reflection::verifyMemberAccess@22 (line 141)
                      ; - java.lang.reflect.AccessibleObject::slowVerifyAccess@16 (line 715)
                      ; - java.lang.reflect.AccessibleObject::verifyAccess@51 (line 701)
                      ; - java.lang.reflect.AccessibleObject::checkAccess@6 (line 673)
                      ; - java.lang.reflect.Constructor::newInstanceWithCaller@18 (line 490)
  0x000002cacbfbab40: 3c68 75ff | 4885 c00f | 846f 1100 | 0048 8bd0 | 448b 8424 | a000 0000 

  0x000002cacbfbab58: ;   {oop(a 'java/lang/Module'{0x0000000600498a60})}
  0x000002cacbfbab58: 49b9 608a | 4900 0600 | 0000 33ff | 488b 6c24 | 4066 6690 

  0x000002cacbfbab6c: ;   {optimized virtual_call}
  0x000002cacbfbab6c: c5f8 77e8 

  0x000002cacbfbab70: ; ImmutableOopMap {rbp=Oop [40]=Oop [48]=Oop [56]=NarrowOop [64]=Oop [72]=Oop [80]=Oop [96]=Oop [104]=NarrowOop [108]=NarrowOop [128]=Oop [136]=Oop [144]=Oop [152]=Oop }
                      ;*invokevirtual find {reexecute=0 rethrow=0 return_oop=1}
                      ; - java.util.HashMap$TreeNode::getTreeNode@18 (line 2040)
                      ; - java.util.HashMap::getNode@95 (line 574)
                      ; - java.util.HashMap::containsKey@2 (line 594)
                      ; - java.util.HashSet::contains@5 (line 205)
                      ; - java.lang.Module::allows@8 (line 670)
                      ; - java.lang.Module::isStaticallyExportedOrOpen@60 (line 655)
                      ; - java.lang.Module::implIsExportedOrOpen@70 (line 630)
                      ; - java.lang.Module::isExported@14 (line 530)
                      ; - jdk.internal.reflect.Reflection::verifyModuleAccess@20 (line 244)
                      ; - jdk.internal.reflect.Reflection::verifyMemberAccess@22 (line 141)
                      ; - java.lang.reflect.AccessibleObject::slowVerifyAccess@16 (line 715)
                      ; - java.lang.reflect.AccessibleObject::verifyAccess@51 (line 701)
                      ; - java.lang.reflect.AccessibleObject::checkAccess@6 (line 673)
                      ; - java.lang.reflect.Constructor::newInstanceWithCaller@18 (line 490)
  0x000002cacbfbab70: 0c68 75ff | 4885 c041 | 0f95 c245 | 0fb6 d2e9 | e3f4 ffff | 478b 5cd4 

  0x000002cacbfbab88: ;   {oop(a 'java/lang/Module'{0x0000000600498a60})}
  0x000002cacbfbab88: 1041 81fb | 4c31 09c0 | 0f85 75ff | ffff 41ba | 0100 0000 | e9c6 f4ff | ff45 8b59 | 2445 8bc3 
  0x000002cacbfbaba8: 4585 db74 | 5c47 8b4c | dc0c 4585 | c90f 8625 | 1000 004f | 8d1c c449 | 8beb 458b | d941 ffcb 
  0x000002cacbfbabc8: 4489 5c24 | 7c49 83fa | 010f 856d | 0b00 0085 | c00f 8465 | 0b00 0044 | 8bd0 41c1 | ea10 458b 
  0x000002cacbfbabe8: da44 33d8 | 4489 9c24 | a000 0000 | 448b 5424 | 7c45 23d3 | 4c8b dd47 | 8b54 9310 | 4585 d275 
  0x000002cacbfbac08: 0845 33d2 | e956 f4ff | ff47 8b5c | d40c 443b | 9c24 a000 | 0000 7478 | 478b 5cd4 | 1845 85db 
  0x000002cacbfbac28: 74df 478b 

  0x000002cacbfbac2c: ;   {metadata('java/util/HashMap$TreeNode')}
  0x000002cacbfbac2c: 44d4 0841 | 81f8 e0f5 | 1200 0f85 | d006 0000 | 4b8d 14d4 | 448b 5a28 | 4585 db74 | 1b48 8b6c 
  0x000002cacbfbac4c: 2440 6690 

  0x000002cacbfbac50: ;   {optimized virtual_call}
  0x000002cacbfbac50: c5f8 77e8 

  0x000002cacbfbac54: ; ImmutableOopMap {rbp=Oop [40]=Oop [48]=Oop [56]=NarrowOop [64]=Oop [72]=Oop [80]=Oop [96]=Oop [104]=NarrowOop [108]=NarrowOop [128]=Oop [136]=Oop [144]=Oop [152]=Oop }
                      ;*invokevirtual root {reexecute=0 rethrow=0 return_oop=1}
                      ; - java.util.HashMap$TreeNode::getTreeNode@8 (line 2040)
                      ; - java.util.HashMap::getNode@95 (line 574)
                      ; - java.util.HashMap::containsKey@2 (line 594)
                      ; - java.util.HashSet::contains@5 (line 205)
                      ; - java.lang.Module::allows@8 (line 670)
                      ; - java.lang.Module::isStaticallyExportedOrOpen@60 (line 655)
                      ; - java.lang.Module::implIsExportedOrOpen@70 (line 630)
                      ; - java.lang.Module::isExported@14 (line 530)
                      ; - jdk.internal.reflect.Reflection::verifyModuleAccess@20 (line 244)
                      ; - jdk.internal.reflect.Reflection::verifyMemberAccess@22 (line 141)
                      ; - java.lang.reflect.AccessibleObject::slowVerifyAccess@16 (line 715)
                      ; - java.lang.reflect.AccessibleObject::verifyAccess@51 (line 701)
                      ; - java.lang.reflect.AccessibleObject::checkAccess@6 (line 673)
                      ; - java.lang.reflect.Constructor::newInstanceWithCaller@18 (line 490)
  0x000002cacbfbac54: 2867 75ff | 4885 c00f | 8447 1000 | 0048 8bd0 | 448b 8424 | a000 0000 

  0x000002cacbfbac6c: ;   {oop(a 'java/lang/Module'{0x0000000600498a60})}
  0x000002cacbfbac6c: 49b9 608a | 4900 0600 | 0000 33ff | 488b 6c24 | 4066 6690 

  0x000002cacbfbac80: ;   {optimized virtual_call}
  0x000002cacbfbac80: c5f8 77e8 

  0x000002cacbfbac84: ; ImmutableOopMap {rbp=Oop [40]=Oop [48]=Oop [56]=NarrowOop [64]=Oop [72]=Oop [80]=Oop [96]=Oop [104]=NarrowOop [108]=NarrowOop [128]=Oop [136]=Oop [144]=Oop [152]=Oop }
                      ;*invokevirtual find {reexecute=0 rethrow=0 return_oop=1}
                      ; - java.util.HashMap$TreeNode::getTreeNode@18 (line 2040)
                      ; - java.util.HashMap::getNode@95 (line 574)
                      ; - java.util.HashMap::containsKey@2 (line 594)
                      ; - java.util.HashSet::contains@5 (line 205)
                      ; - java.lang.Module::allows@8 (line 670)
                      ; - java.lang.Module::isStaticallyExportedOrOpen@60 (line 655)
                      ; - java.lang.Module::implIsExportedOrOpen@70 (line 630)
                      ; - java.lang.Module::isExported@14 (line 530)
                      ; - jdk.internal.reflect.Reflection::verifyModuleAccess@20 (line 244)
                      ; - jdk.internal.reflect.Reflection::verifyMemberAccess@22 (line 141)
                      ; - java.lang.reflect.AccessibleObject::slowVerifyAccess@16 (line 715)
                      ; - java.lang.reflect.AccessibleObject::verifyAccess@51 (line 701)
                      ; - java.lang.reflect.AccessibleObject::checkAccess@6 (line 673)
                      ; - java.lang.reflect.Constructor::newInstanceWithCaller@18 (line 490)
  0x000002cacbfbac84: f866 75ff | 4885 c041 | 0f95 c245 | 0fb6 d2e9 | cff3 ffff | 478b 5cd4 

  0x000002cacbfbac9c: ;   {oop(a 'java/lang/Module'{0x0000000600498a60})}
  0x000002cacbfbac9c: 1041 81fb | 4c31 09c0 | 0f85 76ff | ffff 41ba | 0100 0000 | e9b2 f3ff | ff44 8b44 

  0x000002cacbfbacb8: ;   {oop(a 'java/lang/Module'{0x0000000600498a60})}
  0x000002cacbfbacb8: 2468 4181 | f84c 3109 | c00f 8499 | 0300 004c | 8b4c 2450 | 458b 5908 

  0x000002cacbfbacd0: ;   {metadata('java/util/HashSet')}
  0x000002cacbfbacd0: 4181 fbf8 | 6b11 000f | 8573 0e00 | 0041 8be8 | 4d8b d14c | 8954 2450 | 498b d24c | 8b84 2488 
  0x000002cacbfbacf0: 0000 004c | 8b54 2440 | 4c89 9424 | 9800 0000 

  0x000002cacbfbad00: ;   {optimized virtual_call}
  0x000002cacbfbad00: c5f8 77e8 

  0x000002cacbfbad04: ; ImmutableOopMap {rbp=NarrowOop [40]=Oop [48]=Oop [56]=NarrowOop [64]=Oop [72]=Oop [80]=Oop [96]=Oop [128]=Oop [136]=Oop [144]=Oop [152]=Oop }
                      ;*invokeinterface contains {reexecute=0 rethrow=0 return_oop=0}
                      ; - java.lang.Module::allows@27 (line 673)
                      ; - java.lang.Module::isStaticallyExportedOrOpen@60 (line 655)
                      ; - java.lang.Module::implIsExportedOrOpen@70 (line 630)
                      ; - java.lang.Module::isExported@14 (line 530)
                      ; - jdk.internal.reflect.Reflection::verifyModuleAccess@20 (line 244)
                      ; - jdk.internal.reflect.Reflection::verifyMemberAccess@22 (line 141)
                      ; - java.lang.reflect.AccessibleObject::slowVerifyAccess@16 (line 715)
                      ; - java.lang.reflect.AccessibleObject::verifyAccess@51 (line 701)
                      ; - java.lang.reflect.AccessibleObject::checkAccess@6 (line 673)
                      ; - java.lang.reflect.Constructor::newInstanceWithCaller@18 (line 490)
  0x000002cacbfbad04: 7866 75ff | 85c0 0f85 | 60f3 ffff | 453b 64ec | 1c0f 841d | 0500 0048 | ff74 2448 | 488f 4424 
  0x000002cacbfbad24: 5044 8b54 | 2438 4c8b | 5c24 204c | 899c 24b0 | 0000 00c5 | fb10 4424 | 3044 8b74 | 2458 8b74 
  0x000002cacbfbad44: 243c c5fa | 104c 245c | c5fb 1054 | 2460 488b | 4424 7044 | 8b6c 2478 | 4c8b 8424 | 8000 0000 
  0x000002cacbfbad64: 488b 8c24 | 8800 0000 | 488b 9c24 | 9000 0000 | e9b6 eeff 

  0x000002cacbfbad78: ;   {oop(""{0x0000000600482248})}
  0x000002cacbfbad78: ff49 b848 | 2248 0006 | 0000 00e9 | e7ea ffff 

  0x000002cacbfbad88: ;   {metadata('java/lang/ref/WeakReference')}
  0x000002cacbfbad88: 48ba d0ab | 04f3 ca02 | 0000 c5fb | 1144 2440 | 4489 7424 | 4866 6690 

  0x000002cacbfbada0: ;   {runtime_call _new_instance_Java}
  0x000002cacbfbada0: c5f8 77e8 

  0x000002cacbfbada4: ; ImmutableOopMap {[40]=Oop [64]=Oop [80]=Oop [152]=Oop }
                      ;*new {reexecute=0 rethrow=0 return_oop=1}
                      ; - java.lang.reflect.AccessibleObject::slowVerifyAccess@49 (line 725)
                      ; - java.lang.reflect.AccessibleObject::verifyAccess@51 (line 701)
                      ; - java.lang.reflect.AccessibleObject::checkAccess@6 (line 673)
                      ; - java.lang.reflect.Constructor::newInstanceWithCaller@18 (line 490)
  0x000002cacbfbada4: 586a 80ff | 488b f8e9 | 0ee3 ffff 

  0x000002cacbfbadb0: ;   {oop(""{0x0000000600482248})}
  0x000002cacbfbadb0: 49ba 4822 | 4800 0600 | 0000 e990 | eaff ff4c | 8bd1 e907 | ebff ff4c | 8b5c 2460 | 458b 533c 
  0x000002cacbfbadd0: 4585 d274 | 3149 8bf8 | 498b db4d | 8b5f 2049 | 8bca 48c1 | e103 4d85 | db0f 84e5 | 0900 004d 
  0x000002cacbfbadf0: 8b57 304b | 894c 1af8 | 4983 c3f8 | 4d89 5f20 | 4c8b db4c | 8bc7 498b | c8e9 74ea | ffff 4d8b 
  0x000002cacbfbae10: 5750 4d8b | 5f40 f083 | 4424 c000 | 8039 000f | 84a6 eaff | ff44 8821 | 4d85 db75 | 1849 8bd7 
  0x000002cacbfbae30: c5f8 7749 | ba20 d227 | 0aff 7f00 | 0041 ffd2 | e986 eaff | ff4b 894c | 1af8 4983 | c3f8 4d89 
  0x000002cacbfbae50: 5f40 e974 | eaff ff4c | 63c5 4d8b | d049 83c2 | 104d 8bda | 4983 e3f8 | 488b fb49 | 03fb 49c1 
  0x000002cacbfbae70: ea03 4c8b | d94d 2bda | 498b cb48 | 33c0 4883 | f908 7f10 | 48ff c978 | 4f48 8904 | cf48 ffc9 
  0x000002cacbfbae90: 7df7 eb44 | c5fd efc0 | e90d 0000 | 00c5 fe7f | 07c5 fe7f | 4720 4883 | c740 4883 | e908 7ded 
  0x000002cacbfbaeb0: 4883 c104 | 7c0c c5fe | 7f07 4883 | c720 4883 | e904 4883 | c104 7e10 | 48ff c9c5 | f9d6 0748 
  0x000002cacbfbaed0: 83c7 0848 | ffc9 7df3 | 488b ca49 | 8bd1 c5f8 | 7749 bae0 | 726f cbca | 0200 0041 | ffd2 e91c 
  0x000002cacbfbaef0: e9ff ff49 | 8bda 4d8b | 5740 4d8b | 5f50 f083 | 4424 c000 | 8039 0074 | 2a44 8821 | 4d85 d274 
  0x000002cacbfbaf10: 0f4b 894c | 13f8 4983 | c2f8 4d89 | 5740 eb13 | 498b d7c5 | f877 49ba | 20d2 270a | ff7f 0000 
  0x000002cacbfbaf30: 41ff d24c | 8bd3 e910 | e9ff ff48 | ff74 2448 | 488f 4424 | 504c 8b54 | 2440 4c89 | 9424 9800 
  0x000002cacbfbaf50: 0000 448b | 5424 384c | 8b5c 2420 | 4c89 9c24 | b000 0000 | c5fb 1044 | 2430 448b | 7424 588b 
  0x000002cacbfbaf70: 7424 3cc5 | fa10 4c24 | 5cc5 fb10 | 5424 6048 | 8b44 2470 | 448b 6c24 | 784c 8b84 | 2480 0000 
  0x000002cacbfbaf90: 0048 8b8c | 2488 0000 | 0048 8b9c | 2490 0000 | 00e9 89ec 

  0x000002cacbfbafa4: ;   {metadata('jdk/internal/reflect/BootstrapConstructorAccessorImpl')}
  0x000002cacbfbafa4: ffff 48ba | b8e8 05f4 | ca02 0000 

  0x000002cacbfbafb0: ;   {runtime_call _new_instance_Java}
  0x000002cacbfbafb0: c5f8 77e8 

  0x000002cacbfbafb4: ; ImmutableOopMap {[40]=Oop [48]=NarrowOop [152]=Oop }
                      ;*new {reexecute=0 rethrow=0 return_oop=1}
                      ; - jdk.internal.reflect.ReflectionFactory::newConstructorAccessor@72 (line 245)
                      ; - java.lang.reflect.Constructor::acquireConstructorAccessor@33 (line 542)
                      ; - java.lang.reflect.Constructor::newInstanceWithCaller@57 (line 497)
  0x000002cacbfbafb4: 4868 80ff | e900 e5ff | ffba f4ff | ffff 4c8b | 5c24 284c | 895c 2420 | 4489 5424 | 2866 6690 
  0x000002cacbfbafd4: ;   {runtime_call UncommonTrapBlob}
  0x000002cacbfbafd4: c5f8 77e8 

  0x000002cacbfbafd8: ; ImmutableOopMap {[32]=Oop [40]=NarrowOop [152]=Oop }
                      ;*invokevirtual getModifiers {reexecute=0 rethrow=0 return_oop=0}
                      ; - java.lang.reflect.Constructor::newInstanceWithCaller@25 (line 492)
  0x000002cacbfbafd8: 24b9 75ff | 458b 5240 | 4585 d20f | 84f2 f0ff | ff4d 8b5f | 2049 8bca | 48c1 e103 | 4d85 db0f 
  0x000002cacbfbaff8: 8403 0a00 | 004d 8b57 | 304b 894c | 1af8 4983 | c3f8 4d89 | 5f20 e9c8 | f0ff ff4d | 8b5f 404d 
  0x000002cacbfbb018: 8b47 50f0 | 8344 24c0 | 0041 803a | 000f 84eb | f0ff ff45 | 8822 4d85 | db75 1b49 | 8bca 498b 
  0x000002cacbfbb038: d7c5 f877 | 49ba 20d2 | 270a ff7f | 0000 41ff | d2e9 c8f0 | ffff 4f89 | 5418 f849 | 83c3 f84d 
  0x000002cacbfbb058: 895f 40e9 | b6f0 ffff | 48ff 7424 | 4848 8f44 | 2450 4c8b | 5424 404c | 8994 2498 | 0000 0044 
  0x000002cacbfbb078: 8b54 2438 | 4c8b 5c24 | 204c 899c | 24b0 0000 | 00c5 fb10 | 4424 3044 | 8b74 2458 | 8b74 243c 
  0x000002cacbfbb098: c5fa 104c | 245c c5fb | 1054 2460 | 488b 4424 | 7044 8b6c | 2478 4c8b | 8424 8000 | 0000 488b 
  0x000002cacbfbb0b8: 8c24 8800 | 0000 488b | 9c24 9000 | 0000 e964 | ebff ff45 | 33c0 4533 | d244 8994 | 24c4 0000 
  0x000002cacbfbb0d8: 00e9 d5ea | ffff ba45 | ffff ff4c | 8b54 2428 | 4c89 5424 | 2044 8944 | 2428 6690 

  0x000002cacbfbb0f4: ;   {runtime_call UncommonTrapBlob}
  0x000002cacbfbb0f4: c5f8 77e8 

  0x000002cacbfbb0f8: ; ImmutableOopMap {[32]=Oop [152]=Oop }
                      ;*ifeq {reexecute=1 rethrow=0 return_oop=0}
                      ; - (reexecute) java.lang.reflect.Constructor::newInstanceWithCaller@32 (line 492)
  0x000002cacbfbb0f8: 04b8 75ff 

  0x000002cacbfbb0fc: ;   {metadata('java/lang/String')}
  0x000002cacbfbb0fc: 48ba e0e9 | 00f3 ca02 | 0000 488b | 6c24 4048 | 8944 24f8 | 8b44 2458 | 8944 2454 | 488b 4424 
  0x000002cacbfbb11c: f866 6690 

  0x000002cacbfbb120: ;   {runtime_call _new_instance_Java}
  0x000002cacbfbb120: c5f8 77e8 

  0x000002cacbfbb124: ; ImmutableOopMap {rbp=Oop [32]=Oop [40]=Oop [56]=NarrowOop [64]=Oop [72]=Oop [92]=NarrowOop [96]=Oop [104]=NarrowOop [108]=NarrowOop [192]=Oop }
                      ;*new {reexecute=0 rethrow=0 return_oop=1}
                      ; - java.lang.StringLatin1::newString@7 (line 769)
                      ; - java.lang.String::substring@41 (line 2714)
                      ; - java.lang.Class::getPackageName@62 (line 1086)
                      ; - jdk.internal.reflect.Reflection::verifyModuleAccess@13 (line 243)
                      ; - jdk.internal.reflect.Reflection::verifyMemberAccess@22 (line 141)
                      ; - java.lang.reflect.AccessibleObject::slowVerifyAccess@16 (line 715)
                      ; - java.lang.reflect.AccessibleObject::verifyAccess@51 (line 701)
                      ; - java.lang.reflect.AccessibleObject::checkAccess@6 (line 673)
                      ; - java.lang.reflect.Constructor::newInstanceWithCaller@18 (line 490)
  0x000002cacbfbb124: d866 80ff | 4c8b d8e9 | 94e5 ffff | 48ff b424 | c000 0000 | 488f 8424 | e800 0000 

  0x000002cacbfbb140: ;   {metadata({type array byte})}
  0x000002cacbfbb140: 48ba 2867 | 00f3 ca02 | 0000 448b | 4424 5044 | 8b54 2458 | 4489 5424 | 3c4c 8b54 | 2440 4c89 
  0x000002cacbfbb160: 9424 9800 | 0000 6690 

  0x000002cacbfbb168: ;   {runtime_call _new_array_nozero_Java}
  0x000002cacbfbb168: c5f8 77e8 

  0x000002cacbfbb16c: ; ImmutableOopMap {[32]=Oop [40]=Oop [56]=NarrowOop [64]=Oop [72]=Oop [92]=NarrowOop [96]=Oop [104]=NarrowOop [108]=NarrowOop [120]=Oop [152]=Oop [232]=Oop }
                      ;*newarray {reexecute=0 rethrow=0 return_oop=1}
                      ; - java.util.Arrays::copyOfRange@41 (line 3822)
                      ; - java.lang.StringLatin1::newString@16 (line 769)
                      ; - java.lang.String::substring@41 (line 2714)
                      ; - java.lang.Class::getPackageName@62 (line 1086)
                      ; - jdk.internal.reflect.Reflection::verifyModuleAccess@13 (line 243)
                      ; - jdk.internal.reflect.Reflection::verifyMemberAccess@22 (line 141)
                      ; - java.lang.reflect.AccessibleObject::slowVerifyAccess@16 (line 715)
                      ; - java.lang.reflect.AccessibleObject::verifyAccess@51 (line 701)
                      ; - java.lang.reflect.AccessibleObject::checkAccess@6 (line 673)
                      ; - java.lang.reflect.Constructor::newInstanceWithCaller@18 (line 490)
  0x000002cacbfbb16c: 906c 80ff | 4c8b c048 | ffb4 24e8 | 0000 0048 | 8f84 24c0 | 0000 00e9 | 19e6 ffff | 4c8b 9424 
  0x000002cacbfbb18c: 8000 0000 | 41c6 4211 | 0145 33c0 | 4533 db44 | 899c 24c4 | 0000 00e9 | 0bea ffff | bae4 ffff 
  0x000002cacbfbb1ac: ff48 8b6c | 2440 4c8b | 5424 284c | 8954 2420 | 4c8b 5424 | 484c 8954 | 2428 448b | 5424 3844 
  0x000002cacbfbb1cc: 8954 2434 | 448b 5424 | 5844 8954 | 2454 4c89 | 8424 9800 | 0000 6690 

  0x000002cacbfbb1e4: ;   {runtime_call UncommonTrapBlob}
  0x000002cacbfbb1e4: c5f8 77e8 

  0x000002cacbfbb1e8: ; ImmutableOopMap {rbp=Oop [32]=Oop [40]=Oop [52]=NarrowOop [92]=NarrowOop [96]=Oop [104]=NarrowOop [108]=NarrowOop [152]=Oop }
                      ;*baload {reexecute=0 rethrow=0 return_oop=0}
                      ; - java.lang.StringLatin1::lastIndexOf@24 (line 295)
                      ; - java.lang.String::lastIndexOf@13 (line 2489)
                      ; - java.lang.String::lastIndexOf@8 (line 2451)
                      ; - java.lang.Class::getPackageName@47 (line 1085)
                      ; - jdk.internal.reflect.Reflection::verifyModuleAccess@13 (line 243)
                      ; - jdk.internal.reflect.Reflection::verifyMemberAccess@22 (line 141)
                      ; - java.lang.reflect.AccessibleObject::slowVerifyAccess@16 (line 715)
                      ; - java.lang.reflect.AccessibleObject::verifyAccess@51 (line 701)
                      ; - java.lang.reflect.AccessibleObject::checkAccess@6 (line 673)
                      ; - java.lang.reflect.Constructor::newInstanceWithCaller@18 (line 490)
  0x000002cacbfbb1e8: 14b7 75ff | baf4 ffff | ff48 8b6c | 2428 4489 | 4c24 3490 

  0x000002cacbfbb1fc: ;   {runtime_call UncommonTrapBlob}
  0x000002cacbfbb1fc: c5f8 77e8 

  0x000002cacbfbb200: ; ImmutableOopMap {rbp=Oop [52]=NarrowOop [152]=Oop }
                      ;*invokevirtual getModifiers {reexecute=0 rethrow=0 return_oop=0}
                      ; - jdk.internal.reflect.ReflectionFactory::newConstructorAccessor@9 (line 226)
                      ; - java.lang.reflect.Constructor::acquireConstructorAccessor@33 (line 542)
                      ; - java.lang.reflect.Constructor::newInstanceWithCaller@57 (line 497)
  0x000002cacbfbb200: fcb6 75ff | ba5c ffff | ff48 8b6c | 2428 4489 | 4c24 3090 

  0x000002cacbfbb214: ;   {runtime_call UncommonTrapBlob}
  0x000002cacbfbb214: c5f8 77e8 

  0x000002cacbfbb218: ; ImmutableOopMap {rbp=Oop [48]=NarrowOop [152]=Oop }
                      ;*ifnull {reexecute=1 rethrow=0 return_oop=0}
                      ; - (reexecute) jdk.internal.reflect.ReflectionFactory::newConstructorAccessor@58 (line 236)
                      ; - java.lang.reflect.Constructor::acquireConstructorAccessor@33 (line 542)
                      ; - java.lang.reflect.Constructor::newInstanceWithCaller@57 (line 497)
  0x000002cacbfbb218: e4b6 75ff | bade ffff | ff4c 8b54 | 2428 4c89 | 5424 2044 | 894c 2440 

  0x000002cacbfbb230: ;   {runtime_call UncommonTrapBlob}
  0x000002cacbfbb230: c5f8 77e8 

  0x000002cacbfbb234: ; ImmutableOopMap {rbp=NarrowOop [32]=Oop [64]=NarrowOop [152]=Oop }
                      ;*invokeinterface getRoot {reexecute=0 rethrow=0 return_oop=0}
                      ; - jdk.internal.reflect.ReflectionFactory::newConstructorAccessor@48 (line 235)
                      ; - java.lang.reflect.Constructor::acquireConstructorAccessor@33 (line 542)
                      ; - java.lang.reflect.Constructor::newInstanceWithCaller@57 (line 497)
  0x000002cacbfbb234: c8b6 75ff 

  0x000002cacbfbb238: ;   {oop(a 'java/lang/Module'{0x00000006004d3b00})}
  0x000002cacbfbb238: 49b8 003b | 4d00 0600 | 0000 488b | 5424 5048 | 8bac 2498 | 0000 0090 

  0x000002cacbfbb250: ;   {optimized virtual_call}
  0x000002cacbfbb250: c5f8 77e8 

  0x000002cacbfbb254: ; ImmutableOopMap {rbp=Oop [40]=Oop [48]=Oop [56]=NarrowOop [64]=Oop [72]=Oop [96]=Oop [128]=Oop [136]=Oop [144]=Oop }
                      ;*invokeinterface contains {reexecute=0 rethrow=0 return_oop=0}
                      ; - java.lang.Module::allows@48 (line 675)
                      ; - java.lang.Module::isStaticallyExportedOrOpen@60 (line 655)
                      ; - java.lang.Module::implIsExportedOrOpen@70 (line 630)
                      ; - java.lang.Module::isExported@14 (line 530)
                      ; - jdk.internal.reflect.Reflection::verifyModuleAccess@20 (line 244)
                      ; - jdk.internal.reflect.Reflection::verifyMemberAccess@22 (line 141)
                      ; - java.lang.reflect.AccessibleObject::slowVerifyAccess@16 (line 715)
                      ; - java.lang.reflect.AccessibleObject::verifyAccess@51 (line 701)
                      ; - java.lang.reflect.AccessibleObject::checkAccess@6 (line 673)
                      ; - java.lang.reflect.Constructor::newInstanceWithCaller@18 (line 490)
  0x000002cacbfbb254: 2861 75ff | 85c0 0f85 | 10ee ffff | 48ff 7424 | 4848 8f44 | 2450 4889 | ac24 9800 | 0000 448b 
  0x000002cacbfbb274: 5424 384c | 8b5c 2420 | 4c89 9c24 | b000 0000 | c5fb 1044 | 2430 448b | 7424 588b | 7424 3cc5 
  0x000002cacbfbb294: fa10 4c24 | 5cc5 fb10 | 5424 6048 | 8b44 2470 | 448b 6c24 | 784c 8b84 | 2480 0000 | 0048 8b8c 
  0x000002cacbfbb2b4: 2488 0000 | 0048 8b9c | 2490 0000 | 00e9 69e9 | ffff baf4 | ffff ff4c | 8b5c 2428 | 4c89 5c24 
  0x000002cacbfbb2d4: 204c 8b5c | 2450 4489 | 5424 344c | 895c 2440 | 48ff 7424 | 5048 8f44 | 2448 c5fb | 1154 2460 
  0x000002cacbfbb2f4: 4489 7424 | 54c5 fb11 | 5424 6844 | 8974 2478 

  0x000002cacbfbb304: ;   {runtime_call UncommonTrapBlob}
  0x000002cacbfbb304: c5f8 77e8 

  0x000002cacbfbb308: ; ImmutableOopMap {[32]=Oop [52]=NarrowOop [64]=Oop [72]=Oop [96]=Oop [104]=Oop [152]=Oop }
                      ;*invokestatic getClassAccessFlags {reexecute=0 rethrow=0 return_oop=0}
                      ; - jdk.internal.reflect.Reflection::verifyMemberAccess@37 (line 148)
                      ; - java.lang.reflect.AccessibleObject::slowVerifyAccess@16 (line 715)
                      ; - java.lang.reflect.AccessibleObject::verifyAccess@51 (line 701)
                      ; - java.lang.reflect.AccessibleObject::checkAccess@6 (line 673)
                      ; - java.lang.reflect.Constructor::newInstanceWithCaller@18 (line 490)
  0x000002cacbfbb308: f4b5 75ff | 4f8d 14dc | 458b 420c | 443b 8424 | a000 0000 | 7518 458b 

  0x000002cacbfbb320: ;   {oop(a 'java/lang/Module'{0x0000000600498a60})}
  0x000002cacbfbb320: 4210 4181 | f84c 3109 | c075 0b41 | ba01 0000 | 00e9 31ed | ffff 4d8b | 9f58 0300 | 0045 8b42 
  0x000002cacbfbb340: ; ImmutableOopMap {r8=NarrowOop [40]=Oop [48]=Oop [56]=NarrowOop [64]=Oop [72]=Oop [80]=Oop [96]=Oop [104]=NarrowOop [108]=NarrowOop [128]=Oop [136]=Oop [144]=Oop [152]=Oop }
                      ;*ifnonnull {reexecute=1 rethrow=0 return_oop=0}
                      ; - (reexecute) java.util.HashMap::getNode@145 (line 579)
                      ; - java.util.HashMap::containsKey@2 (line 594)
                      ; - java.util.HashSet::contains@5 (line 205)
                      ; - java.lang.Module::allows@8 (line 670)
                      ; - java.lang.Module::isStaticallyExportedOrOpen@60 (line 655)
                      ; - java.lang.Module::implIsExportedOrOpen@70 (line 630)
                      ; - java.lang.Module::isExported@14 (line 530)
                      ; - jdk.internal.reflect.Reflection::verifyModuleAccess@20 (line 244)
                      ; - jdk.internal.reflect.Reflection::verifyMemberAccess@22 (line 141)
                      ; - java.lang.reflect.AccessibleObject::slowVerifyAccess@16 (line 715)
                      ; - java.lang.reflect.AccessibleObject::verifyAccess@51 (line 701)
                      ; - java.lang.reflect.AccessibleObject::checkAccess@6 (line 673)
                      ; - java.lang.reflect.Constructor::newInstanceWithCaller@18 (line 490)
                      ;   {poll}
  0x000002cacbfbb340: 1841 8503 | 4585 c00f | 84bc f8ff | ff4f 8d14 | c4eb bdba | 45ff ffff | 488b ac24 | 9800 0000 
  0x000002cacbfbb360: 4c8b 5c24 | 284c 895c | 2420 4489 | 5424 3448 | 897c 2440 | 4489 5424 | 4844 8974 | 2454 4489 
  0x000002cacbfbb380: 4424 5890 

  0x000002cacbfbb384: ;   {runtime_call UncommonTrapBlob}
  0x000002cacbfbb384: c5f8 77e8 

  0x000002cacbfbb388: ; ImmutableOopMap {rbp=Oop [32]=Oop [52]=NarrowOop [64]=Oop [72]=NarrowOop }
                      ;*ifeq {reexecute=1 rethrow=0 return_oop=0}
                      ; - (reexecute) java.lang.reflect.AccessibleObject::verifyAccess@16 (line 690)
                      ; - java.lang.reflect.AccessibleObject::checkAccess@6 (line 673)
                      ; - java.lang.reflect.Constructor::newInstanceWithCaller@18 (line 490)
  0x000002cacbfbb388: 74b5 75ff | 498b d7c5 | f877 49ba | 40d2 270a | ff7f 0000 | 41ff d2e9 | 07df ffff | 4f8d 14dc 
  0x000002cacbfbb3a8: 458b 420c | 443b 8424 | a000 0000 | 7518 458b 

  0x000002cacbfbb3b8: ;   {oop(a 'java/lang/Module'{0x0000000600498a60})}
  0x000002cacbfbb3b8: 4210 4181 | f84c 3109 | c075 0b41 | ba01 0000 | 00e9 99ec | ffff 4d8b | 9f58 0300 | 0045 8b42 
  0x000002cacbfbb3d8: ; ImmutableOopMap {r8=NarrowOop [40]=Oop [48]=Oop [56]=NarrowOop [64]=Oop [72]=Oop [80]=Oop [96]=Oop [104]=NarrowOop [108]=NarrowOop [128]=Oop [136]=Oop [144]=Oop [152]=Oop }
                      ;*ifnonnull {reexecute=1 rethrow=0 return_oop=0}
                      ; - (reexecute) java.util.HashMap::getNode@145 (line 579)
                      ; - java.util.HashMap::containsKey@2 (line 594)
                      ; - java.util.HashSet::contains@5 (line 205)
                      ; - java.lang.Module::allows@8 (line 670)
                      ; - java.lang.Module::isStaticallyExportedOrOpen@60 (line 655)
                      ; - java.lang.Module::implIsExportedOrOpen@70 (line 630)
                      ; - java.lang.Module::isExported@14 (line 530)
                      ; - jdk.internal.reflect.Reflection::verifyModuleAccess@20 (line 244)
                      ; - jdk.internal.reflect.Reflection::verifyMemberAccess@22 (line 141)
                      ; - java.lang.reflect.AccessibleObject::slowVerifyAccess@16 (line 715)
                      ; - java.lang.reflect.AccessibleObject::verifyAccess@51 (line 701)
                      ; - java.lang.reflect.AccessibleObject::checkAccess@6 (line 673)
                      ; - java.lang.reflect.Constructor::newInstanceWithCaller@18 (line 490)
                      ;   {poll}
  0x000002cacbfbb3d8: 1841 8503 | 4585 c00f | 840f f7ff | ff4f 8d14 | c4eb bdba | 45ff ffff | 4c8b 5424 | 284c 8954 
  0x000002cacbfbb3f8: 2420 6690 

  0x000002cacbfbb3fc: ;   {runtime_call UncommonTrapBlob}
  0x000002cacbfbb3fc: c5f8 77e8 

  0x000002cacbfbb400: ; ImmutableOopMap {[32]=Oop [152]=Oop }
                      ;*ifeq {reexecute=1 rethrow=0 return_oop=0}
                      ; - (reexecute) jdk.internal.reflect.ReflectionFactory::checkInitted@3 (line 641)
                      ; - jdk.internal.reflect.ReflectionFactory::newConstructorAccessor@0 (line 223)
                      ; - java.lang.reflect.Constructor::acquireConstructorAccessor@33 (line 542)
                      ; - java.lang.reflect.Constructor::newInstanceWithCaller@57 (line 497)
  0x000002cacbfbb400: fcb4 75ff | 4585 db40 | 0f95 c540 | 0fb6 edba | 45ff ffff | 4c8b 5424 | 284c 8954 | 2420 4489 
  0x000002cacbfbb420: 4c24 3890 

  0x000002cacbfbb424: ;   {runtime_call UncommonTrapBlob}
  0x000002cacbfbb424: c5f8 77e8 

  0x000002cacbfbb428: ; ImmutableOopMap {[32]=Oop [56]=NarrowOop [152]=Oop }
                      ;*ifeq {reexecute=1 rethrow=0 return_oop=0}
                      ; - (reexecute) jdk.internal.reflect.ReflectionFactory::newConstructorAccessor@15 (line 226)
                      ; - java.lang.reflect.Constructor::acquireConstructorAccessor@33 (line 542)
                      ; - java.lang.reflect.Constructor::newInstanceWithCaller@57 (line 497)
  0x000002cacbfbb428: d4b4 75ff | ba45 ffff | ff48 8b6c | 2428 4489 | 4c24 3490 

  0x000002cacbfbb43c: ;   {runtime_call UncommonTrapBlob}
  0x000002cacbfbb43c: c5f8 77e8 

  0x000002cacbfbb440: ; ImmutableOopMap {rbp=Oop [52]=NarrowOop [152]=Oop }
                      ;*if_acmpne {reexecute=1 rethrow=0 return_oop=0}
                      ; - (reexecute) jdk.internal.reflect.ReflectionFactory::newConstructorAccessor@30 (line 229)
                      ; - java.lang.reflect.Constructor::acquireConstructorAccessor@33 (line 542)
                      ; - java.lang.reflect.Constructor::newInstanceWithCaller@57 (line 497)
  0x000002cacbfbb440: bcb4 75ff | ba45 ffff | ff4c 8b54 | 2428 4c89 | 5424 2090 

  0x000002cacbfbb454: ;   {runtime_call UncommonTrapBlob}
  0x000002cacbfbb454: c5f8 77e8 

  0x000002cacbfbb458: ; ImmutableOopMap {[32]=Oop [48]=NarrowOop [152]=Oop }
                      ;*ifeq {reexecute=1 rethrow=0 return_oop=0}
                      ; - (reexecute) jdk.internal.reflect.ReflectionFactory::newConstructorAccessor@84 (line 248)
                      ; - java.lang.reflect.Constructor::acquireConstructorAccessor@33 (line 542)
                      ; - java.lang.reflect.Constructor::newInstanceWithCaller@57 (line 497)
  0x000002cacbfbb458: a4b4 75ff | 498b d7c5 | f877 49ba | 40d2 270a | ff7f 0000 | 41ff d2e9 | b7dc ffff | 498b d7c5 
  0x000002cacbfbb478: f877 49ba | 40d2 270a | ff7f 0000 | 41ff d2e9 | 4ddc ffff | ba45 ffff | ff4c 8b5c | 2428 4c89 
  0x000002cacbfbb498: 5c24 204c | 8b5c 2450 | 4489 5424 | 344c 895c | 2440 4489 | 7424 48c5 | fb11 5424 | 58c5 fa11 
  0x000002cacbfbb4b8: 4c24 4c90 

  0x000002cacbfbb4bc: ;   {runtime_call UncommonTrapBlob}
  0x000002cacbfbb4bc: c5f8 77e8 

  0x000002cacbfbb4c0: ; ImmutableOopMap {[32]=Oop [52]=NarrowOop [64]=Oop [88]=Oop [152]=Oop }
                      ;*ifeq {reexecute=1 rethrow=0 return_oop=0}
                      ; - (reexecute) java.lang.reflect.AccessibleObject::slowVerifyAccess@33 (line 722)
                      ; - java.lang.reflect.AccessibleObject::verifyAccess@51 (line 701)
                      ; - java.lang.reflect.AccessibleObject::checkAccess@6 (line 673)
                      ; - java.lang.reflect.Constructor::newInstanceWithCaller@18 (line 490)
  0x000002cacbfbb4c0: 3cb4 75ff | ba45 ffff | ff44 8954 | 243c c5fb | 1154 2468 | 4489 7424 | 5cc5 fb11 | 5424 7044 
  0x000002cacbfbb4e0: 89b4 2480 | 0000 0044 | 89ac 2484 | 0000 0044 | 8984 2488 | 0000 0090 

  0x000002cacbfbb4f8: ;   {runtime_call UncommonTrapBlob}
  0x000002cacbfbb4f8: c5f8 77e8 

  0x000002cacbfbb4fc: ; ImmutableOopMap {[40]=Oop [60]=NarrowOop [80]=Oop [104]=Oop [112]=Oop [152]=Oop }
                      ;*ifeq {reexecute=1 rethrow=0 return_oop=0}
                      ; - (reexecute) jdk.internal.reflect.Reflection::verifyMemberAccess@67 (line 158)
                      ; - java.lang.reflect.AccessibleObject::slowVerifyAccess@16 (line 715)
                      ; - java.lang.reflect.AccessibleObject::verifyAccess@51 (line 701)
                      ; - java.lang.reflect.AccessibleObject::checkAccess@6 (line 673)
                      ; - java.lang.reflect.Constructor::newInstanceWithCaller@18 (line 490)
  0x000002cacbfbb4fc: 00b4 75ff | 498b d7c5 | f877 49ba | 40d2 270a | ff7f 0000 | 41ff d2e9 | f8dd ffff | 4533 c0e9 
  0x000002cacbfbb51c: b9f3 ffff | ba45 ffff | ff48 8bac | 2498 0000 | 004c 8b44 | 2428 4c89 | 4424 2044 | 8954 2434 
  0x000002cacbfbb53c: 4889 7c24 | 4048 897c | 2448 c5fb | 1154 2460 | 4489 7424 | 54c5 fb11 | 5424 6844 | 8974 2478 
  0x000002cacbfbb55c: 4489 5c24 | 7c44 898c | 2480 0000 | 0066 6690 

  0x000002cacbfbb56c: ;   {runtime_call UncommonTrapBlob}
  0x000002cacbfbb56c: c5f8 77e8 

  0x000002cacbfbb570: ; ImmutableOopMap {rbp=Oop [32]=Oop [52]=NarrowOop [64]=Oop [72]=Oop [96]=Oop [104]=Oop [124]=NarrowOop [128]=NarrowOop }
                      ;*ifeq {reexecute=1 rethrow=0 return_oop=0}
                      ; - (reexecute) java.lang.Class::getPackageName@13 (line 1080)
                      ; - jdk.internal.reflect.Reflection::verifyModuleAccess@13 (line 243)
                      ; - jdk.internal.reflect.Reflection::verifyMemberAccess@22 (line 141)
                      ; - java.lang.reflect.AccessibleObject::slowVerifyAccess@16 (line 715)
                      ; - java.lang.reflect.AccessibleObject::verifyAccess@51 (line 701)
                      ; - java.lang.reflect.AccessibleObject::checkAccess@6 (line 673)
                      ; - java.lang.reflect.Constructor::newInstanceWithCaller@18 (line 490)
  0x000002cacbfbb570: 8cb3 75ff | bade ffff | ff44 8954 | 243c 4c8b | 9424 9800 | 0000 4c89 | 5424 40c5 | fb11 5424 
  0x000002cacbfbb590: 6844 8974 | 245c c5fb | 1154 2470 | 4489 b424 | 8000 0000 | 4489 9c24 | 9400 0000 | 4489 8c24 
  0x000002cacbfbb5b0: 9800 0000 | 4c89 8424 | a000 0000 

  0x000002cacbfbb5bc: ;   {runtime_call UncommonTrapBlob}
  0x000002cacbfbb5bc: c5f8 77e8 

  0x000002cacbfbb5c0: ; ImmutableOopMap {rbp=NarrowOop [40]=Oop [60]=NarrowOop [64]=Oop [80]=Oop [104]=Oop [112]=Oop [148]=NarrowOop [152]=NarrowOop [160]=Oop }
                      ;*invokeinterface get {reexecute=0 rethrow=0 return_oop=0}
                      ; - java.lang.Module::isStaticallyExportedOrOpen@51 (line 655)
                      ; - java.lang.Module::implIsExportedOrOpen@70 (line 630)
                      ; - java.lang.Module::isExported@14 (line 530)
                      ; - jdk.internal.reflect.Reflection::verifyModuleAccess@20 (line 244)
                      ; - jdk.internal.reflect.Reflection::verifyMemberAccess@22 (line 141)
                      ; - java.lang.reflect.AccessibleObject::slowVerifyAccess@16 (line 715)
                      ; - java.lang.reflect.AccessibleObject::verifyAccess@51 (line 701)
                      ; - java.lang.reflect.AccessibleObject::checkAccess@6 (line 673)
                      ; - java.lang.reflect.Constructor::newInstanceWithCaller@18 (line 490)
  0x000002cacbfbb5c0: 3cb3 75ff | ba45 ffff | ff48 8bac | 2498 0000 | 0048 8b4c | 2428 4889 | 4c24 2048 | 8b4c 2450 
  0x000002cacbfbb5e0: 4489 5424 | 3448 894c | 2440 48ff | 7424 5048 | 8f44 2448 | c5fb 1154 | 2460 4489 | 7424 54c5 
  0x000002cacbfbb600: fb11 5424 | 6844 8974 | 2478 4489 | 4c24 7c44 | 899c 2488 | 0000 004c | 8984 2490 | 0000 004c 
  0x000002cacbfbb620: 8984 2498 | 0000 0090 

  0x000002cacbfbb628: ;   {runtime_call UncommonTrapBlob}
  0x000002cacbfbb628: c5f8 77e8 

  0x000002cacbfbb62c: ; ImmutableOopMap {rbp=Oop [32]=Oop [52]=NarrowOop [64]=Oop [72]=Oop [96]=Oop [104]=Oop [124]=NarrowOop [136]=NarrowOop [144]=Oop [152]=Oop }
                      ;*ifnonnull {reexecute=1 rethrow=0 return_oop=0}
                      ; - (reexecute) java.util.Objects::requireNonNull@1 (line 208)
                      ; - java.lang.Module::isExported@1 (line 528)
                      ; - jdk.internal.reflect.Reflection::verifyModuleAccess@20 (line 244)
                      ; - jdk.internal.reflect.Reflection::verifyMemberAccess@22 (line 141)
                      ; - java.lang.reflect.AccessibleObject::slowVerifyAccess@16 (line 715)
                      ; - java.lang.reflect.AccessibleObject::verifyAccess@51 (line 701)
                      ; - java.lang.reflect.AccessibleObject::checkAccess@6 (line 673)
                      ; - java.lang.reflect.Constructor::newInstanceWithCaller@18 (line 490)
  0x000002cacbfbb62c: d0b2 75ff | ba45 ffff | ff48 8b4c | 2428 4889 | 4c24 2048 | 8b4c 2450 | 4489 5424 | 3448 894c 
  0x000002cacbfbb64c: 2440 48ff | 7424 5048 | 8f44 2448 | c5fb 1154 | 2460 4489 | 7424 54c5 | fb11 5424 | 6844 8974 
  0x000002cacbfbb66c: 2478 4489 | 4c24 7c4c | 8984 2480 | 0000 0044 | 899c 248c | 0000 0044 | 899c 2490 | 0000 0090 
  0x000002cacbfbb68c: ;   {runtime_call UncommonTrapBlob}
  0x000002cacbfbb68c: c5f8 77e8 

  0x000002cacbfbb690: ; ImmutableOopMap {[32]=Oop [52]=NarrowOop [64]=Oop [72]=Oop [96]=Oop [104]=Oop [124]=NarrowOop [128]=Oop [140]=NarrowOop [144]=NarrowOop [152]=Oop }
                      ;*ifnonnull {reexecute=1 rethrow=0 return_oop=0}
                      ; - (reexecute) java.util.Objects::requireNonNull@1 (line 208)
                      ; - java.lang.Module::isExported@6 (line 529)
                      ; - jdk.internal.reflect.Reflection::verifyModuleAccess@20 (line 244)
                      ; - jdk.internal.reflect.Reflection::verifyMemberAccess@22 (line 141)
                      ; - java.lang.reflect.AccessibleObject::slowVerifyAccess@16 (line 715)
                      ; - java.lang.reflect.AccessibleObject::verifyAccess@51 (line 701)
                      ; - java.lang.reflect.AccessibleObject::checkAccess@6 (line 673)
                      ; - java.lang.reflect.Constructor::newInstanceWithCaller@18 (line 490)
  0x000002cacbfbb690: 6cb2 75ff | 4c63 5424 | 504d 8bc2 | e945 e0ff | ff4c 8bd1 | 4983 c2fe | 498b ca49 | 8bf9 4833 
  0x000002cacbfbb6b0: c048 83f9 | 087f 1048 | ffc9 784f | 4889 04cf | 48ff c97d | f7eb 44c5 | fdef c0e9 | 0d00 0000 
  0x000002cacbfbb6d0: c5fe 7f07 | c5fe 7f47 | 2048 83c7 | 4048 83e9 | 087d ed48 | 83c1 047c | 0cc5 fe7f | 0748 83c7 
  0x000002cacbfbb6f0: 2048 83e9 | 0448 83c1 | 047e 1048 | ffc9 c5f9 | d607 4883 | c708 48ff | c97d f3e9 | ffe0 ffff 
  0x000002cacbfbb710: bacc ffff | ff48 8b6c | 2440 4c8b | 5424 284c | 8954 2420 | 4c8b 5424 | 484c 8954 | 2428 448b 
  0x000002cacbfbb730: 5c24 3845 | 8bd3 4489 | 5424 3490 

  0x000002cacbfbb73c: ;   {runtime_call UncommonTrapBlob}
  0x000002cacbfbb73c: c5f8 77e8 

  0x000002cacbfbb740: ; ImmutableOopMap {rbp=Oop [32]=Oop [40]=Oop [52]=NarrowOop [92]=NarrowOop [96]=Oop [104]=NarrowOop [108]=NarrowOop [120]=Oop }
                      ;*newarray {reexecute=1 rethrow=0 return_oop=0}
                      ; - (reexecute) java.util.Arrays::copyOfRange@41 (line 3822)
                      ; - java.lang.StringLatin1::newString@16 (line 769)
                      ; - java.lang.String::substring@41 (line 2714)
                      ; - java.lang.Class::getPackageName@62 (line 1086)
                      ; - jdk.internal.reflect.Reflection::verifyModuleAccess@13 (line 243)
                      ; - jdk.internal.reflect.Reflection::verifyMemberAccess@22 (line 141)
                      ; - java.lang.reflect.AccessibleObject::slowVerifyAccess@16 (line 715)
                      ; - java.lang.reflect.AccessibleObject::verifyAccess@51 (line 701)
                      ; - java.lang.reflect.AccessibleObject::checkAccess@6 (line 673)
                      ; - java.lang.reflect.Constructor::newInstanceWithCaller@18 (line 490)
  0x000002cacbfbb740: bcb1 75ff 

  0x000002cacbfbb744: ;   {oop(a 'java/lang/Module'{0x0000000600498a60})}
  0x000002cacbfbb744: 48ba 608a | 4900 0600 | 0000 6690 

  0x000002cacbfbb750: ;   {optimized virtual_call}
  0x000002cacbfbb750: c5f8 77e8 

  0x000002cacbfbb754: ; ImmutableOopMap {rbp=Oop [40]=Oop [48]=Oop [56]=NarrowOop [64]=Oop [72]=Oop [80]=Oop [96]=Oop [104]=NarrowOop [108]=NarrowOop [128]=Oop [136]=Oop [144]=Oop [152]=Oop }
                      ;*invokevirtual hashCode {reexecute=0 rethrow=0 return_oop=0}
                      ; - java.util.HashMap::hash@9 (line 338)
                      ; - java.util.HashMap::getNode@23 (line 568)
                      ; - java.util.HashMap::containsKey@2 (line 594)
                      ; - java.util.HashSet::contains@5 (line 205)
                      ; - java.lang.Module::allows@8 (line 670)
                      ; - java.lang.Module::isStaticallyExportedOrOpen@60 (line 655)
                      ; - java.lang.Module::implIsExportedOrOpen@70 (line 630)
                      ; - java.lang.Module::isExported@14 (line 530)
                      ; - jdk.internal.reflect.Reflection::verifyModuleAccess@20 (line 244)
                      ; - jdk.internal.reflect.Reflection::verifyMemberAccess@22 (line 141)
                      ; - java.lang.reflect.AccessibleObject::slowVerifyAccess@16 (line 715)
                      ; - java.lang.reflect.AccessibleObject::verifyAccess@51 (line 701)
                      ; - java.lang.reflect.AccessibleObject::checkAccess@6 (line 673)
                      ; - java.lang.reflect.Constructor::newInstanceWithCaller@18 (line 490)
  0x000002cacbfbb754: 285c 75ff | e982 f4ff 

  0x000002cacbfbb75c: ;   {oop(a 'java/lang/Module'{0x0000000600498a60})}
  0x000002cacbfbb75c: ff48 ba60 | 8a49 0006 | 0000 0090 

  0x000002cacbfbb768: ;   {optimized virtual_call}
  0x000002cacbfbb768: c5f8 77e8 

  0x000002cacbfbb76c: ; ImmutableOopMap {rbp=Oop [40]=Oop [48]=Oop [56]=NarrowOop [64]=Oop [72]=Oop [80]=Oop [96]=Oop [104]=NarrowOop [108]=NarrowOop [128]=Oop [136]=Oop [144]=Oop [152]=Oop }
                      ;*invokevirtual hashCode {reexecute=0 rethrow=0 return_oop=0}
                      ; - java.util.HashMap::hash@9 (line 338)
                      ; - java.util.HashMap::getNode@23 (line 568)
                      ; - java.util.HashMap::containsKey@2 (line 594)
                      ; - java.util.HashSet::contains@5 (line 205)
                      ; - java.lang.Module::allows@8 (line 670)
                      ; - java.lang.Module::isStaticallyExportedOrOpen@60 (line 655)
                      ; - java.lang.Module::implIsExportedOrOpen@70 (line 630)
                      ; - java.lang.Module::isExported@14 (line 530)
                      ; - jdk.internal.reflect.Reflection::verifyModuleAccess@20 (line 244)
                      ; - jdk.internal.reflect.Reflection::verifyMemberAccess@22 (line 141)
                      ; - java.lang.reflect.AccessibleObject::slowVerifyAccess@16 (line 715)
                      ; - java.lang.reflect.AccessibleObject::verifyAccess@51 (line 701)
                      ; - java.lang.reflect.AccessibleObject::checkAccess@6 (line 673)
                      ; - java.lang.reflect.Constructor::newInstanceWithCaller@18 (line 490)
  0x000002cacbfbb76c: 105c 75ff | e955 f3ff | ffba 45ff | ffff 4c8b | 5424 284c | 8954 2420 | 4c8b 5424 | 384c 8954 
  0x000002cacbfbb78c: 2448 4889 | 4424 f88b | 4424 5889 | 4424 5048 | 8b44 24f8 

  0x000002cacbfbb7a0: ;   {runtime_call UncommonTrapBlob}
  0x000002cacbfbb7a0: c5f8 77e8 

  0x000002cacbfbb7a4: ; ImmutableOopMap {[32]=Oop [64]=Oop [72]=Oop [96]=Oop [136]=NarrowOop [152]=Oop }
                      ;*ifne {reexecute=1 rethrow=0 return_oop=0}
                      ; - (reexecute) jdk.internal.reflect.Reflection::verifyMemberAccess@25 (line 141)
                      ; - java.lang.reflect.AccessibleObject::slowVerifyAccess@16 (line 715)
                      ; - java.lang.reflect.AccessibleObject::verifyAccess@51 (line 701)
                      ; - java.lang.reflect.AccessibleObject::checkAccess@6 (line 673)
                      ; - java.lang.reflect.Constructor::newInstanceWithCaller@18 (line 490)
  0x000002cacbfbb7a4: 58b1 75ff | 85c9 400f | 95c5 400f | b6ed 83f5 | 01ba 45ff | ffff 4c89 | 8424 a000 | 0000 4489 
  0x000002cacbfbb7c4: 8c24 8c00 | 0000 6690 

  0x000002cacbfbb7cc: ;   {runtime_call UncommonTrapBlob}
  0x000002cacbfbb7cc: c5f8 77e8 

  0x000002cacbfbb7d0: ; ImmutableOopMap {[40]=Oop [56]=NarrowOop [64]=Oop [80]=Oop [92]=NarrowOop [96]=Oop [104]=NarrowOop [160]=Oop }
                      ;*ifeq {reexecute=1 rethrow=0 return_oop=0}
                      ; - (reexecute) java.lang.String::lastIndexOf@4 (line 2489)
                      ; - java.lang.String::lastIndexOf@8 (line 2451)
                      ; - java.lang.Class::getPackageName@47 (line 1085)
                      ; - jdk.internal.reflect.Reflection::verifyModuleAccess@13 (line 243)
                      ; - jdk.internal.reflect.Reflection::verifyMemberAccess@22 (line 141)
                      ; - java.lang.reflect.AccessibleObject::slowVerifyAccess@16 (line 715)
                      ; - java.lang.reflect.AccessibleObject::verifyAccess@51 (line 701)
                      ; - java.lang.reflect.AccessibleObject::checkAccess@6 (line 673)
                      ; - java.lang.reflect.Constructor::newInstanceWithCaller@18 (line 490)
  0x000002cacbfbb7d0: 2cb1 75ff | 498b d7c5 | f877 49ba | 40d2 270a | ff7f 0000 | 41ff d2e9 | 14f6 ffff | ba45 ffff 
  0x000002cacbfbb7f0: ff48 8b6c | 2440 4c8b | 5424 284c | 8954 2420 | 4c8b 5424 | 484c 8954 | 2428 448b | 5c24 3845 
  0x000002cacbfbb810: 8bd3 4489 | 5424 3444 | 8b54 2458 | 4489 5424 | 544c 8984 | 2490 0000 | 0089 9c24 | a000 0000 
  0x000002cacbfbb830: ;   {runtime_call UncommonTrapBlob}
  0x000002cacbfbb830: c5f8 77e8 

  0x000002cacbfbb834: ; ImmutableOopMap {rbp=Oop [32]=Oop [40]=Oop [52]=NarrowOop [92]=NarrowOop [96]=Oop [104]=NarrowOop [144]=Oop }
                      ;*if_icmpgt {reexecute=1 rethrow=0 return_oop=0}
                      ; - (reexecute) java.lang.String::checkBoundsBeginEnd@6 (line 4605)
                      ; - java.lang.String::substring@8 (line 2709)
                      ; - java.lang.Class::getPackageName@62 (line 1086)
                      ; - jdk.internal.reflect.Reflection::verifyModuleAccess@13 (line 243)
                      ; - jdk.internal.reflect.Reflection::verifyMemberAccess@22 (line 141)
                      ; - java.lang.reflect.AccessibleObject::slowVerifyAccess@16 (line 715)
                      ; - java.lang.reflect.AccessibleObject::verifyAccess@51 (line 701)
                      ; - java.lang.reflect.AccessibleObject::checkAccess@6 (line 673)
                      ; - java.lang.reflect.Constructor::newInstanceWithCaller@18 (line 490)
  0x000002cacbfbb834: c8b0 75ff | ba45 ffff | ff48 8b6c | 2440 4c8b | 5424 284c | 8954 2420 | 4c8b 5424 | 484c 8954 
  0x000002cacbfbb854: 2428 448b | 5424 3844 | 8954 2434 | 4c89 8424 | 9000 0000 | 899c 24a0 | 0000 0089 | 9c24 a800 
  0x000002cacbfbb874: 0000 6690 

  0x000002cacbfbb878: ;   {runtime_call UncommonTrapBlob}
  0x000002cacbfbb878: c5f8 77e8 

  0x000002cacbfbb87c: ; ImmutableOopMap {rbp=Oop [32]=Oop [40]=Oop [52]=NarrowOop [92]=NarrowOop [96]=Oop [104]=NarrowOop [144]=Oop }
                      ;*if_icmple {reexecute=1 rethrow=0 return_oop=0}
                      ; - (reexecute) java.lang.String::checkBoundsBeginEnd@11 (line 4605)
                      ; - java.lang.String::substring@8 (line 2709)
                      ; - java.lang.Class::getPackageName@62 (line 1086)
                      ; - jdk.internal.reflect.Reflection::verifyModuleAccess@13 (line 243)
                      ; - jdk.internal.reflect.Reflection::verifyMemberAccess@22 (line 141)
                      ; - java.lang.reflect.AccessibleObject::slowVerifyAccess@16 (line 715)
                      ; - java.lang.reflect.AccessibleObject::verifyAccess@51 (line 701)
                      ; - java.lang.reflect.AccessibleObject::checkAccess@6 (line 673)
                      ; - java.lang.reflect.Constructor::newInstanceWithCaller@18 (line 490)
  0x000002cacbfbb87c: 80b0 75ff | ba45 ffff | ff44 8954 | 243c c5fb | 1154 2468 | 4489 7424 | 5cc5 fb11 | 5424 7044 
  0x000002cacbfbb89c: 89b4 2480 | 0000 0044 | 898c 2484 | 0000 004c | 8984 2488 | 0000 0044 | 899c 2490 | 0000 0090 
  0x000002cacbfbb8bc: ;   {runtime_call UncommonTrapBlob}
  0x000002cacbfbb8bc: c5f8 77e8 

  0x000002cacbfbb8c0: ; ImmutableOopMap {[40]=Oop [60]=NarrowOop [80]=Oop [104]=Oop [112]=Oop [132]=NarrowOop [136]=Oop [144]=NarrowOop [152]=Oop }
                      ;*ifne {reexecute=1 rethrow=0 return_oop=0}
                      ; - (reexecute) java.lang.Module::implIsExportedOrOpen@39 (line 626)
                      ; - java.lang.Module::isExported@14 (line 530)
                      ; - jdk.internal.reflect.Reflection::verifyModuleAccess@20 (line 244)
                      ; - jdk.internal.reflect.Reflection::verifyMemberAccess@22 (line 141)
                      ; - java.lang.reflect.AccessibleObject::slowVerifyAccess@16 (line 715)
                      ; - java.lang.reflect.AccessibleObject::verifyAccess@51 (line 701)
                      ; - java.lang.reflect.AccessibleObject::checkAccess@6 (line 673)
                      ; - java.lang.reflect.Constructor::newInstanceWithCaller@18 (line 490)
  0x000002cacbfbb8c0: 3cb0 75ff | ba45 ffff | ff48 8b4c | 2428 4889 | 4c24 2048 | 8b4c 2450 | 4489 5424 | 3448 894c 
  0x000002cacbfbb8e0: 2440 48ff | 7424 5048 | 8f44 2448 | c5fb 1154 | 2460 4489 | 7424 54c5 | fb11 5424 | 6844 8974 
  0x000002cacbfbb900: 2478 4c89 | 8424 8000 | 0000 4489 | 9c24 8c00 | 0000 4489 | 8c24 9000 | 0000 6690 

  0x000002cacbfbb91c: ;   {runtime_call UncommonTrapBlob}
  0x000002cacbfbb91c: c5f8 77e8 

  0x000002cacbfbb920: ; ImmutableOopMap {[32]=Oop [52]=NarrowOop [64]=Oop [72]=Oop [96]=Oop [104]=Oop [128]=Oop [140]=NarrowOop [144]=NarrowOop [152]=Oop }
                      ;*if_acmpne {reexecute=1 rethrow=0 return_oop=0}
                      ; - (reexecute) java.lang.Module::implIsExportedOrOpen@11 (line 622)
                      ; - java.lang.Module::isExported@14 (line 530)
                      ; - jdk.internal.reflect.Reflection::verifyModuleAccess@20 (line 244)
                      ; - jdk.internal.reflect.Reflection::verifyMemberAccess@22 (line 141)
                      ; - java.lang.reflect.AccessibleObject::slowVerifyAccess@16 (line 715)
                      ; - java.lang.reflect.AccessibleObject::verifyAccess@51 (line 701)
                      ; - java.lang.reflect.AccessibleObject::checkAccess@6 (line 673)
                      ; - java.lang.reflect.Constructor::newInstanceWithCaller@18 (line 490)
  0x000002cacbfbb920: dcaf 75ff | ba45 ffff | ff44 8954 | 243c c5fb | 1154 2468 | 4489 7424 | 5cc5 fb11 | 5424 7044 
  0x000002cacbfbb940: 89b4 2480 | 0000 0044 | 898c 2484 | 0000 004c | 8984 2488 | 0000 0044 | 899c 2490 | 0000 0090 
  0x000002cacbfbb960: ;   {runtime_call UncommonTrapBlob}
  0x000002cacbfbb960: c5f8 77e8 

  0x000002cacbfbb964: ; ImmutableOopMap {[40]=Oop [60]=NarrowOop [80]=Oop [104]=Oop [112]=Oop [132]=NarrowOop [136]=Oop [144]=NarrowOop [152]=Oop }
                      ;*ifeq {reexecute=1 rethrow=0 return_oop=0}
                      ; - (reexecute) java.lang.Module::implIsExportedOrOpen@49 (line 626)
                      ; - java.lang.Module::isExported@14 (line 530)
                      ; - jdk.internal.reflect.Reflection::verifyModuleAccess@20 (line 244)
                      ; - jdk.internal.reflect.Reflection::verifyMemberAccess@22 (line 141)
                      ; - java.lang.reflect.AccessibleObject::slowVerifyAccess@16 (line 715)
                      ; - java.lang.reflect.AccessibleObject::verifyAccess@51 (line 701)
                      ; - java.lang.reflect.AccessibleObject::checkAccess@6 (line 673)
                      ; - java.lang.reflect.Constructor::newInstanceWithCaller@18 (line 490)
  0x000002cacbfbb964: 98af 75ff | ba45 ffff | ff44 8954 | 243c 4c8b | 9424 9800 | 0000 4c89 | 5424 40c5 | fb11 5424 
  0x000002cacbfbb984: 6844 8974 | 245c c5fb | 1154 2470 | 4489 b424 | 8000 0000 | 4489 9c24 | 9400 0000 | 4489 8c24 
  0x000002cacbfbb9a4: 9800 0000 | 4c89 8424 | a000 0000 | 89bc 249c | 0000 0090 

  0x000002cacbfbb9b8: ;   {runtime_call UncommonTrapBlob}
  0x000002cacbfbb9b8: c5f8 77e8 

  0x000002cacbfbb9bc: ; ImmutableOopMap {[40]=Oop [60]=NarrowOop [64]=Oop [80]=Oop [104]=Oop [112]=Oop [148]=NarrowOop [152]=NarrowOop [156]=NarrowOop [160]=Oop }
                      ;*ifle {reexecute=1 rethrow=0 return_oop=0}
                      ; - (reexecute) java.util.HashMap::getNode@14 (line 567)
                      ; - java.util.HashMap::get@2 (line 556)
                      ; - java.lang.Module::isStaticallyExportedOrOpen@51 (line 655)
                      ; - java.lang.Module::implIsExportedOrOpen@70 (line 630)
                      ; - java.lang.Module::isExported@14 (line 530)
                      ; - jdk.internal.reflect.Reflection::verifyModuleAccess@20 (line 244)
                      ; - jdk.internal.reflect.Reflection::verifyMemberAccess@22 (line 141)
                      ; - java.lang.reflect.AccessibleObject::slowVerifyAccess@16 (line 715)
                      ; - java.lang.reflect.AccessibleObject::verifyAccess@51 (line 701)
                      ; - java.lang.reflect.AccessibleObject::checkAccess@6 (line 673)
                      ; - java.lang.reflect.Constructor::newInstanceWithCaller@18 (line 490)
  0x000002cacbfbb9bc: 40af 75ff | ba76 ffff | ff89 bc24 | 9c00 0000 | 4489 8424 | a800 0000 | c5fa 1184 | 24ac 0000 
  0x000002cacbfbb9dc: 0066 6690 

  0x000002cacbfbb9e0: ;   {runtime_call UncommonTrapBlob}
  0x000002cacbfbb9e0: c5f8 77e8 

  0x000002cacbfbb9e4: ; ImmutableOopMap {[40]=Oop [56]=NarrowOop [64]=Oop [80]=Oop [96]=Oop [104]=NarrowOop [108]=NarrowOop [128]=Oop [156]=NarrowOop [172]=NarrowOop }
                      ;*if_icmpge {reexecute=1 rethrow=0 return_oop=0}
                      ; - (reexecute) java.lang.StringLatin1::hashCode@13 (line 196)
                      ; - java.lang.String::hashCode@27 (line 2344)
                      ; - java.util.HashMap::hash@9 (line 338)
                      ; - java.util.HashMap::getNode@23 (line 568)
                      ; - java.util.HashMap::get@2 (line 556)
                      ; - java.lang.Module::isStaticallyExportedOrOpen@51 (line 655)
                      ; - java.lang.Module::implIsExportedOrOpen@70 (line 630)
                      ; - java.lang.Module::isExported@14 (line 530)
                      ; - jdk.internal.reflect.Reflection::verifyModuleAccess@20 (line 244)
                      ; - jdk.internal.reflect.Reflection::verifyMemberAccess@22 (line 141)
                      ; - java.lang.reflect.AccessibleObject::slowVerifyAccess@16 (line 715)
                      ; - java.lang.reflect.AccessibleObject::verifyAccess@51 (line 701)
                      ; - java.lang.reflect.AccessibleObject::checkAccess@6 (line 673)
                      ; - java.lang.reflect.Constructor::newInstanceWithCaller@18 (line 490)
  0x000002cacbfbb9e4: 18af 75ff | bb01 0000 | 00e9 85e1 | ffff baf6 | ffff ff90 

  0x000002cacbfbb9f8: ;   {runtime_call UncommonTrapBlob}
  0x000002cacbfbb9f8: c5f8 77e8 

  0x000002cacbfbb9fc: ; ImmutableOopMap {[128]=Oop }
                      ;*invokevirtual find {reexecute=0 rethrow=0 return_oop=0}
                      ; - java.util.HashMap$TreeNode::getTreeNode@18 (line 2040)
                      ; - java.util.HashMap::getNode@95 (line 574)
                      ; - java.util.HashMap::get@2 (line 556)
                      ; - java.lang.Module::isStaticallyExportedOrOpen@51 (line 655)
                      ; - java.lang.Module::implIsExportedOrOpen@70 (line 630)
                      ; - java.lang.Module::isExported@14 (line 530)
                      ; - jdk.internal.reflect.Reflection::verifyModuleAccess@20 (line 244)
                      ; - jdk.internal.reflect.Reflection::verifyMemberAccess@22 (line 141)
                      ; - java.lang.reflect.AccessibleObject::slowVerifyAccess@16 (line 715)
                      ; - java.lang.reflect.AccessibleObject::verifyAccess@51 (line 701)
                      ; - java.lang.reflect.AccessibleObject::checkAccess@6 (line 673)
                      ; - java.lang.reflect.Constructor::newInstanceWithCaller@18 (line 490)
  0x000002cacbfbb9fc: 00af 75ff | 498b d7c5 | f877 49ba | 40d2 270a | ff7f 0000 | 41ff d2e9 | c3e6 ffff | baf6 ffff 
  0x000002cacbfbba1c: ff66 6690 

  0x000002cacbfbba20: ;   {runtime_call UncommonTrapBlob}
  0x000002cacbfbba20: c5f8 77e8 

  0x000002cacbfbba24: ; ImmutableOopMap {}
                      ;*invokevirtual lastIndexOf {reexecute=0 rethrow=0 return_oop=0}
                      ; - java.lang.Class::getPackageName@47 (line 1085)
                      ; - jdk.internal.reflect.Reflection::verifyModuleAccess@13 (line 243)
                      ; - jdk.internal.reflect.Reflection::verifyMemberAccess@22 (line 141)
                      ; - java.lang.reflect.AccessibleObject::slowVerifyAccess@16 (line 715)
                      ; - java.lang.reflect.AccessibleObject::verifyAccess@51 (line 701)
                      ; - java.lang.reflect.AccessibleObject::checkAccess@6 (line 673)
                      ; - java.lang.reflect.Constructor::newInstanceWithCaller@18 (line 490)
  0x000002cacbfbba24: d8ae 75ff | ba45 ffff | ff4c 8b54 | 2448 4c89 | 5424 5044 | 89b4 249c | 0000 004c | 898c 24b8 
  0x000002cacbfbba44: 0000 00c5 | fa11 9424 | ac00 0000 

  0x000002cacbfbba50: ;   {runtime_call UncommonTrapBlob}
  0x000002cacbfbba50: c5f8 77e8 

  0x000002cacbfbba54: ; ImmutableOopMap {[40]=Oop [56]=NarrowOop [64]=Oop [80]=Oop [96]=Oop [104]=NarrowOop [108]=NarrowOop [128]=Oop [156]=NarrowOop [184]=Oop }
                      ;*if_icmpne {reexecute=1 rethrow=0 return_oop=0}
                      ; - (reexecute) java.lang.String::equals@33 (line 1830)
                      ; - java.util.HashMap::getNode@63 (line 570)
                      ; - java.util.HashMap::get@2 (line 556)
                      ; - java.lang.Module::isStaticallyExportedOrOpen@51 (line 655)
                      ; - java.lang.Module::implIsExportedOrOpen@70 (line 630)
                      ; - java.lang.Module::isExported@14 (line 530)
                      ; - jdk.internal.reflect.Reflection::verifyModuleAccess@20 (line 244)
                      ; - jdk.internal.reflect.Reflection::verifyMemberAccess@22 (line 141)
                      ; - java.lang.reflect.AccessibleObject::slowVerifyAccess@16 (line 715)
                      ; - java.lang.reflect.AccessibleObject::verifyAccess@51 (line 701)
                      ; - java.lang.reflect.AccessibleObject::checkAccess@6 (line 673)
                      ; - java.lang.reflect.Constructor::newInstanceWithCaller@18 (line 490)
  0x000002cacbfbba54: a8ae 75ff | ba45 ffff | ff4c 8b54 | 2428 4c89 | 5424 2090 

  0x000002cacbfbba68: ;   {runtime_call UncommonTrapBlob}
  0x000002cacbfbba68: c5f8 77e8 

  0x000002cacbfbba6c: ; ImmutableOopMap {[32]=Oop [48]=NarrowOop [64]=Oop [88]=Oop [152]=Oop }
                      ;*ifne {reexecute=1 rethrow=0 return_oop=0}
                      ; - (reexecute) java.lang.reflect.AccessibleObject::slowVerifyAccess@19 (line 715)
                      ; - java.lang.reflect.AccessibleObject::verifyAccess@51 (line 701)
                      ; - java.lang.reflect.AccessibleObject::checkAccess@6 (line 673)
                      ; - java.lang.reflect.Constructor::newInstanceWithCaller@18 (line 490)
  0x000002cacbfbba6c: 90ae 75ff | 418b fbb9 | 0100 0000 | e99a edff | ffba deff | ffff 4489 | 5424 3c4c | 8b94 2498 
  0x000002cacbfbba8c: 0000 004c | 8954 2440 | c5fb 1154 | 2468 4489 | 7424 5cc5 | fb11 5424 | 7044 89b4 | 2480 0000 
  0x000002cacbfbbaac: 0044 898c | 2494 0000 | 004c 8984 | 2498 0000 | 0044 899c | 24a0 0000 | 0044 898c | 24a4 0000 
  0x000002cacbfbbacc: 004c 8984 | 24a8 0000 | 0066 6690 

  0x000002cacbfbbad8: ;   {runtime_call UncommonTrapBlob}
  0x000002cacbfbbad8: c5f8 77e8 

  0x000002cacbfbbadc: ; ImmutableOopMap {rbp=NarrowOop [40]=Oop [60]=NarrowOop [64]=Oop [80]=Oop [104]=Oop [112]=Oop [148]=NarrowOop [152]=Oop [160]=NarrowOop [164]=NarrowOop [168]=Oop }
                      ;*invokeinterface get {reexecute=0 rethrow=0 return_oop=0}
                      ; - java.lang.Module::isStaticallyExportedOrOpen@15 (line 648)
                      ; - java.lang.Module::implIsExportedOrOpen@70 (line 630)
                      ; - java.lang.Module::isExported@14 (line 530)
                      ; - jdk.internal.reflect.Reflection::verifyModuleAccess@20 (line 244)
                      ; - jdk.internal.reflect.Reflection::verifyMemberAccess@22 (line 141)
                      ; - java.lang.reflect.AccessibleObject::slowVerifyAccess@16 (line 715)
                      ; - java.lang.reflect.AccessibleObject::verifyAccess@51 (line 701)
                      ; - java.lang.reflect.AccessibleObject::checkAccess@6 (line 673)
                      ; - java.lang.reflect.Constructor::newInstanceWithCaller@18 (line 490)
  0x000002cacbfbbadc: 20ae 75ff | ba45 ffff | ff4c 8b54 | 2448 4c89 | 5424 304c | 8b54 2430 | 4c89 5424 | 504c 89ac 
  0x000002cacbfbbafc: 24a8 0000 | 004c 898c | 24b8 0000 | 00c5 fa11 | 9424 c000 | 0000 6690 

  0x000002cacbfbbb14: ;   {runtime_call UncommonTrapBlob}
  0x000002cacbfbbb14: c5f8 77e8 

  0x000002cacbfbbb18: ; ImmutableOopMap {[40]=Oop [56]=NarrowOop [64]=Oop [80]=Oop [96]=Oop [104]=NarrowOop [108]=NarrowOop [128]=Oop [168]=Oop [184]=Oop }
                      ;*if_icmpne {reexecute=1 rethrow=0 return_oop=0}
                      ; - (reexecute) java.lang.String::equals@33 (line 1830)
                      ; - java.util.HashMap::getNode@128 (line 577)
                      ; - java.util.HashMap::get@2 (line 556)
                      ; - java.lang.Module::isStaticallyExportedOrOpen@51 (line 655)
                      ; - java.lang.Module::implIsExportedOrOpen@70 (line 630)
                      ; - java.lang.Module::isExported@14 (line 530)
                      ; - jdk.internal.reflect.Reflection::verifyModuleAccess@20 (line 244)
                      ; - jdk.internal.reflect.Reflection::verifyMemberAccess@22 (line 141)
                      ; - java.lang.reflect.AccessibleObject::slowVerifyAccess@16 (line 715)
                      ; - java.lang.reflect.AccessibleObject::verifyAccess@51 (line 701)
                      ; - java.lang.reflect.AccessibleObject::checkAccess@6 (line 673)
                      ; - java.lang.reflect.Constructor::newInstanceWithCaller@18 (line 490)
  0x000002cacbfbbb18: e4ad 75ff | bac6 ffff | ff48 8b6c | 2440 4c8b | 5424 284c | 8954 2420 | 4c8b 5424 | 484c 8954 
  0x000002cacbfbbb38: 2428 448b | 5c24 3845 | 8bd3 4489 | 5424 3490 

  0x000002cacbfbbb48: ;   {runtime_call UncommonTrapBlob}
  0x000002cacbfbbb48: c5f8 77e8 

  0x000002cacbfbbb4c: ; ImmutableOopMap {rbp=Oop [32]=Oop [40]=Oop [52]=NarrowOop [80]=Oop [96]=Oop [104]=NarrowOop [108]=NarrowOop [128]=Oop }
                      ;*invokeinterface contains {reexecute=0 rethrow=0 return_oop=0}
                      ; - java.lang.Module::allows@8 (line 670)
                      ; - java.lang.Module::isStaticallyExportedOrOpen@60 (line 655)
                      ; - java.lang.Module::implIsExportedOrOpen@70 (line 630)
                      ; - java.lang.Module::isExported@14 (line 530)
                      ; - jdk.internal.reflect.Reflection::verifyModuleAccess@20 (line 244)
                      ; - jdk.internal.reflect.Reflection::verifyMemberAccess@22 (line 141)
                      ; - java.lang.reflect.AccessibleObject::slowVerifyAccess@16 (line 715)
                      ; - java.lang.reflect.AccessibleObject::verifyAccess@51 (line 701)
                      ; - java.lang.reflect.AccessibleObject::checkAccess@6 (line 673)
                      ; - java.lang.reflect.Constructor::newInstanceWithCaller@18 (line 490)
  0x000002cacbfbbb4c: b0ad 75ff | bade ffff | ff48 8b6c | 2440 4c8b | 5424 284c | 8954 2420 | 4c8b 5424 | 484c 8954 
  0x000002cacbfbbb6c: 2428 448b | 5424 3844 | 8954 2434 | 448b 5424 | 5844 8954 | 2450 448b | 5c24 6c44 | 895c 245c 
  0x000002cacbfbbb8c: 4c8b 9424 | 8000 0000 | 4c89 5424 | 6844 8984 | 2484 0000 | 004c 898c | 2498 0000 | 0044 8984 
  0x000002cacbfbbbac: 24a0 0000 | 0066 6690 

  0x000002cacbfbbbb4: ;   {runtime_call UncommonTrapBlob}
  0x000002cacbfbbbb4: c5f8 77e8 

  0x000002cacbfbbbb8: ; ImmutableOopMap {rbp=Oop [32]=Oop [40]=Oop [52]=NarrowOop [92]=NarrowOop [96]=Oop [104]=Oop [132]=NarrowOop [152]=Oop [160]=NarrowOop }
                      ;*invokeinterface contains {reexecute=0 rethrow=0 return_oop=0}
                      ; - java.lang.Module::allows@27 (line 673)
                      ; - java.lang.Module::isStaticallyExportedOrOpen@60 (line 655)
                      ; - java.lang.Module::implIsExportedOrOpen@70 (line 630)
                      ; - java.lang.Module::isExported@14 (line 530)
                      ; - jdk.internal.reflect.Reflection::verifyModuleAccess@20 (line 244)
                      ; - jdk.internal.reflect.Reflection::verifyMemberAccess@22 (line 141)
                      ; - java.lang.reflect.AccessibleObject::slowVerifyAccess@16 (line 715)
                      ; - java.lang.reflect.AccessibleObject::verifyAccess@51 (line 701)
                      ; - java.lang.reflect.AccessibleObject::checkAccess@6 (line 673)
                      ; - java.lang.reflect.Constructor::newInstanceWithCaller@18 (line 490)
  0x000002cacbfbbbb8: 44ad 75ff | bac6 ffff | ff4c 8b54 | 2448 4c89 | 5424 304c | 8b54 2430 | 4c89 5424 | 5066 6690 
  0x000002cacbfbbbd8: ;   {runtime_call UncommonTrapBlob}
  0x000002cacbfbbbd8: c5f8 77e8 

  0x000002cacbfbbbdc: ; ImmutableOopMap {rbp=NarrowOop [40]=Oop [56]=NarrowOop [64]=Oop [80]=Oop [96]=Oop [104]=NarrowOop [108]=NarrowOop [128]=Oop [152]=Oop }
                      ;*invokevirtual containsKey {reexecute=0 rethrow=0 return_oop=0}
                      ; - java.util.HashSet::contains@5 (line 205)
                      ; - java.lang.Module::allows@8 (line 670)
                      ; - java.lang.Module::isStaticallyExportedOrOpen@60 (line 655)
                      ; - java.lang.Module::implIsExportedOrOpen@70 (line 630)
                      ; - java.lang.Module::isExported@14 (line 530)
                      ; - jdk.internal.reflect.Reflection::verifyModuleAccess@20 (line 244)
                      ; - jdk.internal.reflect.Reflection::verifyMemberAccess@22 (line 141)
                      ; - java.lang.reflect.AccessibleObject::slowVerifyAccess@16 (line 715)
                      ; - java.lang.reflect.AccessibleObject::verifyAccess@51 (line 701)
                      ; - java.lang.reflect.AccessibleObject::checkAccess@6 (line 673)
                      ; - java.lang.reflect.Constructor::newInstanceWithCaller@18 (line 490)
  0x000002cacbfbbbdc: 20ad 75ff | ba45 ffff | ff48 8b6c | 2440 4c8b | 5424 284c | 8954 2420 | 4c8b 5424 | 484c 8954 
  0x000002cacbfbbbfc: 2428 448b | 5424 3844 | 8954 2434 | 448b 5c24 | 5844 895c | 2454 448b | 5c24 6c44 | 895c 245c 
  0x000002cacbfbbc1c: 4c8b 9424 | 9800 0000 | 4c89 9424 | 9000 0000 | 4489 8424 | 9800 0000 | 4489 8c24 | a000 0000 
  0x000002cacbfbbc3c: ;   {runtime_call UncommonTrapBlob}
  0x000002cacbfbbc3c: c5f8 77e8 

  0x000002cacbfbbc40: ; ImmutableOopMap {rbp=Oop [32]=Oop [40]=Oop [52]=NarrowOop [92]=NarrowOop [96]=Oop [104]=NarrowOop [128]=Oop [144]=Oop [152]=NarrowOop }
                      ;*ifle {reexecute=1 rethrow=0 return_oop=0}
                      ; - (reexecute) java.util.HashMap::getNode@14 (line 567)
                      ; - java.util.HashMap::containsKey@2 (line 594)
                      ; - java.util.HashSet::contains@5 (line 205)
                      ; - java.lang.Module::allows@8 (line 670)
                      ; - java.lang.Module::isStaticallyExportedOrOpen@60 (line 655)
                      ; - java.lang.Module::implIsExportedOrOpen@70 (line 630)
                      ; - java.lang.Module::isExported@14 (line 530)
                      ; - jdk.internal.reflect.Reflection::verifyModuleAccess@20 (line 244)
                      ; - jdk.internal.reflect.Reflection::verifyMemberAccess@22 (line 141)
                      ; - java.lang.reflect.AccessibleObject::slowVerifyAccess@16 (line 715)
                      ; - java.lang.reflect.AccessibleObject::verifyAccess@51 (line 701)
                      ; - java.lang.reflect.AccessibleObject::checkAccess@6 (line 673)
                      ; - java.lang.reflect.Constructor::newInstanceWithCaller@18 (line 490)
  0x000002cacbfbbc40: bcac 75ff | ba45 ffff | ff48 8b6c | 2440 4c8b | 5424 284c | 8954 2420 | 4c8b 5424 | 484c 8954 
  0x000002cacbfbbc60: 2428 448b | 5424 3844 | 8954 2434 | 448b 5c24 | 5844 895c | 2454 448b | 5c24 6c44 | 895c 245c 
  0x000002cacbfbbc80: 4c8b 9424 | 9800 0000 | 4c89 9424 | 9000 0000 | 4489 8424 | 9800 0000 | 4489 8c24 | a000 0000 
  0x000002cacbfbbca0: ;   {runtime_call UncommonTrapBlob}
  0x000002cacbfbbca0: c5f8 77e8 

  0x000002cacbfbbca4: ; ImmutableOopMap {rbp=Oop [32]=Oop [40]=Oop [52]=NarrowOop [92]=NarrowOop [96]=Oop [104]=NarrowOop [128]=Oop [144]=Oop [152]=NarrowOop }
                      ;*ifle {reexecute=1 rethrow=0 return_oop=0}
                      ; - (reexecute) java.util.HashMap::getNode@14 (line 567)
                      ; - java.util.HashMap::containsKey@2 (line 594)
                      ; - java.util.HashSet::contains@5 (line 205)
                      ; - java.lang.Module::allows@8 (line 670)
                      ; - java.lang.Module::isStaticallyExportedOrOpen@60 (line 655)
                      ; - java.lang.Module::implIsExportedOrOpen@70 (line 630)
                      ; - java.lang.Module::isExported@14 (line 530)
                      ; - jdk.internal.reflect.Reflection::verifyModuleAccess@20 (line 244)
                      ; - jdk.internal.reflect.Reflection::verifyMemberAccess@22 (line 141)
                      ; - java.lang.reflect.AccessibleObject::slowVerifyAccess@16 (line 715)
                      ; - java.lang.reflect.AccessibleObject::verifyAccess@51 (line 701)
                      ; - java.lang.reflect.AccessibleObject::checkAccess@6 (line 673)
                      ; - java.lang.reflect.Constructor::newInstanceWithCaller@18 (line 490)
  0x000002cacbfbbca4: 58ac 75ff | baf6 ffff | ff8b ac24 | a000 0000 

  0x000002cacbfbbcb4: ;   {runtime_call UncommonTrapBlob}
  0x000002cacbfbbcb4: c5f8 77e8 

  0x000002cacbfbbcb8: ; ImmutableOopMap {}
                      ;*invokevirtual find {reexecute=0 rethrow=0 return_oop=0}
                      ; - java.util.HashMap$TreeNode::getTreeNode@18 (line 2040)
                      ; - java.util.HashMap::getNode@95 (line 574)
                      ; - java.util.HashMap::containsKey@2 (line 594)
                      ; - java.util.HashSet::contains@5 (line 205)
                      ; - java.lang.Module::allows@8 (line 670)
                      ; - java.lang.Module::isStaticallyExportedOrOpen@60 (line 655)
                      ; - java.lang.Module::implIsExportedOrOpen@70 (line 630)
                      ; - java.lang.Module::isExported@14 (line 530)
                      ; - jdk.internal.reflect.Reflection::verifyModuleAccess@20 (line 244)
                      ; - jdk.internal.reflect.Reflection::verifyMemberAccess@22 (line 141)
                      ; - java.lang.reflect.AccessibleObject::slowVerifyAccess@16 (line 715)
                      ; - java.lang.reflect.AccessibleObject::verifyAccess@51 (line 701)
                      ; - java.lang.reflect.AccessibleObject::checkAccess@6 (line 673)
                      ; - java.lang.reflect.Constructor::newInstanceWithCaller@18 (line 490)
  0x000002cacbfbbcb8: 44ac 75ff | baf6 ffff | ff8b ac24 | a000 0000 

  0x000002cacbfbbcc8: ;   {runtime_call UncommonTrapBlob}
  0x000002cacbfbbcc8: c5f8 77e8 

  0x000002cacbfbbccc: ; ImmutableOopMap {}
                      ;*invokevirtual find {reexecute=0 rethrow=0 return_oop=0}
                      ; - java.util.HashMap$TreeNode::getTreeNode@18 (line 2040)
                      ; - java.util.HashMap::getNode@95 (line 574)
                      ; - java.util.HashMap::containsKey@2 (line 594)
                      ; - java.util.HashSet::contains@5 (line 205)
                      ; - java.lang.Module::allows@8 (line 670)
                      ; - java.lang.Module::isStaticallyExportedOrOpen@60 (line 655)
                      ; - java.lang.Module::implIsExportedOrOpen@70 (line 630)
                      ; - java.lang.Module::isExported@14 (line 530)
                      ; - jdk.internal.reflect.Reflection::verifyModuleAccess@20 (line 244)
                      ; - jdk.internal.reflect.Reflection::verifyMemberAccess@22 (line 141)
                      ; - java.lang.reflect.AccessibleObject::slowVerifyAccess@16 (line 715)
                      ; - java.lang.reflect.AccessibleObject::verifyAccess@51 (line 701)
                      ; - java.lang.reflect.AccessibleObject::checkAccess@6 (line 673)
                      ; - java.lang.reflect.Constructor::newInstanceWithCaller@18 (line 490)
  0x000002cacbfbbccc: 30ac 75ff | bade ffff | ff4c 8b9c | 2498 0000 | 004c 895c | 2420 4489 | 5424 3c48 | 897c 2448 
  0x000002cacbfbbcec: c5fb 1154 | 2468 4489 | 7424 5c90 

  0x000002cacbfbbcf8: ;   {runtime_call UncommonTrapBlob}
  0x000002cacbfbbcf8: c5f8 77e8 

  0x000002cacbfbbcfc: ; ImmutableOopMap {rbp=NarrowOop [32]=Oop [40]=Oop [60]=NarrowOop [72]=Oop [80]=Oop [104]=Oop }
                      ;*instanceof {reexecute=0 rethrow=0 return_oop=0}
                      ; - java.lang.reflect.AccessibleObject::isAccessChecked@6 (line 661)
                      ; - java.lang.reflect.AccessibleObject::verifyAccess@37 (line 695)
                      ; - java.lang.reflect.AccessibleObject::checkAccess@6 (line 673)
                      ; - java.lang.reflect.Constructor::newInstanceWithCaller@18 (line 490)
  0x000002cacbfbbcfc: 00ac 75ff | bade ffff | ff4c 8b54 | 2428 4c89 | 5424 204c | 8b54 2448 | 4c89 5424 | 2844 8b54 
  0x000002cacbfbbd1c: 2438 4489 | 5424 3444 | 8b5c 2458 | 4489 5c24 | 5448 8944 | 24f8 8b44 | 246c 8944 | 245c 488b 
  0x000002cacbfbbd3c: 4424 f848 | 8984 24a0 | 0000 0090 

  0x000002cacbfbbd48: ;   {runtime_call UncommonTrapBlob}
  0x000002cacbfbbd48: c5f8 77e8 

  0x000002cacbfbbd4c: ; ImmutableOopMap {rbp=Oop [32]=Oop [40]=Oop [52]=NarrowOop [92]=NarrowOop [96]=Oop [104]=NarrowOop [128]=Oop [160]=Oop }
                      ;*checkcast {reexecute=0 rethrow=0 return_oop=0}
                      ; - java.lang.Module::isStaticallyExportedOrOpen@20 (line 648)
                      ; - java.lang.Module::implIsExportedOrOpen@70 (line 630)
                      ; - java.lang.Module::isExported@14 (line 530)
                      ; - jdk.internal.reflect.Reflection::verifyModuleAccess@20 (line 244)
                      ; - jdk.internal.reflect.Reflection::verifyMemberAccess@22 (line 141)
                      ; - java.lang.reflect.AccessibleObject::slowVerifyAccess@16 (line 715)
                      ; - java.lang.reflect.AccessibleObject::verifyAccess@51 (line 701)
                      ; - java.lang.reflect.AccessibleObject::checkAccess@6 (line 673)
                      ; - java.lang.reflect.Constructor::newInstanceWithCaller@18 (line 490)
  0x000002cacbfbbd4c: b0ab 75ff | baf4 ffff | ff48 8b6c | 2428 448b | 5c24 3044 | 895c 2428 | 4889 4c24 | 3066 6690 
  0x000002cacbfbbd6c: ;   {runtime_call UncommonTrapBlob}
  0x000002cacbfbbd6c: c5f8 77e8 

  0x000002cacbfbbd70: ; ImmutableOopMap {rbp=Oop [40]=NarrowOop [48]=Oop [152]=Oop }
                      ;*invokevirtual getSuperclass {reexecute=0 rethrow=0 return_oop=0}
                      ; - jdk.internal.reflect.Reflection::isSubclassOf@12 (line 264)
                      ; - jdk.internal.reflect.ReflectionFactory::newConstructorAccessor@66 (line 243)
                      ; - java.lang.reflect.Constructor::acquireConstructorAccessor@33 (line 542)
                      ; - java.lang.reflect.Constructor::newInstanceWithCaller@57 (line 497)
  0x000002cacbfbbd70: 8cab 75ff | baf6 ffff | ff66 6690 

  0x000002cacbfbbd7c: ;   {runtime_call UncommonTrapBlob}
  0x000002cacbfbbd7c: c5f8 77e8 

  0x000002cacbfbbd80: ; ImmutableOopMap {}
                      ;*invokevirtual getModifiers {reexecute=0 rethrow=0 return_oop=0}
                      ; - jdk.internal.reflect.ReflectionFactory::newConstructorAccessor@9 (line 226)
                      ; - java.lang.reflect.Constructor::acquireConstructorAccessor@33 (line 542)
                      ; - java.lang.reflect.Constructor::newInstanceWithCaller@57 (line 497)
  0x000002cacbfbbd80: 7cab 75ff | baf6 ffff | ff66 6690 

  0x000002cacbfbbd8c: ;   {runtime_call UncommonTrapBlob}
  0x000002cacbfbbd8c: c5f8 77e8 

  0x000002cacbfbbd90: ; ImmutableOopMap {[152]=Oop }
                      ;*invokeinterface getRoot {reexecute=0 rethrow=0 return_oop=0}
                      ; - jdk.internal.reflect.ReflectionFactory::newConstructorAccessor@48 (line 235)
                      ; - java.lang.reflect.Constructor::acquireConstructorAccessor@33 (line 542)
                      ; - java.lang.reflect.Constructor::newInstanceWithCaller@57 (line 497)
  0x000002cacbfbbd90: 6cab 75ff | ba45 ffff | ff4c 8b54 | 2428 4c89 | 5424 2090 

  0x000002cacbfbbda4: ;   {runtime_call UncommonTrapBlob}
  0x000002cacbfbbda4: c5f8 77e8 

  0x000002cacbfbbda8: ; ImmutableOopMap {rbp=NarrowOop [32]=Oop [152]=Oop }
                      ;*ifnull {reexecute=1 rethrow=0 return_oop=0}
                      ; - (reexecute) java.lang.reflect.Constructor::acquireConstructorAccessor@6 (line 537)
                      ; - java.lang.reflect.Constructor::newInstanceWithCaller@57 (line 497)
  0x000002cacbfbbda8: 54ab 75ff | ba45 ffff | ff48 8bac | 2498 0000 | 004c 8b5c | 2428 4c89 | 5c24 2044 | 8954 2434 
  0x000002cacbfbbdc8: 4889 7c24 | 4048 897c | 2448 c5fb | 1154 2460 | 4489 7424 | 5466 6690 

  0x000002cacbfbbde0: ;   {runtime_call UncommonTrapBlob}
  0x000002cacbfbbde0: c5f8 77e8 

  0x000002cacbfbbde4: ; ImmutableOopMap {rbp=Oop [32]=Oop [52]=NarrowOop [64]=Oop [72]=Oop [96]=Oop }
                      ;*ifnonnull {reexecute=1 rethrow=0 return_oop=0}
                      ; - (reexecute) java.lang.reflect.AccessibleObject::slowVerifyAccess@1 (line 709)
                      ; - java.lang.reflect.AccessibleObject::verifyAccess@51 (line 701)
                      ; - java.lang.reflect.AccessibleObject::checkAccess@6 (line 673)
                      ; - java.lang.reflect.Constructor::newInstanceWithCaller@18 (line 490)
  0x000002cacbfbbde4: 18ab 75ff | ba45 ffff | ff48 8bac | 2498 0000 | 004c 8b5c | 2428 4c89 | 5c24 2044 | 8954 2434 
  0x000002cacbfbbe04: 4889 7c24 | 4048 897c | 2448 c5fb | 1154 2460 | 4489 7424 | 54c5 fb11 | 5424 6844 | 8974 2478 
  0x000002cacbfbbe24: ;   {runtime_call UncommonTrapBlob}
  0x000002cacbfbbe24: c5f8 77e8 

  0x000002cacbfbbe28: ; ImmutableOopMap {rbp=Oop [32]=Oop [52]=NarrowOop [64]=Oop [72]=Oop [96]=Oop [104]=Oop }
                      ;*ifnonnull {reexecute=1 rethrow=0 return_oop=0}
                      ; - (reexecute) java.util.Objects::requireNonNull@1 (line 208)
                      ; - jdk.internal.reflect.Reflection::verifyMemberAccess@6 (line 134)
                      ; - java.lang.reflect.AccessibleObject::slowVerifyAccess@16 (line 715)
                      ; - java.lang.reflect.AccessibleObject::verifyAccess@51 (line 701)
                      ; - java.lang.reflect.AccessibleObject::checkAccess@6 (line 673)
                      ; - java.lang.reflect.Constructor::newInstanceWithCaller@18 (line 490)
  0x000002cacbfbbe28: d4aa 75ff | baf6 ffff | ff49 8be8 | 4489 5c24 | 2066 6690 

  0x000002cacbfbbe3c: ;   {runtime_call UncommonTrapBlob}
  0x000002cacbfbbe3c: c5f8 77e8 

  0x000002cacbfbbe40: ; ImmutableOopMap {rbp=Oop [32]=NarrowOop }
                      ;*invokevirtual isExported {reexecute=0 rethrow=0 return_oop=0}
                      ; - jdk.internal.reflect.Reflection::verifyModuleAccess@20 (line 244)
                      ; - jdk.internal.reflect.Reflection::verifyMemberAccess@22 (line 141)
                      ; - java.lang.reflect.AccessibleObject::slowVerifyAccess@16 (line 715)
                      ; - java.lang.reflect.AccessibleObject::verifyAccess@51 (line 701)
                      ; - java.lang.reflect.AccessibleObject::checkAccess@6 (line 673)
                      ; - java.lang.reflect.Constructor::newInstanceWithCaller@18 (line 490)
  0x000002cacbfbbe40: bcaa 75ff | 4885 c040 | 0f95 c540 | 0fb6 ed83 | f501 ba45 | ffff ff4c | 8b84 2498 | 0000 004c 
  0x000002cacbfbbe60: 8944 2420 | 4489 5424 | 3c48 897c | 2448 c5fb | 1154 2468 | 4489 7424 | 5cc5 fb11 | 5424 7044 
  0x000002cacbfbbe80: 89b4 2480 | 0000 0044 | 899c 2484 | 0000 0044 | 898c 2488 | 0000 0090 

  0x000002cacbfbbe98: ;   {runtime_call UncommonTrapBlob}
  0x000002cacbfbbe98: c5f8 77e8 

  0x000002cacbfbbe9c: ; ImmutableOopMap {[32]=Oop [40]=Oop [60]=NarrowOop [72]=Oop [80]=Oop [104]=Oop [112]=Oop [132]=NarrowOop [136]=NarrowOop }
                      ;*ifeq {reexecute=1 rethrow=0 return_oop=0}
                      ; - (reexecute) java.lang.Class::getPackageName@29 (line 1081)
                      ; - jdk.internal.reflect.Reflection::verifyModuleAccess@13 (line 243)
                      ; - jdk.internal.reflect.Reflection::verifyMemberAccess@22 (line 141)
                      ; - java.lang.reflect.AccessibleObject::slowVerifyAccess@16 (line 715)
                      ; - java.lang.reflect.AccessibleObject::verifyAccess@51 (line 701)
                      ; - java.lang.reflect.AccessibleObject::checkAccess@6 (line 673)
                      ; - java.lang.reflect.Constructor::newInstanceWithCaller@18 (line 490)
  0x000002cacbfbbe9c: 60aa 75ff | baf6 ffff | ff66 6690 

  0x000002cacbfbbea8: ;   {runtime_call UncommonTrapBlob}
  0x000002cacbfbbea8: c5f8 77e8 

  0x000002cacbfbbeac: ; ImmutableOopMap {}
                      ;*arraylength {reexecute=0 rethrow=0 return_oop=0}
                      ; - java.lang.String::length@4 (line 1481)
                      ; - java.lang.String::lastIndexOf@3 (line 2451)
                      ; - java.lang.Class::getPackageName@47 (line 1085)
                      ; - jdk.internal.reflect.Reflection::verifyModuleAccess@13 (line 243)
                      ; - jdk.internal.reflect.Reflection::verifyMemberAccess@22 (line 141)
                      ; - java.lang.reflect.AccessibleObject::slowVerifyAccess@16 (line 715)
                      ; - java.lang.reflect.AccessibleObject::verifyAccess@51 (line 701)
                      ; - java.lang.reflect.AccessibleObject::checkAccess@6 (line 673)
                      ; - java.lang.reflect.Constructor::newInstanceWithCaller@18 (line 490)
  0x000002cacbfbbeac: 50aa 75ff | baf6 ffff | ff66 6690 

  0x000002cacbfbbeb8: ;   {runtime_call UncommonTrapBlob}
  0x000002cacbfbbeb8: c5f8 77e8 

  0x000002cacbfbbebc: ; ImmutableOopMap {}
                      ;*invokevirtual isOpen {reexecute=0 rethrow=0 return_oop=0}
                      ; - java.lang.Module::implIsExportedOrOpen@36 (line 626)
                      ; - java.lang.Module::isExported@14 (line 530)
                      ; - jdk.internal.reflect.Reflection::verifyModuleAccess@20 (line 244)
                      ; - jdk.internal.reflect.Reflection::verifyMemberAccess@22 (line 141)
                      ; - java.lang.reflect.AccessibleObject::slowVerifyAccess@16 (line 715)
                      ; - java.lang.reflect.AccessibleObject::verifyAccess@51 (line 701)
                      ; - java.lang.reflect.AccessibleObject::checkAccess@6 (line 673)
                      ; - java.lang.reflect.Constructor::newInstanceWithCaller@18 (line 490)
  0x000002cacbfbbebc: 40aa 75ff | baf6 ffff | ff66 6690 

  0x000002cacbfbbec8: ;   {runtime_call UncommonTrapBlob}
  0x000002cacbfbbec8: c5f8 77e8 

  0x000002cacbfbbecc: ; ImmutableOopMap {}
                      ;*arraylength {reexecute=0 rethrow=0 return_oop=0}
                      ; - java.lang.StringLatin1::hashCode@5 (line 196)
                      ; - java.lang.String::hashCode@27 (line 2344)
                      ; - java.util.HashMap::hash@9 (line 338)
                      ; - java.util.HashMap::getNode@23 (line 568)
                      ; - java.util.HashMap::get@2 (line 556)
                      ; - java.lang.Module::isStaticallyExportedOrOpen@51 (line 655)
                      ; - java.lang.Module::implIsExportedOrOpen@70 (line 630)
                      ; - java.lang.Module::isExported@14 (line 530)
                      ; - jdk.internal.reflect.Reflection::verifyModuleAccess@20 (line 244)
                      ; - jdk.internal.reflect.Reflection::verifyMemberAccess@22 (line 141)
                      ; - java.lang.reflect.AccessibleObject::slowVerifyAccess@16 (line 715)
                      ; - java.lang.reflect.AccessibleObject::verifyAccess@51 (line 701)
                      ; - java.lang.reflect.AccessibleObject::checkAccess@6 (line 673)
                      ; - java.lang.reflect.Constructor::newInstanceWithCaller@18 (line 490)
  0x000002cacbfbbecc: 30aa 75ff | baf6 ffff | ff66 6690 

  0x000002cacbfbbed8: ;   {runtime_call UncommonTrapBlob}
  0x000002cacbfbbed8: c5f8 77e8 

  0x000002cacbfbbedc: ; ImmutableOopMap {}
                      ;*arraylength {reexecute=0 rethrow=0 return_oop=0}
                      ; - java.lang.StringUTF16::hashCode@3 (line 416)
                      ; - java.lang.String::hashCode@37 (line 2345)
                      ; - java.util.HashMap::hash@9 (line 338)
                      ; - java.util.HashMap::getNode@23 (line 568)
                      ; - java.util.HashMap::get@2 (line 556)
                      ; - java.lang.Module::isStaticallyExportedOrOpen@51 (line 655)
                      ; - java.lang.Module::implIsExportedOrOpen@70 (line 630)
                      ; - java.lang.Module::isExported@14 (line 530)
                      ; - jdk.internal.reflect.Reflection::verifyModuleAccess@20 (line 244)
                      ; - jdk.internal.reflect.Reflection::verifyMemberAccess@22 (line 141)
                      ; - java.lang.reflect.AccessibleObject::slowVerifyAccess@16 (line 715)
                      ; - java.lang.reflect.AccessibleObject::verifyAccess@51 (line 701)
                      ; - java.lang.reflect.AccessibleObject::checkAccess@6 (line 673)
                      ; - java.lang.reflect.Constructor::newInstanceWithCaller@18 (line 490)
  0x000002cacbfbbedc: 20aa 75ff | baf6 ffff | ff66 6690 

  0x000002cacbfbbee8: ;   {runtime_call UncommonTrapBlob}
  0x000002cacbfbbee8: c5f8 77e8 

  0x000002cacbfbbeec: ; ImmutableOopMap {}
                      ;*invokevirtual containsKey {reexecute=0 rethrow=0 return_oop=0}
                      ; - java.util.HashSet::contains@5 (line 205)
                      ; - java.lang.Module::allows@8 (line 670)
                      ; - java.lang.Module::isStaticallyExportedOrOpen@60 (line 655)
                      ; - java.lang.Module::implIsExportedOrOpen@70 (line 630)
                      ; - java.lang.Module::isExported@14 (line 530)
                      ; - jdk.internal.reflect.Reflection::verifyModuleAccess@20 (line 244)
                      ; - jdk.internal.reflect.Reflection::verifyMemberAccess@22 (line 141)
                      ; - java.lang.reflect.AccessibleObject::slowVerifyAccess@16 (line 715)
                      ; - java.lang.reflect.AccessibleObject::verifyAccess@51 (line 701)
                      ; - java.lang.reflect.AccessibleObject::checkAccess@6 (line 673)
                      ; - java.lang.reflect.Constructor::newInstanceWithCaller@18 (line 490)
  0x000002cacbfbbeec: 10aa 75ff | eb30 eb2e | eb2c eb2a | eb28 eb26 | eb24 eb22 | eb20 eb09 | 488b d0eb | 2beb 17eb 
  0x000002cacbfbbf0c: 0048 8bd0 | eb22 eb0e | eb0c eb0a | eb08 eb06 | eb04 eb02 | eb00 488b | d0eb 0d48 | 8bd0 eb08 
  0x000002cacbfbbf2c: 488b d0eb | 0348 8bd0 | c5f8 7748 | 81c4 0001 

  0x000002cacbfbbf3c: ;   {runtime_call _rethrow_Java}
  0x000002cacbfbbf3c: 0000 5de9 | 3c2a 80ff 

  0x000002cacbfbbf44: ;   {internal_word}
  0x000002cacbfbbf44: 49ba 838f | fbcb ca02 | 0000 4d89 | 9768 0300 

  0x000002cacbfbbf54: ;   {runtime_call SafepointBlob}
  0x000002cacbfbbf54: 00e9 a6ba | 75ff f4f4 | f4f4 f4f4 
[Stub Code]
  0x000002cacbfbbf60: ;   {no_reloc}
  0x000002cacbfbbf60: 48bb 0000 | 0000 0000 

  0x000002cacbfbbf68: ;   {runtime_call}
  0x000002cacbfbbf68: 0000 e9fb 

  0x000002cacbfbbf6c: ;   {static_stub}
  0x000002cacbfbbf6c: ffff ff48 | bb00 0000 | 0000 0000 

  0x000002cacbfbbf78: ;   {runtime_call}
  0x000002cacbfbbf78: 00e9 fbff 

  0x000002cacbfbbf7c: ;   {static_stub}
  0x000002cacbfbbf7c: ffff 48bb | 0000 0000 | 0000 0000 

  0x000002cacbfbbf88: ;   {runtime_call}
  0x000002cacbfbbf88: e9fb ffff 

  0x000002cacbfbbf8c: ;   {static_stub}
  0x000002cacbfbbf8c: ff48 bb00 | 0000 0000 

  0x000002cacbfbbf94: ;   {runtime_call}
  0x000002cacbfbbf94: 0000 00e9 | fbff ffff 

  0x000002cacbfbbf9c: ;   {static_stub}
  0x000002cacbfbbf9c: 48bb 0000 | 0000 0000 

  0x000002cacbfbbfa4: ;   {runtime_call}
  0x000002cacbfbbfa4: 0000 e9fb 

  0x000002cacbfbbfa8: ;   {static_stub}
  0x000002cacbfbbfa8: ffff ff48 | bb00 0000 | 0000 0000 

  0x000002cacbfbbfb4: ;   {runtime_call}
  0x000002cacbfbbfb4: 00e9 fbff 

  0x000002cacbfbbfb8: ;   {static_stub}
  0x000002cacbfbbfb8: ffff 48bb | 0000 0000 | 0000 0000 

  0x000002cacbfbbfc4: ;   {runtime_call}
  0x000002cacbfbbfc4: e9fb ffff 

  0x000002cacbfbbfc8: ;   {static_stub}
  0x000002cacbfbbfc8: ff48 bb00 | 0000 0000 

  0x000002cacbfbbfd0: ;   {runtime_call}
  0x000002cacbfbbfd0: 0000 00e9 | fbff ffff 

  0x000002cacbfbbfd8: ;   {static_stub}
  0x000002cacbfbbfd8: 48bb 0000 | 0000 0000 

  0x000002cacbfbbfe0: ;   {runtime_call}
  0x000002cacbfbbfe0: 0000 e9fb 

  0x000002cacbfbbfe4: ;   {static_stub}
  0x000002cacbfbbfe4: ffff ff48 | bb00 0000 | 0000 0000 

  0x000002cacbfbbff0: ;   {runtime_call}
  0x000002cacbfbbff0: 00e9 fbff 

  0x000002cacbfbbff4: ;   {static_stub}
  0x000002cacbfbbff4: ffff 48bb | 0000 0000 | 0000 0000 

  0x000002cacbfbc000: ;   {runtime_call}
  0x000002cacbfbc000: e9fb ffff 

  0x000002cacbfbc004: ;   {static_stub}
  0x000002cacbfbc004: ff48 bb00 | 0000 0000 

  0x000002cacbfbc00c: ;   {runtime_call}
  0x000002cacbfbc00c: 0000 00e9 | fbff ffff 

  0x000002cacbfbc014: ;   {static_stub}
  0x000002cacbfbc014: 48bb 0000 | 0000 0000 

  0x000002cacbfbc01c: ;   {runtime_call}
  0x000002cacbfbc01c: 0000 e9fb 

  0x000002cacbfbc020: ;   {static_stub}
  0x000002cacbfbc020: ffff ff48 | bb00 0000 | 0000 0000 

  0x000002cacbfbc02c: ;   {runtime_call}
  0x000002cacbfbc02c: 00e9 fbff 

  0x000002cacbfbc030: ;   {static_stub}
  0x000002cacbfbc030: ffff 48bb | 0000 0000 | 0000 0000 

  0x000002cacbfbc03c: ;   {runtime_call}
  0x000002cacbfbc03c: e9fb ffff 

  0x000002cacbfbc040: ;   {static_stub}
  0x000002cacbfbc040: ff48 bb00 | 0000 0000 

  0x000002cacbfbc048: ;   {runtime_call}
  0x000002cacbfbc048: 0000 00e9 | fbff ffff 

  0x000002cacbfbc050: ;   {static_stub}
  0x000002cacbfbc050: 48bb 0000 | 0000 0000 

  0x000002cacbfbc058: ;   {runtime_call}
  0x000002cacbfbc058: 0000 e9fb 

  0x000002cacbfbc05c: ;   {runtime_call ExceptionBlob}
  0x000002cacbfbc05c: ffff ffe9 | 1ca1 7fff 
[Deopt Handler Code]
  0x000002cacbfbc064: e800 0000 | 0048 832c 

  0x000002cacbfbc06c: ;   {runtime_call DeoptimizationBlob}
  0x000002cacbfbc06c: 2405 e92d | ac75 fff4 | f4f4 f4f4 
[/MachCode]


---------------  P R O C E S S  ---------------

Threads class SMR info:
_java_thread_list=0x000002cb4811c0e0, length=164, elements={
0x000002cab25f1e50, 0x000002caeff04930, 0x000002caeff05200, 0x000002caeff1dac0,
0x000002caeff1e390, 0x000002caeff1ec60, 0x000002caeff21ce0, 0x000002caeff278d0,
0x000002caeff22da0, 0x000002cb340a23b0, 0x000002caefee8e80, 0x000002cb342a7ef0,
0x000002cb39c85790, 0x000002cb34bf3da0, 0x000002cb39413e30, 0x000002cb39a5a620,
0x000002cb39a57da0, 0x000002cb39a56e70, 0x000002cb39a596f0, 0x000002cb3b904540,
0x000002cb3b904030, 0x000002cb3c2a2ae0, 0x000002cb40382920, 0x000002cb40381f00,
0x000002cb403814e0, 0x000002cb40383d60, 0x000002cb403805b0, 0x000002cb40382e30,
0x000002cb40383340, 0x000002cb40382410, 0x000002cb40380ac0, 0x000002cb40384780,
0x000002cb40387a20, 0x000002cb4512efd0, 0x000002cb4038a2a0, 0x000002cb4037f170,
0x000002cb3b903b20, 0x000002cb3c2a3f20, 0x000002cb3c2a4940, 0x000002cb3c2a8b10,
0x000002cb3c2a9020, 0x000002cb3c2a9530, 0x000002cb3c6a4820, 0x000002cb3c6a5750,
0x000002cb3c6a5c60, 0x000002cb3c6a24b0, 0x000002cb3c6a6680, 0x000002cb3c6a70a0,
0x000002cb3c6a8f00, 0x000002cb3c6a6b90, 0x000002cb3c6a75b0, 0x000002cb3c6a7fd0,
0x000002cb3c6a84e0, 0x000002cb3c6a89f0, 0x000002cb46f2ffa0, 0x000002cb46f30ed0,
0x000002cb46f2e650, 0x000002cb46f2dc30, 0x000002cb46f2e140, 0x000002cb46f2eb60,
0x000002cb46f2f070, 0x000002cb46f2f580, 0x000002cb46f304b0, 0x000002cb46f309c0,
0x000002cb46f2d720, 0x000002cb46f313e0, 0x000002cb46f33240, 0x000002cb46f33c60,
0x000002cb46f34170, 0x000002cb46f350a0, 0x000002cb46f32820, 0x000002cb46f318f0,
0x000002cb46f34b90, 0x000002cb46f32d30, 0x000002cb46f31e00, 0x000002cb46f33750,
0x000002cb46f35ac0, 0x000002cb46f34680, 0x000002cb46f355b0, 0x000002cb46f32310,
0x000002cb46f39270, 0x000002cb46f35fd0, 0x000002cb46f38340, 0x000002cb46f364e0,
0x000002cb46f38850, 0x000002cb46f37e30, 0x000002cb46f369f0, 0x000002cb46f38d60,
0x000002cb46f37410, 0x000002cb46f39c90, 0x000002cb46f37920, 0x000002cb46f39780,
0x000002cb46f3a6b0, 0x000002cb46f3a1a0, 0x000002cb46f36f00, 0x000002cb46f3c000,
0x000002cb46f3abc0, 0x000002cb46f3b0d0, 0x000002cb46f3b5e0, 0x000002cb46f3baf0,
0x000002cb46f3c510, 0x000002cb46f3ca20, 0x000002cb46f3cf30, 0x000002cb451206f0,
0x000002cb45122f70, 0x000002cb45122550, 0x000002cb45123480, 0x000002cb45121110,
0x000002cb4511fcd0, 0x000002cb45123990, 0x000002cb45122a60, 0x000002cb45120c00,
0x000002cb451201e0, 0x000002cb45121620, 0x000002cb45123ea0, 0x000002cb451243b0,
0x000002cb451248c0, 0x000002cb45124dd0, 0x000002cb451252e0, 0x000002cb45121b30,
0x000002cb451257f0, 0x000002cb45122040, 0x000002cb45128a90, 0x000002cb45128580,
0x000002cb45126c30, 0x000002cb45128070, 0x000002cb45125d00, 0x000002cb451299c0,
0x000002cb45127140, 0x000002cb45127b60, 0x000002cb45128fa0, 0x000002cb45126210,
0x000002cb4512d170, 0x000002cb4512ae00, 0x000002cb4512b310, 0x000002cb4512b820,
0x000002cb4512c750, 0x000002cb4512f4e0, 0x000002cb4512c240, 0x000002cb4512cc60,
0x000002cb4512bd30, 0x000002cb3f506670, 0x000002cb3f507090, 0x000002cb3f505c50,
0x000002cb3f504810, 0x000002cb3f5075a0, 0x000002cb3f505230, 0x000002cb3f506b80,
0x000002cb3f507ab0, 0x000002cb3f504d20, 0x000002cb3f5089e0, 0x000002cb3f505740,
0x000002cb3f507fc0, 0x000002cb3f506160, 0x000002cb3f5084d0, 0x000002cb3f509400,
0x000002cb3f509e20, 0x000002cb3f50b260, 0x000002cb3f509910, 0x000002cb3f508ef0,
0x000002cb3f50a330, 0x000002cb3f50a840, 0x000002cb3f50ad50, 0x000002cb3f50b770
}

Java Threads: ( => current thread )
  0x000002cab25f1e50 JavaThread "main" [_thread_blocked, id=7948, stack(0x000000e5d1500000,0x000000e5d1600000)]
  0x000002caeff04930 JavaThread "Reference Handler" daemon [_thread_blocked, id=9356, stack(0x000000e5d1c00000,0x000000e5d1d00000)]
  0x000002caeff05200 JavaThread "Finalizer" daemon [_thread_blocked, id=8064, stack(0x000000e5d1d00000,0x000000e5d1e00000)]
  0x000002caeff1dac0 JavaThread "Signal Dispatcher" daemon [_thread_blocked, id=31796, stack(0x000000e5d1e00000,0x000000e5d1f00000)]
  0x000002caeff1e390 JavaThread "Attach Listener" daemon [_thread_blocked, id=9504, stack(0x000000e5d1f00000,0x000000e5d2000000)]
  0x000002caeff1ec60 JavaThread "Service Thread" daemon [_thread_blocked, id=33552, stack(0x000000e5d2000000,0x000000e5d2100000)]
  0x000002caeff21ce0 JavaThread "Monitor Deflation Thread" daemon [_thread_blocked, id=18264, stack(0x000000e5d2100000,0x000000e5d2200000)]
  0x000002caeff278d0 JavaThread "C2 CompilerThread0" daemon [_thread_blocked, id=3396, stack(0x000000e5d2200000,0x000000e5d2300000)]
  0x000002caeff22da0 JavaThread "C1 CompilerThread0" daemon [_thread_blocked, id=36252, stack(0x000000e5d2300000,0x000000e5d2400000)]
  0x000002cb340a23b0 JavaThread "Sweeper thread" daemon [_thread_blocked, id=14560, stack(0x000000e5d2400000,0x000000e5d2500000)]
  0x000002caefee8e80 JavaThread "Common-Cleaner" daemon [_thread_blocked, id=23356, stack(0x000000e5d2500000,0x000000e5d2600000)]
  0x000002cb342a7ef0 JavaThread "Notification Thread" daemon [_thread_blocked, id=36276, stack(0x000000e5d2a00000,0x000000e5d2b00000)]
  0x000002cb39c85790 JavaThread "Daemon health stats" [_thread_blocked, id=12428, stack(0x000000e5d3400000,0x000000e5d3500000)]
  0x000002cb34bf3da0 JavaThread "Incoming local TCP Connector on port 60536" [_thread_in_native, id=29304, stack(0x000000e5d3500000,0x000000e5d3600000)]
  0x000002cb39413e30 JavaThread "Daemon periodic checks" [_thread_blocked, id=26572, stack(0x000000e5d3600000,0x000000e5d3700000)]
  0x000002cb39a5a620 JavaThread "Cache worker for journal cache (D:\GradleCache\caches\journal-1)" [_thread_blocked, id=32212, stack(0x000000e5d3e00000,0x000000e5d3f00000)]
  0x000002cb39a57da0 JavaThread "File lock request listener" [_thread_in_native, id=32968, stack(0x000000e5d3f00000,0x000000e5d4000000)]
  0x000002cb39a56e70 JavaThread "Cache worker for file hash cache (D:\GradleCache\caches\9.1.0\fileHashes)" [_thread_blocked, id=22732, stack(0x000000e5d4000000,0x000000e5d4100000)]
  0x000002cb39a596f0 JavaThread "File watcher server" daemon [_thread_in_native, id=29388, stack(0x000000e5d4a00000,0x000000e5d4b00000)]
  0x000002cb3b904540 JavaThread "File watcher consumer" daemon [_thread_blocked, id=21476, stack(0x000000e5d4b00000,0x000000e5d4c00000)]
  0x000002cb3b904030 JavaThread "Cache worker for file content cache (D:\GradleCache\caches\9.1.0\fileContent)" [_thread_blocked, id=32256, stack(0x000000e5d4d00000,0x000000e5d4e00000)]
  0x000002cb3c2a2ae0 JavaThread "Memory manager" [_thread_blocked, id=33404, stack(0x000000e5d7f00000,0x000000e5d8000000)]
  0x000002cb40382920 JavaThread "jar transforms" [_thread_blocked, id=24380, stack(0x000000e5e0800000,0x000000e5e0900000)]
  0x000002cb40381f00 JavaThread "jar transforms Thread 2" [_thread_blocked, id=5252, stack(0x000000e5e0900000,0x000000e5e0a00000)]
  0x000002cb403814e0 JavaThread "jar transforms Thread 3" [_thread_blocked, id=37608, stack(0x000000e5e0c00000,0x000000e5e0d00000)]
  0x000002cb40383d60 JavaThread "jar transforms Thread 4" [_thread_blocked, id=33376, stack(0x000000e5e0d00000,0x000000e5e0e00000)]
  0x000002cb403805b0 JavaThread "jar transforms Thread 5" [_thread_blocked, id=27732, stack(0x000000e5e0f00000,0x000000e5e1000000)]
  0x000002cb40382e30 JavaThread "jar transforms Thread 6" [_thread_blocked, id=18236, stack(0x000000e5e1000000,0x000000e5e1100000)]
  0x000002cb40383340 JavaThread "jar transforms Thread 7" [_thread_blocked, id=1324, stack(0x000000e5e1100000,0x000000e5e1200000)]
  0x000002cb40382410 JavaThread "jar transforms Thread 8" [_thread_blocked, id=4108, stack(0x000000e5d4500000,0x000000e5d4600000)]
  0x000002cb40380ac0 JavaThread "jar transforms Thread 9" [_thread_blocked, id=20748, stack(0x000000e5dad00000,0x000000e5dae00000)]
  0x000002cb40384780 JavaThread "jar transforms Thread 10" [_thread_blocked, id=26424, stack(0x000000e5e0a00000,0x000000e5e0b00000)]
  0x000002cb40387a20 JavaThread "pool-3-thread-1" [_thread_blocked, id=30584, stack(0x000000e5e1700000,0x000000e5e1800000)]
  0x000002cb4512efd0 JavaThread "pool-7-thread-1" [_thread_blocked, id=15592, stack(0x000000e5dfe00000,0x000000e5dff00000)]
  0x000002cb4038a2a0 JavaThread "pool-11-thread-1" [_thread_blocked, id=27872, stack(0x000000e5e1800000,0x000000e5e1900000)]
  0x000002cb4037f170 JavaThread "pool-14-thread-1" [_thread_blocked, id=32980, stack(0x000000e5e1900000,0x000000e5e1a00000)]
  0x000002cb3b903b20 JavaThread "pool-17-thread-1" [_thread_blocked, id=11980, stack(0x000000e5e0700000,0x000000e5e0800000)]
  0x000002cb3c2a3f20 JavaThread "ForkJoinPool.commonPool-worker-29" daemon [_thread_blocked, id=25852, stack(0x000000e5e1e00000,0x000000e5e1f00000)]
  0x000002cb3c2a4940 JavaThread "ForkJoinPool.commonPool-worker-37" daemon [_thread_blocked, id=16440, stack(0x000000e5e2600000,0x000000e5e2700000)]
  0x000002cb3c2a8b10 JavaThread "ForkJoinPool.commonPool-worker-39" daemon [_thread_blocked, id=11104, stack(0x000000e5e2800000,0x000000e5e2900000)]
  0x000002cb3c2a9020 JavaThread "ForkJoinPool.commonPool-worker-40" daemon [_thread_blocked, id=6228, stack(0x000000e5e2900000,0x000000e5e2a00000)]
  0x000002cb3c2a9530 JavaThread "ForkJoinPool.commonPool-worker-41" daemon [_thread_blocked, id=32068, stack(0x000000e5e2a00000,0x000000e5e2b00000)]
  0x000002cb3c6a4820 JavaThread "Daemon Thread 5" [_thread_blocked, id=34888, stack(0x000000e5d1200000,0x000000e5d1300000)]
  0x000002cb3c6a5750 JavaThread "Handler for socket connection from /127.0.0.1:60536 to /127.0.0.1:49727" [_thread_in_native, id=21248, stack(0x000000e5d1300000,0x000000e5d1400000)]
  0x000002cb3c6a5c60 JavaThread "Cancel handler" [_thread_blocked, id=14304, stack(0x000000e5d1400000,0x000000e5d1500000)]
=>0x000002cb3c6a24b0 JavaThread "Daemon worker Thread 5" [_thread_in_vm, id=27776, stack(0x000000e5d2600000,0x000000e5d2700000)]
  0x000002cb3c6a6680 JavaThread "Asynchronous log dispatcher for DefaultDaemonConnection: socket connection from /127.0.0.1:60536 to /127.0.0.1:49727" [_thread_blocked, id=31416, stack(0x000000e5d2700000,0x000000e5d2800000)]
  0x000002cb3c6a70a0 JavaThread "Stdin handler" [_thread_blocked, id=35708, stack(0x000000e5d2800000,0x000000e5d2900000)]
  0x000002cb3c6a8f00 JavaThread "Daemon client event forwarder" [_thread_blocked, id=12992, stack(0x000000e5d2900000,0x000000e5d2a00000)]
  0x000002cb3c6a6b90 JavaThread "Cache worker for file hash cache (D:\FlutterProjects\eduverse_ai_app\android\.gradle\9.1.0\fileHashes)" [_thread_blocked, id=34360, stack(0x000000e5d3700000,0x000000e5d3800000)]
  0x000002cb3c6a75b0 JavaThread "Cache worker for Build Output Cleanup Cache (D:\FlutterProjects\eduverse_ai_app\android\.gradle\buildOutputCleanup)" [_thread_blocked, id=14204, stack(0x000000e5d3800000,0x000000e5d3900000)]
  0x000002cb3c6a7fd0 JavaThread "Cache worker for checksums cache (D:\FlutterProjects\eduverse_ai_app\android\.gradle\9.1.0\checksums)" [_thread_blocked, id=34504, stack(0x000000e5d3900000,0x000000e5d3a00000)]
  0x000002cb3c6a84e0 JavaThread "Cache worker for cache directory md-supplier (D:\GradleCache\caches\9.1.0\md-supplier)" [_thread_blocked, id=31936, stack(0x000000e5d3a00000,0x000000e5d3b00000)]
  0x000002cb3c6a89f0 JavaThread "Cache worker for cache directory md-rule (D:\GradleCache\caches\9.1.0\md-rule)" [_thread_blocked, id=21052, stack(0x000000e5d3b00000,0x000000e5d3c00000)]
  0x000002cb46f2ffa0 JavaThread "Cache worker for Build Output Cleanup Cache (C:\src\flutter\packages\flutter_tools\gradle\.gradle\buildOutputCleanup)" [_thread_blocked, id=34264, stack(0x000000e5d3c00000,0x000000e5d3d00000)]
  0x000002cb46f30ed0 JavaThread "Unconstrained build operations" [_thread_blocked, id=26132, stack(0x000000e5d3d00000,0x000000e5d3e00000)]
  0x000002cb46f2e650 JavaThread "Unconstrained build operations Thread 2" [_thread_blocked, id=7420, stack(0x000000e5d4800000,0x000000e5d4900000)]
  0x000002cb46f2dc30 JavaThread "Unconstrained build operations Thread 3" [_thread_blocked, id=13124, stack(0x000000e5d4900000,0x000000e5d4a00000)]
  0x000002cb46f2e140 JavaThread "Unconstrained build operations Thread 4" [_thread_blocked, id=31560, stack(0x000000e5d4c00000,0x000000e5d4d00000)]
  0x000002cb46f2eb60 JavaThread "Unconstrained build operations Thread 5" [_thread_blocked, id=2256, stack(0x000000e5d4e00000,0x000000e5d4f00000)]
  0x000002cb46f2f070 JavaThread "Unconstrained build operations Thread 6" [_thread_blocked, id=12396, stack(0x000000e5d4f00000,0x000000e5d5000000)]
  0x000002cb46f2f580 JavaThread "Unconstrained build operations Thread 7" [_thread_blocked, id=25780, stack(0x000000e5d5000000,0x000000e5d5100000)]
  0x000002cb46f304b0 JavaThread "Unconstrained build operations Thread 8" [_thread_blocked, id=22240, stack(0x000000e5d5100000,0x000000e5d5200000)]
  0x000002cb46f309c0 JavaThread "Unconstrained build operations Thread 9" [_thread_blocked, id=30764, stack(0x000000e5d5200000,0x000000e5d5300000)]
  0x000002cb46f2d720 JavaThread "Unconstrained build operations Thread 10" [_thread_blocked, id=18996, stack(0x000000e5d5300000,0x000000e5d5400000)]
  0x000002cb46f313e0 JavaThread "Unconstrained build operations Thread 11" [_thread_blocked, id=36728, stack(0x000000e5d5400000,0x000000e5d5500000)]
  0x000002cb46f33240 JavaThread "Unconstrained build operations Thread 12" [_thread_blocked, id=30156, stack(0x000000e5d5500000,0x000000e5d5600000)]
  0x000002cb46f33c60 JavaThread "Unconstrained build operations Thread 13" [_thread_blocked, id=30660, stack(0x000000e5d5600000,0x000000e5d5700000)]
  0x000002cb46f34170 JavaThread "Unconstrained build operations Thread 14" [_thread_blocked, id=4312, stack(0x000000e5d5700000,0x000000e5d5800000)]
  0x000002cb46f350a0 JavaThread "Unconstrained build operations Thread 15" [_thread_blocked, id=16604, stack(0x000000e5d5800000,0x000000e5d5900000)]
  0x000002cb46f32820 JavaThread "Unconstrained build operations Thread 16" [_thread_blocked, id=5748, stack(0x000000e5d5900000,0x000000e5d5a00000)]
  0x000002cb46f318f0 JavaThread "Unconstrained build operations Thread 17" [_thread_blocked, id=34468, stack(0x000000e5d5a00000,0x000000e5d5b00000)]
  0x000002cb46f34b90 JavaThread "Unconstrained build operations Thread 18" [_thread_blocked, id=9668, stack(0x000000e5d5b00000,0x000000e5d5c00000)]
  0x000002cb46f32d30 JavaThread "Unconstrained build operations Thread 19" [_thread_blocked, id=32956, stack(0x000000e5d5c00000,0x000000e5d5d00000)]
  0x000002cb46f31e00 JavaThread "Unconstrained build operations Thread 20" [_thread_blocked, id=19836, stack(0x000000e5d5d00000,0x000000e5d5e00000)]
  0x000002cb46f33750 JavaThread "Unconstrained build operations Thread 21" [_thread_blocked, id=26188, stack(0x000000e5d5e00000,0x000000e5d5f00000)]
  0x000002cb46f35ac0 JavaThread "Unconstrained build operations Thread 22" [_thread_blocked, id=26576, stack(0x000000e5d5f00000,0x000000e5d6000000)]
  0x000002cb46f34680 JavaThread "Unconstrained build operations Thread 23" [_thread_blocked, id=36716, stack(0x000000e5d6000000,0x000000e5d6100000)]
  0x000002cb46f355b0 JavaThread "Unconstrained build operations Thread 24" [_thread_blocked, id=29072, stack(0x000000e5d6100000,0x000000e5d6200000)]
  0x000002cb46f32310 JavaThread "Unconstrained build operations Thread 25" [_thread_blocked, id=19364, stack(0x000000e5d6200000,0x000000e5d6300000)]
  0x000002cb46f39270 JavaThread "Unconstrained build operations Thread 26" [_thread_blocked, id=30672, stack(0x000000e5d6300000,0x000000e5d6400000)]
  0x000002cb46f35fd0 JavaThread "Unconstrained build operations Thread 27" [_thread_blocked, id=12328, stack(0x000000e5d6400000,0x000000e5d6500000)]
  0x000002cb46f38340 JavaThread "Unconstrained build operations Thread 28" [_thread_blocked, id=37808, stack(0x000000e5d6500000,0x000000e5d6600000)]
  0x000002cb46f364e0 JavaThread "Unconstrained build operations Thread 29" [_thread_blocked, id=36288, stack(0x000000e5d6600000,0x000000e5d6700000)]
  0x000002cb46f38850 JavaThread "Unconstrained build operations Thread 30" [_thread_blocked, id=35200, stack(0x000000e5d6700000,0x000000e5d6800000)]
  0x000002cb46f37e30 JavaThread "build event listener" [_thread_blocked, id=34968, stack(0x000000e5d6800000,0x000000e5d6900000)]
  0x000002cb46f369f0 JavaThread "included builds" [_thread_blocked, id=15880, stack(0x000000e5d6900000,0x000000e5d6a00000)]
  0x000002cb46f38d60 JavaThread "Execution worker" [_thread_blocked, id=36664, stack(0x000000e5d6a00000,0x000000e5d6b00000)]
  0x000002cb46f37410 JavaThread "Execution worker Thread 2" [_thread_blocked, id=20672, stack(0x000000e5d6b00000,0x000000e5d6c00000)]
  0x000002cb46f39c90 JavaThread "Execution worker Thread 3" [_thread_blocked, id=35608, stack(0x000000e5d6c00000,0x000000e5d6d00000)]
  0x000002cb46f37920 JavaThread "Execution worker Thread 4" [_thread_blocked, id=36848, stack(0x000000e5d6d00000,0x000000e5d6e00000)]
  0x000002cb46f39780 JavaThread "Execution worker Thread 5" [_thread_blocked, id=22080, stack(0x000000e5d6e00000,0x000000e5d6f00000)]
  0x000002cb46f3a6b0 JavaThread "Execution worker Thread 6" [_thread_blocked, id=36408, stack(0x000000e5d6f00000,0x000000e5d7000000)]
  0x000002cb46f3a1a0 JavaThread "Execution worker Thread 7" [_thread_blocked, id=31356, stack(0x000000e5d7000000,0x000000e5d7100000)]
  0x000002cb46f36f00 JavaThread "Execution worker Thread 8" [_thread_blocked, id=29040, stack(0x000000e5d7100000,0x000000e5d7200000)]
  0x000002cb46f3c000 JavaThread "Execution worker Thread 9" [_thread_blocked, id=4092, stack(0x000000e5d7200000,0x000000e5d7300000)]
  0x000002cb46f3abc0 JavaThread "Cache worker for execution history cache (C:\src\flutter\packages\flutter_tools\gradle\.gradle\9.1.0\executionHistory)" [_thread_blocked, id=23484, stack(0x000000e5d7300000,0x000000e5d7400000)]
  0x000002cb46f3b0d0 JavaThread "Execution worker Thread 10" [_thread_blocked, id=35616, stack(0x000000e5d7400000,0x000000e5d7500000)]
  0x000002cb46f3b5e0 JavaThread "Execution worker Thread 11" [_thread_blocked, id=22048, stack(0x000000e5d7500000,0x000000e5d7600000)]
  0x000002cb46f3baf0 JavaThread "Execution worker Thread 12" [_thread_blocked, id=20604, stack(0x000000e5d7600000,0x000000e5d7700000)]
  0x000002cb46f3c510 JavaThread "Execution worker Thread 13" [_thread_blocked, id=35876, stack(0x000000e5d7700000,0x000000e5d7800000)]
  0x000002cb46f3ca20 JavaThread "Execution worker Thread 14" [_thread_blocked, id=19116, stack(0x000000e5d7800000,0x000000e5d7900000)]
  0x000002cb46f3cf30 JavaThread "Execution worker Thread 15" [_thread_blocked, id=25992, stack(0x000000e5d7900000,0x000000e5d7a00000)]
  0x000002cb451206f0 JavaThread "Unconstrained build operations Thread 31" [_thread_blocked, id=35796, stack(0x000000e5d7a00000,0x000000e5d7b00000)]
  0x000002cb45122f70 JavaThread "Unconstrained build operations Thread 32" [_thread_blocked, id=12048, stack(0x000000e5d7b00000,0x000000e5d7c00000)]
  0x000002cb45122550 JavaThread "Unconstrained build operations Thread 33" [_thread_blocked, id=7680, stack(0x000000e5d7c00000,0x000000e5d7d00000)]
  0x000002cb45123480 JavaThread "Unconstrained build operations Thread 34" [_thread_blocked, id=20248, stack(0x000000e5d7d00000,0x000000e5d7e00000)]
  0x000002cb45121110 JavaThread "Unconstrained build operations Thread 35" [_thread_blocked, id=8348, stack(0x000000e5d7e00000,0x000000e5d7f00000)]
  0x000002cb4511fcd0 JavaThread "Unconstrained build operations Thread 36" [_thread_blocked, id=1968, stack(0x000000e5d8000000,0x000000e5d8100000)]
  0x000002cb45123990 JavaThread "Unconstrained build operations Thread 37" [_thread_blocked, id=28144, stack(0x000000e5d8100000,0x000000e5d8200000)]
  0x000002cb45122a60 JavaThread "Unconstrained build operations Thread 38" [_thread_blocked, id=13388, stack(0x000000e5d8200000,0x000000e5d8300000)]
  0x000002cb45120c00 JavaThread "Unconstrained build operations Thread 39" [_thread_blocked, id=37684, stack(0x000000e5d8300000,0x000000e5d8400000)]
  0x000002cb451201e0 JavaThread "Unconstrained build operations Thread 40" [_thread_blocked, id=36016, stack(0x000000e5d8400000,0x000000e5d8500000)]
  0x000002cb45121620 JavaThread "Unconstrained build operations Thread 41" [_thread_blocked, id=24188, stack(0x000000e5d8500000,0x000000e5d8600000)]
  0x000002cb45123ea0 JavaThread "Unconstrained build operations Thread 42" [_thread_blocked, id=33464, stack(0x000000e5d8600000,0x000000e5d8700000)]
  0x000002cb451243b0 JavaThread "Unconstrained build operations Thread 43" [_thread_blocked, id=5288, stack(0x000000e5d8700000,0x000000e5d8800000)]
  0x000002cb451248c0 JavaThread "Unconstrained build operations Thread 44" [_thread_blocked, id=33776, stack(0x000000e5d8800000,0x000000e5d8900000)]
  0x000002cb45124dd0 JavaThread "Unconstrained build operations Thread 45" [_thread_blocked, id=32492, stack(0x000000e5d8900000,0x000000e5d8a00000)]
  0x000002cb451252e0 JavaThread "Unconstrained build operations Thread 46" [_thread_blocked, id=26912, stack(0x000000e5d8a00000,0x000000e5d8b00000)]
  0x000002cb45121b30 JavaThread "Unconstrained build operations Thread 47" [_thread_blocked, id=14932, stack(0x000000e5d8b00000,0x000000e5d8c00000)]
  0x000002cb451257f0 JavaThread "Unconstrained build operations Thread 48" [_thread_blocked, id=33652, stack(0x000000e5d8c00000,0x000000e5d8d00000)]
  0x000002cb45122040 JavaThread "Unconstrained build operations Thread 49" [_thread_blocked, id=30172, stack(0x000000e5d8d00000,0x000000e5d8e00000)]
  0x000002cb45128a90 JavaThread "Unconstrained build operations Thread 50" [_thread_blocked, id=19276, stack(0x000000e5d8e00000,0x000000e5d8f00000)]
  0x000002cb45128580 JavaThread "Unconstrained build operations Thread 51" [_thread_blocked, id=24872, stack(0x000000e5d8f00000,0x000000e5d9000000)]
  0x000002cb45126c30 JavaThread "Unconstrained build operations Thread 52" [_thread_blocked, id=18784, stack(0x000000e5d9000000,0x000000e5d9100000)]
  0x000002cb45128070 JavaThread "Unconstrained build operations Thread 53" [_thread_blocked, id=18764, stack(0x000000e5d9100000,0x000000e5d9200000)]
  0x000002cb45125d00 JavaThread "Unconstrained build operations Thread 54" [_thread_blocked, id=304, stack(0x000000e5d9200000,0x000000e5d9300000)]
  0x000002cb451299c0 JavaThread "Unconstrained build operations Thread 55" [_thread_blocked, id=1532, stack(0x000000e5d9300000,0x000000e5d9400000)]
  0x000002cb45127140 JavaThread "Unconstrained build operations Thread 56" [_thread_blocked, id=20684, stack(0x000000e5d9400000,0x000000e5d9500000)]
  0x000002cb45127b60 JavaThread "Unconstrained build operations Thread 57" [_thread_blocked, id=13176, stack(0x000000e5d9500000,0x000000e5d9600000)]
  0x000002cb45128fa0 JavaThread "Unconstrained build operations Thread 58" [_thread_blocked, id=17224, stack(0x000000e5d9600000,0x000000e5d9700000)]
  0x000002cb45126210 JavaThread "Unconstrained build operations Thread 59" [_thread_blocked, id=29800, stack(0x000000e5d9700000,0x000000e5d9800000)]
  0x000002cb4512d170 JavaThread "Unconstrained build operations Thread 60" [_thread_blocked, id=5696, stack(0x000000e5d9800000,0x000000e5d9900000)]
  0x000002cb4512ae00 JavaThread "Unconstrained build operations Thread 61" [_thread_blocked, id=22360, stack(0x000000e5d9900000,0x000000e5d9a00000)]
  0x000002cb4512b310 JavaThread "Unconstrained build operations Thread 62" [_thread_blocked, id=22712, stack(0x000000e5d9a00000,0x000000e5d9b00000)]
  0x000002cb4512b820 JavaThread "Unconstrained build operations Thread 63" [_thread_blocked, id=33680, stack(0x000000e5d9b00000,0x000000e5d9c00000)]
  0x000002cb4512c750 JavaThread "Unconstrained build operations Thread 64" [_thread_blocked, id=11396, stack(0x000000e5d9c00000,0x000000e5d9d00000)]
  0x000002cb4512f4e0 JavaThread "Unconstrained build operations Thread 65" [_thread_blocked, id=19120, stack(0x000000e5d9d00000,0x000000e5d9e00000)]
  0x000002cb4512c240 JavaThread "Unconstrained build operations Thread 66" [_thread_blocked, id=23676, stack(0x000000e5d9e00000,0x000000e5d9f00000)]
  0x000002cb4512cc60 JavaThread "Unconstrained build operations Thread 67" [_thread_blocked, id=28884, stack(0x000000e5d9f00000,0x000000e5da000000)]
  0x000002cb4512bd30 JavaThread "Unconstrained build operations Thread 68" [_thread_blocked, id=19476, stack(0x000000e5da000000,0x000000e5da100000)]
  0x000002cb3f506670 JavaThread "Unconstrained build operations Thread 69" [_thread_blocked, id=19524, stack(0x000000e5da100000,0x000000e5da200000)]
  0x000002cb3f507090 JavaThread "Unconstrained build operations Thread 70" [_thread_blocked, id=12128, stack(0x000000e5da200000,0x000000e5da300000)]
  0x000002cb3f505c50 JavaThread "Unconstrained build operations Thread 71" [_thread_blocked, id=32468, stack(0x000000e5da300000,0x000000e5da400000)]
  0x000002cb3f504810 JavaThread "Unconstrained build operations Thread 72" [_thread_blocked, id=36484, stack(0x000000e5da400000,0x000000e5da500000)]
  0x000002cb3f5075a0 JavaThread "Unconstrained build operations Thread 73" [_thread_blocked, id=26972, stack(0x000000e5da500000,0x000000e5da600000)]
  0x000002cb3f505230 JavaThread "Unconstrained build operations Thread 74" [_thread_blocked, id=34748, stack(0x000000e5da600000,0x000000e5da700000)]
  0x000002cb3f506b80 JavaThread "Unconstrained build operations Thread 75" [_thread_blocked, id=17728, stack(0x000000e5da700000,0x000000e5da800000)]
  0x000002cb3f507ab0 JavaThread "Unconstrained build operations Thread 76" [_thread_blocked, id=16960, stack(0x000000e5da800000,0x000000e5da900000)]
  0x000002cb3f504d20 JavaThread "Unconstrained build operations Thread 77" [_thread_blocked, id=16860, stack(0x000000e5da900000,0x000000e5daa00000)]
  0x000002cb3f5089e0 JavaThread "Unconstrained build operations Thread 78" [_thread_blocked, id=18568, stack(0x000000e5daa00000,0x000000e5dab00000)]
  0x000002cb3f505740 JavaThread "Unconstrained build operations Thread 79" [_thread_blocked, id=17280, stack(0x000000e5dab00000,0x000000e5dac00000)]
  0x000002cb3f507fc0 JavaThread "Unconstrained build operations Thread 80" [_thread_blocked, id=11888, stack(0x000000e5dac00000,0x000000e5dad00000)]
  0x000002cb3f506160 JavaThread "Unconstrained build operations Thread 81" [_thread_blocked, id=29752, stack(0x000000e5dae00000,0x000000e5daf00000)]
  0x000002cb3f5084d0 JavaThread "Unconstrained build operations Thread 82" [_thread_blocked, id=7504, stack(0x000000e5daf00000,0x000000e5db000000)]
  0x000002cb3f509400 JavaThread "Unconstrained build operations Thread 83" [_thread_blocked, id=20092, stack(0x000000e5db000000,0x000000e5db100000)]
  0x000002cb3f509e20 JavaThread "Unconstrained build operations Thread 84" [_thread_blocked, id=9500, stack(0x000000e5db100000,0x000000e5db200000)]
  0x000002cb3f50b260 JavaThread "Unconstrained build operations Thread 85" [_thread_blocked, id=35836, stack(0x000000e5db200000,0x000000e5db300000)]
  0x000002cb3f509910 JavaThread "Unconstrained build operations Thread 86" [_thread_blocked, id=6568, stack(0x000000e5db300000,0x000000e5db400000)]
  0x000002cb3f508ef0 JavaThread "Unconstrained build operations Thread 87" [_thread_blocked, id=17604, stack(0x000000e5db400000,0x000000e5db500000)]
  0x000002cb3f50a330 JavaThread "Unconstrained build operations Thread 88" [_thread_blocked, id=34496, stack(0x000000e5db500000,0x000000e5db600000)]
  0x000002cb3f50a840 JavaThread "Unconstrained build operations Thread 89" [_thread_blocked, id=24768, stack(0x000000e5db600000,0x000000e5db700000)]
  0x000002cb3f50ad50 JavaThread "Unconstrained build operations Thread 90" [_thread_blocked, id=30496, stack(0x000000e5db700000,0x000000e5db800000)]
  0x000002cb3f50b770 JavaThread "Unconstrained build operations Thread 91" [_thread_blocked, id=34696, stack(0x000000e5db800000,0x000000e5db900000)]

Other Threads:
  0x000002caefef8190 VMThread "VM Thread" [stack: 0x000000e5d1b00000,0x000000e5d1c00000] [id=18272]
  0x000002cb342a83d0 WatcherThread [stack: 0x000000e5d2b00000,0x000000e5d2c00000] [id=33864]
  0x000002caefd819b0 GCTaskThread "GC Thread#0" [stack: 0x000000e5d1600000,0x000000e5d1700000] [id=18652]
  0x000002cb3436f490 GCTaskThread "GC Thread#1" [stack: 0x000000e5d2c00000,0x000000e5d2d00000] [id=3740]
  0x000002cb3436db40 GCTaskThread "GC Thread#2" [stack: 0x000000e5d2d00000,0x000000e5d2e00000] [id=36424]
  0x000002cb3436de10 GCTaskThread "GC Thread#3" [stack: 0x000000e5d2e00000,0x000000e5d2f00000] [id=20576]
  0x000002cb3436e0e0 GCTaskThread "GC Thread#4" [stack: 0x000000e5d2f00000,0x000000e5d3000000] [id=36832]
  0x000002cb3436e3b0 GCTaskThread "GC Thread#5" [stack: 0x000000e5d3000000,0x000000e5d3100000] [id=33588]
  0x000002cb3436f1c0 GCTaskThread "GC Thread#6" [stack: 0x000000e5d3100000,0x000000e5d3200000] [id=19228]
  0x000002cb3436e680 GCTaskThread "GC Thread#7" [stack: 0x000000e5d3200000,0x000000e5d3300000] [id=9716]
  0x000002cb3436e950 GCTaskThread "GC Thread#8" [stack: 0x000000e5d3300000,0x000000e5d3400000] [id=20012]
  0x000002cb3495cf50 GCTaskThread "GC Thread#9" [stack: 0x000000e5d4100000,0x000000e5d4200000] [id=34560]
  0x000002cb3495a7f0 GCTaskThread "GC Thread#10" [stack: 0x000000e5d4200000,0x000000e5d4300000] [id=37852]
  0x000002cb3495d220 GCTaskThread "GC Thread#11" [stack: 0x000000e5d4300000,0x000000e5d4400000] [id=17108]
  0x000002cb3495bba0 GCTaskThread "GC Thread#12" [stack: 0x000000e5d4400000,0x000000e5d4500000] [id=25420]
  0x000002cab26733f0 ConcurrentGCThread "G1 Main Marker" [stack: 0x000000e5d1700000,0x000000e5d1800000] [id=13304]
  0x000002cab2674790 ConcurrentGCThread "G1 Conc#0" [stack: 0x000000e5d1800000,0x000000e5d1900000] [id=14660]
  0x000002cb34959f80 ConcurrentGCThread "G1 Conc#1" [stack: 0x000000e5d4600000,0x000000e5d4700000] [id=6816]
  0x000002cb3495b060 ConcurrentGCThread "G1 Conc#2" [stack: 0x000000e5d4700000,0x000000e5d4800000] [id=36220]
  0x000002caefe36fd0 ConcurrentGCThread "G1 Refine#0" [stack: 0x000000e5d1900000,0x000000e5d1a00000] [id=18060]
  0x000002cb3e2af240 ConcurrentGCThread "G1 Refine#1" [stack: 0x000000e5e0e00000,0x000000e5e0f00000] [id=33944]
  0x000002cb3c1fd640 ConcurrentGCThread "G1 Refine#2" [stack: 0x000000e5e1400000,0x000000e5e1500000] [id=32564]
  0x000002cb3c1fa640 ConcurrentGCThread "G1 Refine#3" [stack: 0x000000e5e1500000,0x000000e5e1600000] [id=13936]
  0x000002cb3c1fc740 ConcurrentGCThread "G1 Refine#4" [stack: 0x000000e5e1600000,0x000000e5e1700000] [id=29776]
  0x000002caefe386d0 ConcurrentGCThread "G1 Service" [stack: 0x000000e5d1a00000,0x000000e5d1b00000] [id=23520]

Threads with active compile tasks:

VM state: not at safepoint (normal execution)

VM Mutex/Monitor currently owned by a thread: None

Heap address: 0x0000000600000000, size: 8192 MB, Compressed Oops mode: Zero based, Oop shift amount: 3

CDS archive(s) mapped at: [0x000002caf3000000-0x000002caf3bb0000-0x000002caf3bb0000), size 12255232, SharedBaseAddress: 0x000002caf3000000, ArchiveRelocationMode: 1.
Compressed class space mapped at: 0x000002caf4000000-0x000002cb34000000, reserved size: 1073741824
Narrow klass base: 0x000002caf3000000, Narrow klass shift: 0, Narrow klass range: 0x100000000

GC Precious Log:
 CPUs: 16 total, 16 available
 Memory: 24394M
 Large Page Support: Disabled
 NUMA Support: Disabled
 Compressed Oops: Enabled (Zero based)
 Heap Region Size: 4M
 Heap Min Capacity: 8M
 Heap Initial Capacity: 384M
 Heap Max Capacity: 8G
 Pre-touch: Disabled
 Parallel Workers: 13
 Concurrent Workers: 3
 Concurrent Refinement Workers: 13
 Periodic GC: Disabled

Heap:
 garbage-first heap   total 1433600K, used 924113K [0x0000000600000000, 0x0000000800000000)
  region size 4096K, 45 young (184320K), 1 survivors (4096K)
 Metaspace       used 146315K, committed 148352K, reserved 1179648K
  class space    used 19246K, committed 20224K, reserved 1048576K

Heap Regions: E=young(eden), S=young(survivor), O=old, HS=humongous(starts), HC=humongous(continues), CS=collection set, F=free, OA=open archive, CA=closed archive, TAMS=top-at-mark-start (previous, next)
|   0|0x0000000600000000, 0x0000000600400000, 0x0000000600400000|100%|HS|  |TAMS 0x0000000600400000, 0x0000000600000000| Complete 
|   1|0x0000000600400000, 0x0000000600800000, 0x0000000600800000|100%| O|  |TAMS 0x0000000600800000, 0x0000000600400000| Untracked 
|   2|0x0000000600800000, 0x0000000600c00000, 0x0000000600c00000|100%| O|  |TAMS 0x0000000600c00000, 0x0000000600800000| Untracked 
|   3|0x0000000600c00000, 0x0000000601000000, 0x0000000601000000|100%| O|  |TAMS 0x0000000601000000, 0x0000000600c00000| Untracked 
|   4|0x0000000601000000, 0x0000000601400000, 0x0000000601400000|100%| O|  |TAMS 0x0000000601400000, 0x0000000601000000| Untracked 
|   5|0x0000000601400000, 0x0000000601800000, 0x0000000601800000|100%| O|  |TAMS 0x0000000601800000, 0x0000000601400000| Untracked 
|   6|0x0000000601800000, 0x0000000601c00000, 0x0000000601c00000|100%| O|  |TAMS 0x0000000601c00000, 0x0000000601800000| Untracked 
|   7|0x0000000601c00000, 0x0000000602000000, 0x0000000602000000|100%| O|  |TAMS 0x0000000602000000, 0x0000000601c00000| Untracked 
|   8|0x0000000602000000, 0x0000000602400000, 0x0000000602400000|100%| O|  |TAMS 0x0000000602400000, 0x0000000602000000| Untracked 
|   9|0x0000000602400000, 0x0000000602800000, 0x0000000602800000|100%| O|  |TAMS 0x0000000602800000, 0x0000000602400000| Untracked 
|  10|0x0000000602800000, 0x0000000602c00000, 0x0000000602c00000|100%| O|  |TAMS 0x0000000602c00000, 0x0000000602800000| Untracked 
|  11|0x0000000602c00000, 0x0000000603000000, 0x0000000603000000|100%| O|  |TAMS 0x0000000603000000, 0x0000000602c00000| Untracked 
|  12|0x0000000603000000, 0x0000000603400000, 0x0000000603400000|100%| O|  |TAMS 0x0000000603400000, 0x0000000603000000| Untracked 
|  13|0x0000000603400000, 0x0000000603800000, 0x0000000603800000|100%| O|  |TAMS 0x0000000603800000, 0x0000000603400000| Untracked 
|  14|0x0000000603800000, 0x0000000603c00000, 0x0000000603c00000|100%| O|  |TAMS 0x0000000603c00000, 0x0000000603800000| Untracked 
|  15|0x0000000603c00000, 0x0000000604000000, 0x0000000604000000|100%| O|  |TAMS 0x0000000604000000, 0x0000000603c00000| Untracked 
|  16|0x0000000604000000, 0x0000000604400000, 0x0000000604400000|100%| O|  |TAMS 0x0000000604000000, 0x0000000604000000| Untracked 
|  17|0x0000000604400000, 0x0000000604800000, 0x0000000604800000|100%| O|  |TAMS 0x0000000604800000, 0x0000000604400000| Untracked 
|  18|0x0000000604800000, 0x0000000604c00000, 0x0000000604c00000|100%| O|  |TAMS 0x0000000604c00000, 0x0000000604800000| Untracked 
|  19|0x0000000604c00000, 0x0000000605000000, 0x0000000605000000|100%| O|  |TAMS 0x0000000605000000, 0x0000000604c00000| Untracked 
|  20|0x0000000605000000, 0x0000000605400000, 0x0000000605400000|100%| O|  |TAMS 0x0000000605400000, 0x0000000605000000| Untracked 
|  21|0x0000000605400000, 0x0000000605800000, 0x0000000605800000|100%| O|  |TAMS 0x0000000605800000, 0x0000000605400000| Untracked 
|  22|0x0000000605800000, 0x0000000605c00000, 0x0000000605c00000|100%| O|  |TAMS 0x0000000605c00000, 0x0000000605800000| Untracked 
|  23|0x0000000605c00000, 0x0000000606000000, 0x0000000606000000|100%| O|  |TAMS 0x0000000606000000, 0x0000000605c00000| Untracked 
|  24|0x0000000606000000, 0x0000000606400000, 0x0000000606400000|100%| O|  |TAMS 0x0000000606400000, 0x0000000606000000| Untracked 
|  25|0x0000000606400000, 0x0000000606800000, 0x0000000606800000|100%| O|  |TAMS 0x0000000606800000, 0x0000000606400000| Untracked 
|  26|0x0000000606800000, 0x0000000606c00000, 0x0000000606c00000|100%| O|  |TAMS 0x0000000606c00000, 0x0000000606800000| Untracked 
|  27|0x0000000606c00000, 0x0000000607000000, 0x0000000607000000|100%| O|  |TAMS 0x0000000607000000, 0x0000000606c00000| Untracked 
|  28|0x0000000607000000, 0x0000000607400000, 0x0000000607400000|100%| O|  |TAMS 0x0000000607400000, 0x0000000607000000| Untracked 
|  29|0x0000000607400000, 0x0000000607800000, 0x0000000607800000|100%| O|  |TAMS 0x0000000607800000, 0x0000000607400000| Untracked 
|  30|0x0000000607800000, 0x0000000607c00000, 0x0000000607c00000|100%| O|  |TAMS 0x0000000607c00000, 0x0000000607800000| Untracked 
|  31|0x0000000607c00000, 0x0000000608000000, 0x0000000608000000|100%| O|  |TAMS 0x0000000608000000, 0x0000000607c00000| Untracked 
|  32|0x0000000608000000, 0x0000000608400000, 0x0000000608400000|100%| O|  |TAMS 0x0000000608400000, 0x0000000608000000| Untracked 
|  33|0x0000000608400000, 0x0000000608800000, 0x0000000608800000|100%| O|  |TAMS 0x0000000608800000, 0x0000000608400000| Untracked 
|  34|0x0000000608800000, 0x0000000608c00000, 0x0000000608c00000|100%| O|  |TAMS 0x0000000608c00000, 0x0000000608800000| Untracked 
|  35|0x0000000608c00000, 0x0000000609000000, 0x0000000609000000|100%| O|  |TAMS 0x0000000609000000, 0x0000000608c00000| Untracked 
|  36|0x0000000609000000, 0x0000000609400000, 0x0000000609400000|100%| O|  |TAMS 0x0000000609400000, 0x0000000609000000| Untracked 
|  37|0x0000000609400000, 0x0000000609800000, 0x0000000609800000|100%| O|  |TAMS 0x0000000609800000, 0x0000000609400000| Untracked 
|  38|0x0000000609800000, 0x0000000609c00000, 0x0000000609c00000|100%| O|  |TAMS 0x0000000609c00000, 0x0000000609800000| Untracked 
|  39|0x0000000609c00000, 0x000000060a000000, 0x000000060a000000|100%| O|  |TAMS 0x000000060a000000, 0x0000000609c00000| Untracked 
|  40|0x000000060a000000, 0x000000060a400000, 0x000000060a400000|100%| O|  |TAMS 0x000000060a400000, 0x000000060a000000| Untracked 
|  41|0x000000060a400000, 0x000000060a800000, 0x000000060a800000|100%| O|  |TAMS 0x000000060a800000, 0x000000060a400000| Untracked 
|  42|0x000000060a800000, 0x000000060ac00000, 0x000000060ac00000|100%| O|  |TAMS 0x000000060ac00000, 0x000000060a800000| Untracked 
|  43|0x000000060ac00000, 0x000000060b000000, 0x000000060b000000|100%| O|  |TAMS 0x000000060b000000, 0x000000060ac00000| Untracked 
|  44|0x000000060b000000, 0x000000060b400000, 0x000000060b400000|100%|HS|  |TAMS 0x000000060b400000, 0x000000060b000000| Complete 
|  45|0x000000060b400000, 0x000000060b800000, 0x000000060b800000|100%| O|  |TAMS 0x000000060b800000, 0x000000060b400000| Untracked 
|  46|0x000000060b800000, 0x000000060bc00000, 0x000000060bc00000|100%| O|  |TAMS 0x000000060bc00000, 0x000000060b800000| Untracked 
|  47|0x000000060bc00000, 0x000000060c000000, 0x000000060c000000|100%| O|  |TAMS 0x000000060c000000, 0x000000060bc00000| Untracked 
|  48|0x000000060c000000, 0x000000060c400000, 0x000000060c400000|100%| O|  |TAMS 0x000000060c400000, 0x000000060c000000| Untracked 
|  49|0x000000060c400000, 0x000000060c800000, 0x000000060c800000|100%| O|  |TAMS 0x000000060c800000, 0x000000060c400000| Untracked 
|  50|0x000000060c800000, 0x000000060cc00000, 0x000000060cc00000|100%| O|  |TAMS 0x000000060cc00000, 0x000000060c800000| Untracked 
|  51|0x000000060cc00000, 0x000000060d000000, 0x000000060d000000|100%| O|  |TAMS 0x000000060d000000, 0x000000060cc00000| Untracked 
|  52|0x000000060d000000, 0x000000060d400000, 0x000000060d400000|100%| O|  |TAMS 0x000000060d400000, 0x000000060d000000| Untracked 
|  53|0x000000060d400000, 0x000000060d800000, 0x000000060d800000|100%| O|  |TAMS 0x000000060d800000, 0x000000060d400000| Untracked 
|  54|0x000000060d800000, 0x000000060dc00000, 0x000000060dc00000|100%| O|  |TAMS 0x000000060dc00000, 0x000000060d800000| Untracked 
|  55|0x000000060dc00000, 0x000000060e000000, 0x000000060e000000|100%| O|  |TAMS 0x000000060dc00000, 0x000000060dc00000| Untracked 
|  56|0x000000060e000000, 0x000000060e400000, 0x000000060e400000|100%| O|  |TAMS 0x000000060e400000, 0x000000060e000000| Untracked 
|  57|0x000000060e400000, 0x000000060e800000, 0x000000060e800000|100%| O|  |TAMS 0x000000060e800000, 0x000000060e400000| Untracked 
|  58|0x000000060e800000, 0x000000060ec00000, 0x000000060ec00000|100%| O|  |TAMS 0x000000060ec00000, 0x000000060e800000| Untracked 
|  59|0x000000060ec00000, 0x000000060f000000, 0x000000060f000000|100%| O|  |TAMS 0x000000060f000000, 0x000000060ec00000| Untracked 
|  60|0x000000060f000000, 0x000000060f400000, 0x000000060f400000|100%| O|  |TAMS 0x000000060f400000, 0x000000060f000000| Untracked 
|  61|0x000000060f400000, 0x000000060f800000, 0x000000060f800000|100%| O|  |TAMS 0x000000060f800000, 0x000000060f400000| Untracked 
|  62|0x000000060f800000, 0x000000060fc00000, 0x000000060fc00000|100%| O|  |TAMS 0x000000060fc00000, 0x000000060f800000| Untracked 
|  63|0x000000060fc00000, 0x0000000610000000, 0x0000000610000000|100%| O|  |TAMS 0x0000000610000000, 0x000000060fc00000| Untracked 
|  64|0x0000000610000000, 0x0000000610400000, 0x0000000610400000|100%| O|  |TAMS 0x0000000610189a00, 0x0000000610000000| Untracked 
|  65|0x0000000610400000, 0x0000000610800000, 0x0000000610800000|100%| O|  |TAMS 0x0000000610400000, 0x0000000610400000| Untracked 
|  66|0x0000000610800000, 0x0000000610c00000, 0x0000000610c00000|100%| O|  |TAMS 0x0000000610800000, 0x0000000610800000| Untracked 
|  67|0x0000000610c00000, 0x0000000611000000, 0x0000000611000000|100%| O|  |TAMS 0x0000000610c00000, 0x0000000610c00000| Untracked 
|  68|0x0000000611000000, 0x0000000611400000, 0x0000000611400000|100%| O|  |TAMS 0x0000000611000000, 0x0000000611000000| Untracked 
|  69|0x0000000611400000, 0x0000000611800000, 0x0000000611800000|100%| O|  |TAMS 0x0000000611400000, 0x0000000611400000| Untracked 
|  70|0x0000000611800000, 0x0000000611c00000, 0x0000000611c00000|100%| O|  |TAMS 0x0000000611800000, 0x0000000611800000| Untracked 
|  71|0x0000000611c00000, 0x0000000612000000, 0x0000000612000000|100%| O|  |TAMS 0x0000000611c00000, 0x0000000611c00000| Untracked 
|  72|0x0000000612000000, 0x0000000612400000, 0x0000000612400000|100%| O|  |TAMS 0x0000000612000000, 0x0000000612000000| Untracked 
|  73|0x0000000612400000, 0x0000000612800000, 0x0000000612800000|100%| O|  |TAMS 0x0000000612400000, 0x0000000612400000| Untracked 
|  74|0x0000000612800000, 0x0000000612c00000, 0x0000000612c00000|100%| O|  |TAMS 0x0000000612800000, 0x0000000612800000| Untracked 
|  75|0x0000000612c00000, 0x0000000613000000, 0x0000000613000000|100%| O|  |TAMS 0x0000000612c00000, 0x0000000612c00000| Untracked 
|  76|0x0000000613000000, 0x0000000613400000, 0x0000000613400000|100%| O|  |TAMS 0x0000000613000000, 0x0000000613000000| Untracked 
|  77|0x0000000613400000, 0x0000000613800000, 0x0000000613800000|100%| O|  |TAMS 0x0000000613400000, 0x0000000613400000| Untracked 
|  78|0x0000000613800000, 0x0000000613c00000, 0x0000000613c00000|100%| O|  |TAMS 0x0000000613800000, 0x0000000613800000| Untracked 
|  79|0x0000000613c00000, 0x0000000614000000, 0x0000000614000000|100%| O|  |TAMS 0x0000000613c00000, 0x0000000613c00000| Untracked 
|  80|0x0000000614000000, 0x0000000614400000, 0x0000000614400000|100%| O|  |TAMS 0x0000000614000000, 0x0000000614000000| Untracked 
|  81|0x0000000614400000, 0x0000000614800000, 0x0000000614800000|100%| O|  |TAMS 0x0000000614400000, 0x0000000614400000| Untracked 
|  82|0x0000000614800000, 0x0000000614c00000, 0x0000000614c00000|100%| O|  |TAMS 0x0000000614800000, 0x0000000614800000| Untracked 
|  83|0x0000000614c00000, 0x0000000615000000, 0x0000000615000000|100%| O|  |TAMS 0x0000000614c00000, 0x0000000614c00000| Untracked 
|  84|0x0000000615000000, 0x0000000615400000, 0x0000000615400000|100%| O|  |TAMS 0x0000000615000000, 0x0000000615000000| Untracked 
|  85|0x0000000615400000, 0x0000000615800000, 0x0000000615800000|100%| O|  |TAMS 0x0000000615400000, 0x0000000615400000| Untracked 
|  86|0x0000000615800000, 0x0000000615c00000, 0x0000000615c00000|100%| O|  |TAMS 0x0000000615800000, 0x0000000615800000| Untracked 
|  87|0x0000000615c00000, 0x0000000616000000, 0x0000000616000000|100%| O|  |TAMS 0x0000000615c00000, 0x0000000615c00000| Untracked 
|  88|0x0000000616000000, 0x0000000616400000, 0x0000000616400000|100%| O|  |TAMS 0x0000000616000000, 0x0000000616000000| Untracked 
|  89|0x0000000616400000, 0x0000000616800000, 0x0000000616800000|100%| O|  |TAMS 0x0000000616400000, 0x0000000616400000| Untracked 
|  90|0x0000000616800000, 0x0000000616c00000, 0x0000000616c00000|100%| O|  |TAMS 0x0000000616800000, 0x0000000616800000| Untracked 
|  91|0x0000000616c00000, 0x0000000617000000, 0x0000000617000000|100%| O|  |TAMS 0x0000000616c00000, 0x0000000616c00000| Untracked 
|  92|0x0000000617000000, 0x0000000617400000, 0x0000000617400000|100%| O|  |TAMS 0x0000000617000000, 0x0000000617000000| Untracked 
|  93|0x0000000617400000, 0x0000000617800000, 0x0000000617800000|100%| O|  |TAMS 0x0000000617400000, 0x0000000617400000| Untracked 
|  94|0x0000000617800000, 0x0000000617c00000, 0x0000000617c00000|100%| O|  |TAMS 0x0000000617800000, 0x0000000617800000| Untracked 
|  95|0x0000000617c00000, 0x0000000618000000, 0x0000000618000000|100%| O|  |TAMS 0x0000000617c00000, 0x0000000617c00000| Untracked 
|  96|0x0000000618000000, 0x0000000618400000, 0x0000000618400000|100%| O|  |TAMS 0x0000000618000000, 0x0000000618000000| Untracked 
|  97|0x0000000618400000, 0x0000000618800000, 0x0000000618800000|100%| O|  |TAMS 0x0000000618400000, 0x0000000618400000| Untracked 
|  98|0x0000000618800000, 0x0000000618c00000, 0x0000000618c00000|100%| O|  |TAMS 0x0000000618800000, 0x0000000618800000| Untracked 
|  99|0x0000000618c00000, 0x0000000619000000, 0x0000000619000000|100%| O|  |TAMS 0x0000000618c00000, 0x0000000618c00000| Untracked 
| 100|0x0000000619000000, 0x0000000619400000, 0x0000000619400000|100%| O|  |TAMS 0x0000000619000000, 0x0000000619000000| Untracked 
| 101|0x0000000619400000, 0x0000000619800000, 0x0000000619800000|100%| O|  |TAMS 0x0000000619400000, 0x0000000619400000| Untracked 
| 102|0x0000000619800000, 0x0000000619c00000, 0x0000000619c00000|100%| O|  |TAMS 0x0000000619800000, 0x0000000619800000| Untracked 
| 103|0x0000000619c00000, 0x000000061a000000, 0x000000061a000000|100%| O|  |TAMS 0x0000000619c00000, 0x0000000619c00000| Untracked 
| 104|0x000000061a000000, 0x000000061a400000, 0x000000061a400000|100%| O|  |TAMS 0x000000061a000000, 0x000000061a000000| Untracked 
| 105|0x000000061a400000, 0x000000061a800000, 0x000000061a800000|100%| O|  |TAMS 0x000000061a400000, 0x000000061a400000| Untracked 
| 106|0x000000061a800000, 0x000000061ac00000, 0x000000061ac00000|100%| O|  |TAMS 0x000000061a800000, 0x000000061a800000| Untracked 
| 107|0x000000061ac00000, 0x000000061b000000, 0x000000061b000000|100%| O|  |TAMS 0x000000061ac00000, 0x000000061ac00000| Untracked 
| 108|0x000000061b000000, 0x000000061b400000, 0x000000061b400000|100%| O|  |TAMS 0x000000061b000000, 0x000000061b000000| Untracked 
| 109|0x000000061b400000, 0x000000061b800000, 0x000000061b800000|100%| O|  |TAMS 0x000000061b400000, 0x000000061b400000| Untracked 
| 110|0x000000061b800000, 0x000000061bc00000, 0x000000061bc00000|100%| O|  |TAMS 0x000000061b800000, 0x000000061b800000| Untracked 
| 111|0x000000061bc00000, 0x000000061c000000, 0x000000061c000000|100%| O|  |TAMS 0x000000061bc00000, 0x000000061bc00000| Untracked 
| 112|0x000000061c000000, 0x000000061c400000, 0x000000061c400000|100%| O|  |TAMS 0x000000061c000000, 0x000000061c000000| Untracked 
| 113|0x000000061c400000, 0x000000061c800000, 0x000000061c800000|100%| O|  |TAMS 0x000000061c400000, 0x000000061c400000| Untracked 
| 114|0x000000061c800000, 0x000000061cc00000, 0x000000061cc00000|100%| O|  |TAMS 0x000000061c800000, 0x000000061c800000| Untracked 
| 115|0x000000061cc00000, 0x000000061d000000, 0x000000061d000000|100%| O|  |TAMS 0x000000061cc00000, 0x000000061cc00000| Untracked 
| 116|0x000000061d000000, 0x000000061d400000, 0x000000061d400000|100%| O|  |TAMS 0x000000061d000000, 0x000000061d000000| Untracked 
| 117|0x000000061d400000, 0x000000061d800000, 0x000000061d800000|100%| O|  |TAMS 0x000000061d400000, 0x000000061d400000| Untracked 
| 118|0x000000061d800000, 0x000000061dc00000, 0x000000061dc00000|100%| O|  |TAMS 0x000000061d800000, 0x000000061d800000| Untracked 
| 119|0x000000061dc00000, 0x000000061e000000, 0x000000061e000000|100%| O|  |TAMS 0x000000061dc00000, 0x000000061dc00000| Untracked 
| 120|0x000000061e000000, 0x000000061e400000, 0x000000061e400000|100%| O|  |TAMS 0x000000061e000000, 0x000000061e000000| Untracked 
| 121|0x000000061e400000, 0x000000061e800000, 0x000000061e800000|100%| O|  |TAMS 0x000000061e400000, 0x000000061e400000| Untracked 
| 122|0x000000061e800000, 0x000000061ec00000, 0x000000061ec00000|100%| O|  |TAMS 0x000000061e800000, 0x000000061e800000| Untracked 
| 123|0x000000061ec00000, 0x000000061f000000, 0x000000061f000000|100%| O|  |TAMS 0x000000061ec00000, 0x000000061ec00000| Untracked 
| 124|0x000000061f000000, 0x000000061f400000, 0x000000061f400000|100%| O|  |TAMS 0x000000061f000000, 0x000000061f000000| Untracked 
| 125|0x000000061f400000, 0x000000061f800000, 0x000000061f800000|100%| O|  |TAMS 0x000000061f400000, 0x000000061f400000| Untracked 
| 126|0x000000061f800000, 0x000000061fc00000, 0x000000061fc00000|100%| O|  |TAMS 0x000000061f800000, 0x000000061f800000| Untracked 
| 127|0x000000061fc00000, 0x0000000620000000, 0x0000000620000000|100%| O|  |TAMS 0x000000061fc00000, 0x000000061fc00000| Untracked 
| 128|0x0000000620000000, 0x0000000620400000, 0x0000000620400000|100%| O|  |TAMS 0x0000000620000000, 0x0000000620000000| Untracked 
| 129|0x0000000620400000, 0x0000000620800000, 0x0000000620800000|100%| O|  |TAMS 0x0000000620400000, 0x0000000620400000| Untracked 
| 130|0x0000000620800000, 0x0000000620c00000, 0x0000000620c00000|100%| O|  |TAMS 0x0000000620800000, 0x0000000620800000| Untracked 
| 131|0x0000000620c00000, 0x0000000621000000, 0x0000000621000000|100%| O|  |TAMS 0x0000000620c00000, 0x0000000620c00000| Untracked 
| 132|0x0000000621000000, 0x0000000621400000, 0x0000000621400000|100%| O|  |TAMS 0x0000000621000000, 0x0000000621000000| Untracked 
| 133|0x0000000621400000, 0x0000000621800000, 0x0000000621800000|100%| O|  |TAMS 0x0000000621400000, 0x0000000621400000| Untracked 
| 134|0x0000000621800000, 0x0000000621c00000, 0x0000000621c00000|100%| O|  |TAMS 0x0000000621800000, 0x0000000621800000| Untracked 
| 135|0x0000000621c00000, 0x0000000622000000, 0x0000000622000000|100%| O|  |TAMS 0x0000000621c00000, 0x0000000621c00000| Untracked 
| 136|0x0000000622000000, 0x0000000622400000, 0x0000000622400000|100%| O|  |TAMS 0x0000000622000000, 0x0000000622000000| Untracked 
| 137|0x0000000622400000, 0x0000000622800000, 0x0000000622800000|100%| O|  |TAMS 0x0000000622400000, 0x0000000622400000| Untracked 
| 138|0x0000000622800000, 0x0000000622c00000, 0x0000000622c00000|100%| O|  |TAMS 0x0000000622800000, 0x0000000622800000| Untracked 
| 139|0x0000000622c00000, 0x0000000623000000, 0x0000000623000000|100%| O|  |TAMS 0x0000000622c00000, 0x0000000622c00000| Untracked 
| 140|0x0000000623000000, 0x0000000623400000, 0x0000000623400000|100%| O|  |TAMS 0x0000000623000000, 0x0000000623000000| Untracked 
| 141|0x0000000623400000, 0x0000000623800000, 0x0000000623800000|100%| O|  |TAMS 0x0000000623400000, 0x0000000623400000| Untracked 
| 142|0x0000000623800000, 0x0000000623c00000, 0x0000000623c00000|100%| O|  |TAMS 0x0000000623800000, 0x0000000623800000| Untracked 
| 143|0x0000000623c00000, 0x0000000624000000, 0x0000000624000000|100%| O|  |TAMS 0x0000000623c00000, 0x0000000623c00000| Untracked 
| 144|0x0000000624000000, 0x0000000624400000, 0x0000000624400000|100%| O|  |TAMS 0x0000000624000000, 0x0000000624000000| Untracked 
| 145|0x0000000624400000, 0x0000000624800000, 0x0000000624800000|100%| O|  |TAMS 0x0000000624400000, 0x0000000624400000| Untracked 
| 146|0x0000000624800000, 0x0000000624c00000, 0x0000000624c00000|100%| O|  |TAMS 0x0000000624800000, 0x0000000624800000| Untracked 
| 147|0x0000000624c00000, 0x0000000625000000, 0x0000000625000000|100%| O|  |TAMS 0x0000000624c00000, 0x0000000624c00000| Untracked 
| 148|0x0000000625000000, 0x0000000625400000, 0x0000000625400000|100%| O|  |TAMS 0x0000000625000000, 0x0000000625000000| Untracked 
| 149|0x0000000625400000, 0x0000000625800000, 0x0000000625800000|100%| O|  |TAMS 0x0000000625400000, 0x0000000625400000| Untracked 
| 150|0x0000000625800000, 0x0000000625c00000, 0x0000000625c00000|100%| O|  |TAMS 0x0000000625800000, 0x0000000625800000| Untracked 
| 151|0x0000000625c00000, 0x0000000626000000, 0x0000000626000000|100%| O|  |TAMS 0x0000000625c00000, 0x0000000625c00000| Untracked 
| 152|0x0000000626000000, 0x0000000626400000, 0x0000000626400000|100%| O|  |TAMS 0x0000000626000000, 0x0000000626000000| Untracked 
| 153|0x0000000626400000, 0x0000000626800000, 0x0000000626800000|100%| O|  |TAMS 0x0000000626400000, 0x0000000626400000| Untracked 
| 154|0x0000000626800000, 0x0000000626c00000, 0x0000000626c00000|100%| O|  |TAMS 0x0000000626800000, 0x0000000626800000| Untracked 
| 155|0x0000000626c00000, 0x0000000627000000, 0x0000000627000000|100%| O|  |TAMS 0x0000000626c00000, 0x0000000626c00000| Untracked 
| 156|0x0000000627000000, 0x0000000627400000, 0x0000000627400000|100%| O|  |TAMS 0x0000000627000000, 0x0000000627000000| Untracked 
| 157|0x0000000627400000, 0x0000000627800000, 0x0000000627800000|100%| O|  |TAMS 0x0000000627400000, 0x0000000627400000| Untracked 
| 158|0x0000000627800000, 0x0000000627c00000, 0x0000000627c00000|100%| O|  |TAMS 0x0000000627800000, 0x0000000627800000| Untracked 
| 159|0x0000000627c00000, 0x0000000628000000, 0x0000000628000000|100%| O|  |TAMS 0x0000000627c00000, 0x0000000627c00000| Untracked 
| 160|0x0000000628000000, 0x0000000628400000, 0x0000000628400000|100%| O|  |TAMS 0x0000000628000000, 0x0000000628000000| Untracked 
| 161|0x0000000628400000, 0x0000000628800000, 0x0000000628800000|100%| O|  |TAMS 0x0000000628400000, 0x0000000628400000| Untracked 
| 162|0x0000000628800000, 0x0000000628c00000, 0x0000000628c00000|100%| O|  |TAMS 0x0000000628800000, 0x0000000628800000| Untracked 
| 163|0x0000000628c00000, 0x0000000629000000, 0x0000000629000000|100%| O|  |TAMS 0x0000000628c00000, 0x0000000628c00000| Untracked 
| 164|0x0000000629000000, 0x0000000629400000, 0x0000000629400000|100%| O|  |TAMS 0x0000000629000000, 0x0000000629000000| Untracked 
| 165|0x0000000629400000, 0x0000000629800000, 0x0000000629800000|100%| O|  |TAMS 0x0000000629400000, 0x0000000629400000| Untracked 
| 166|0x0000000629800000, 0x0000000629c00000, 0x0000000629c00000|100%| O|  |TAMS 0x0000000629800000, 0x0000000629800000| Untracked 
| 167|0x0000000629c00000, 0x000000062a000000, 0x000000062a000000|100%| O|  |TAMS 0x0000000629c00000, 0x0000000629c00000| Untracked 
| 168|0x000000062a000000, 0x000000062a400000, 0x000000062a400000|100%| O|  |TAMS 0x000000062a000000, 0x000000062a000000| Untracked 
| 169|0x000000062a400000, 0x000000062a800000, 0x000000062a800000|100%| O|  |TAMS 0x000000062a400000, 0x000000062a400000| Untracked 
| 170|0x000000062a800000, 0x000000062ac00000, 0x000000062ac00000|100%| O|  |TAMS 0x000000062a800000, 0x000000062a800000| Untracked 
| 171|0x000000062ac00000, 0x000000062b000000, 0x000000062b000000|100%| O|  |TAMS 0x000000062ac00000, 0x000000062ac00000| Untracked 
| 172|0x000000062b000000, 0x000000062b400000, 0x000000062b400000|100%| O|  |TAMS 0x000000062b000000, 0x000000062b000000| Untracked 
| 173|0x000000062b400000, 0x000000062b800000, 0x000000062b800000|100%| O|  |TAMS 0x000000062b400000, 0x000000062b400000| Untracked 
| 174|0x000000062b800000, 0x000000062bc00000, 0x000000062bc00000|100%| O|  |TAMS 0x000000062b800000, 0x000000062b800000| Untracked 
| 175|0x000000062bc00000, 0x000000062c000000, 0x000000062c000000|100%| O|  |TAMS 0x000000062bc00000, 0x000000062bc00000| Untracked 
| 176|0x000000062c000000, 0x000000062c400000, 0x000000062c400000|100%| O|  |TAMS 0x000000062c000000, 0x000000062c000000| Untracked 
| 177|0x000000062c400000, 0x000000062c800000, 0x000000062c800000|100%| O|  |TAMS 0x000000062c400000, 0x000000062c400000| Untracked 
| 178|0x000000062c800000, 0x000000062cc00000, 0x000000062cc00000|100%| O|  |TAMS 0x000000062c800000, 0x000000062c800000| Untracked 
| 179|0x000000062cc00000, 0x000000062d000000, 0x000000062d000000|100%| O|  |TAMS 0x000000062cc00000, 0x000000062cc00000| Untracked 
| 180|0x000000062d000000, 0x000000062d400000, 0x000000062d400000|100%| O|  |TAMS 0x000000062d000000, 0x000000062d000000| Untracked 
| 181|0x000000062d400000, 0x000000062d800000, 0x000000062d800000|100%| O|  |TAMS 0x000000062d400000, 0x000000062d400000| Untracked 
| 182|0x000000062d800000, 0x000000062dc00000, 0x000000062dc00000|100%| O|  |TAMS 0x000000062d800000, 0x000000062d800000| Untracked 
| 183|0x000000062dc00000, 0x000000062dd2b400, 0x000000062e000000| 29%| O|  |TAMS 0x000000062dc00000, 0x000000062dc00000| Untracked 
| 184|0x000000062e000000, 0x000000062e000000, 0x000000062e400000|  0%| F|  |TAMS 0x000000062e000000, 0x000000062e000000| Untracked 
| 185|0x000000062e400000, 0x000000062e400000, 0x000000062e800000|  0%| F|  |TAMS 0x000000062e400000, 0x000000062e400000| Untracked 
| 186|0x000000062e800000, 0x000000062e800000, 0x000000062ec00000|  0%| F|  |TAMS 0x000000062e800000, 0x000000062e800000| Untracked 
| 187|0x000000062ec00000, 0x000000062ec00000, 0x000000062f000000|  0%| F|  |TAMS 0x000000062ec00000, 0x000000062ec00000| Untracked 
| 188|0x000000062f000000, 0x000000062f000000, 0x000000062f400000|  0%| F|  |TAMS 0x000000062f000000, 0x000000062f000000| Untracked 
| 189|0x000000062f400000, 0x000000062f400000, 0x000000062f800000|  0%| F|  |TAMS 0x000000062f400000, 0x000000062f400000| Untracked 
| 190|0x000000062f800000, 0x000000062f800000, 0x000000062fc00000|  0%| F|  |TAMS 0x000000062f800000, 0x000000062f800000| Untracked 
| 191|0x000000062fc00000, 0x000000062fc00000, 0x0000000630000000|  0%| F|  |TAMS 0x000000062fc00000, 0x000000062fc00000| Untracked 
| 192|0x0000000630000000, 0x0000000630000000, 0x0000000630400000|  0%| F|  |TAMS 0x0000000630000000, 0x0000000630000000| Untracked 
| 193|0x0000000630400000, 0x0000000630400000, 0x0000000630800000|  0%| F|  |TAMS 0x0000000630400000, 0x0000000630400000| Untracked 
| 194|0x0000000630800000, 0x0000000630800000, 0x0000000630c00000|  0%| F|  |TAMS 0x0000000630800000, 0x0000000630800000| Untracked 
| 195|0x0000000630c00000, 0x0000000630c00000, 0x0000000631000000|  0%| F|  |TAMS 0x0000000630c00000, 0x0000000630c00000| Untracked 
| 196|0x0000000631000000, 0x0000000631000000, 0x0000000631400000|  0%| F|  |TAMS 0x0000000631000000, 0x0000000631000000| Untracked 
| 197|0x0000000631400000, 0x0000000631400000, 0x0000000631800000|  0%| F|  |TAMS 0x0000000631400000, 0x0000000631400000| Untracked 
| 198|0x0000000631800000, 0x0000000631800000, 0x0000000631c00000|  0%| F|  |TAMS 0x0000000631800000, 0x0000000631800000| Untracked 
| 199|0x0000000631c00000, 0x0000000631c00000, 0x0000000632000000|  0%| F|  |TAMS 0x0000000631c00000, 0x0000000631c00000| Untracked 
| 200|0x0000000632000000, 0x0000000632000000, 0x0000000632400000|  0%| F|  |TAMS 0x0000000632000000, 0x0000000632000000| Untracked 
| 201|0x0000000632400000, 0x0000000632400000, 0x0000000632800000|  0%| F|  |TAMS 0x0000000632400000, 0x0000000632400000| Untracked 
| 202|0x0000000632800000, 0x0000000632800000, 0x0000000632c00000|  0%| F|  |TAMS 0x0000000632800000, 0x0000000632800000| Untracked 
| 203|0x0000000632c00000, 0x0000000632c00000, 0x0000000633000000|  0%| F|  |TAMS 0x0000000632c00000, 0x0000000632c00000| Untracked 
| 204|0x0000000633000000, 0x0000000633000000, 0x0000000633400000|  0%| F|  |TAMS 0x0000000633000000, 0x0000000633000000| Untracked 
| 205|0x0000000633400000, 0x0000000633400000, 0x0000000633800000|  0%| F|  |TAMS 0x0000000633400000, 0x0000000633400000| Untracked 
| 206|0x0000000633800000, 0x0000000633800000, 0x0000000633c00000|  0%| F|  |TAMS 0x0000000633800000, 0x0000000633800000| Untracked 
| 207|0x0000000633c00000, 0x0000000633c00000, 0x0000000634000000|  0%| F|  |TAMS 0x0000000633c00000, 0x0000000633c00000| Untracked 
| 208|0x0000000634000000, 0x0000000634000000, 0x0000000634400000|  0%| F|  |TAMS 0x0000000634000000, 0x0000000634000000| Untracked 
| 209|0x0000000634400000, 0x0000000634400000, 0x0000000634800000|  0%| F|  |TAMS 0x0000000634400000, 0x0000000634400000| Untracked 
| 210|0x0000000634800000, 0x0000000634800000, 0x0000000634c00000|  0%| F|  |TAMS 0x0000000634800000, 0x0000000634800000| Untracked 
| 211|0x0000000634c00000, 0x0000000634c00000, 0x0000000635000000|  0%| F|  |TAMS 0x0000000634c00000, 0x0000000634c00000| Untracked 
| 212|0x0000000635000000, 0x0000000635000000, 0x0000000635400000|  0%| F|  |TAMS 0x0000000635000000, 0x0000000635000000| Untracked 
| 213|0x0000000635400000, 0x0000000635400000, 0x0000000635800000|  0%| F|  |TAMS 0x0000000635400000, 0x0000000635400000| Untracked 
| 214|0x0000000635800000, 0x0000000635800000, 0x0000000635c00000|  0%| F|  |TAMS 0x0000000635800000, 0x0000000635800000| Untracked 
| 215|0x0000000635c00000, 0x0000000635c00000, 0x0000000636000000|  0%| F|  |TAMS 0x0000000635c00000, 0x0000000635c00000| Untracked 
| 216|0x0000000636000000, 0x0000000636000000, 0x0000000636400000|  0%| F|  |TAMS 0x0000000636000000, 0x0000000636000000| Untracked 
| 217|0x0000000636400000, 0x0000000636400000, 0x0000000636800000|  0%| F|  |TAMS 0x0000000636400000, 0x0000000636400000| Untracked 
| 218|0x0000000636800000, 0x0000000636800000, 0x0000000636c00000|  0%| F|  |TAMS 0x0000000636800000, 0x0000000636800000| Untracked 
| 219|0x0000000636c00000, 0x0000000636c00000, 0x0000000637000000|  0%| F|  |TAMS 0x0000000636c00000, 0x0000000636c00000| Untracked 
| 220|0x0000000637000000, 0x0000000637000000, 0x0000000637400000|  0%| F|  |TAMS 0x0000000637000000, 0x0000000637000000| Untracked 
| 221|0x0000000637400000, 0x0000000637549098, 0x0000000637800000| 32%| S|CS|TAMS 0x0000000637400000, 0x0000000637400000| Complete 
| 222|0x0000000637800000, 0x0000000637800000, 0x0000000637c00000|  0%| F|  |TAMS 0x0000000637800000, 0x0000000637800000| Untracked 
| 223|0x0000000637c00000, 0x0000000637c00000, 0x0000000638000000|  0%| F|  |TAMS 0x0000000637c00000, 0x0000000637c00000| Untracked 
| 224|0x0000000638000000, 0x0000000638000000, 0x0000000638400000|  0%| F|  |TAMS 0x0000000638000000, 0x0000000638000000| Untracked 
| 225|0x0000000638400000, 0x0000000638400000, 0x0000000638800000|  0%| F|  |TAMS 0x0000000638400000, 0x0000000638400000| Untracked 
| 226|0x0000000638800000, 0x0000000638800000, 0x0000000638c00000|  0%| F|  |TAMS 0x0000000638800000, 0x0000000638800000| Untracked 
| 227|0x0000000638c00000, 0x0000000638c00000, 0x0000000639000000|  0%| F|  |TAMS 0x0000000638c00000, 0x0000000638c00000| Untracked 
| 228|0x0000000639000000, 0x0000000639000000, 0x0000000639400000|  0%| F|  |TAMS 0x0000000639000000, 0x0000000639000000| Untracked 
| 229|0x0000000639400000, 0x0000000639400000, 0x0000000639800000|  0%| F|  |TAMS 0x0000000639400000, 0x0000000639400000| Untracked 
| 230|0x0000000639800000, 0x0000000639800000, 0x0000000639c00000|  0%| F|  |TAMS 0x0000000639800000, 0x0000000639800000| Untracked 
| 231|0x0000000639c00000, 0x0000000639c00000, 0x000000063a000000|  0%| F|  |TAMS 0x0000000639c00000, 0x0000000639c00000| Untracked 
| 232|0x000000063a000000, 0x000000063a000000, 0x000000063a400000|  0%| F|  |TAMS 0x000000063a000000, 0x000000063a000000| Untracked 
| 233|0x000000063a400000, 0x000000063a400000, 0x000000063a800000|  0%| F|  |TAMS 0x000000063a400000, 0x000000063a400000| Untracked 
| 234|0x000000063a800000, 0x000000063a800000, 0x000000063ac00000|  0%| F|  |TAMS 0x000000063a800000, 0x000000063a800000| Untracked 
| 235|0x000000063ac00000, 0x000000063ac00000, 0x000000063b000000|  0%| F|  |TAMS 0x000000063ac00000, 0x000000063ac00000| Untracked 
| 236|0x000000063b000000, 0x000000063b000000, 0x000000063b400000|  0%| F|  |TAMS 0x000000063b000000, 0x000000063b000000| Untracked 
| 237|0x000000063b400000, 0x000000063b400000, 0x000000063b800000|  0%| F|  |TAMS 0x000000063b400000, 0x000000063b400000| Untracked 
| 238|0x000000063b800000, 0x000000063b800000, 0x000000063bc00000|  0%| F|  |TAMS 0x000000063b800000, 0x000000063b800000| Untracked 
| 239|0x000000063bc00000, 0x000000063bc00000, 0x000000063c000000|  0%| F|  |TAMS 0x000000063bc00000, 0x000000063bc00000| Untracked 
| 240|0x000000063c000000, 0x000000063c000000, 0x000000063c400000|  0%| F|  |TAMS 0x000000063c000000, 0x000000063c000000| Untracked 
| 241|0x000000063c400000, 0x000000063c400000, 0x000000063c800000|  0%| F|  |TAMS 0x000000063c400000, 0x000000063c400000| Untracked 
| 242|0x000000063c800000, 0x000000063c800000, 0x000000063cc00000|  0%| F|  |TAMS 0x000000063c800000, 0x000000063c800000| Untracked 
| 243|0x000000063cc00000, 0x000000063cc00000, 0x000000063d000000|  0%| F|  |TAMS 0x000000063cc00000, 0x000000063cc00000| Untracked 
| 244|0x000000063d000000, 0x000000063d000000, 0x000000063d400000|  0%| F|  |TAMS 0x000000063d000000, 0x000000063d000000| Untracked 
| 245|0x000000063d400000, 0x000000063d400000, 0x000000063d800000|  0%| F|  |TAMS 0x000000063d400000, 0x000000063d400000| Untracked 
| 246|0x000000063d800000, 0x000000063d800000, 0x000000063dc00000|  0%| F|  |TAMS 0x000000063d800000, 0x000000063d800000| Untracked 
| 247|0x000000063dc00000, 0x000000063dc00000, 0x000000063e000000|  0%| F|  |TAMS 0x000000063dc00000, 0x000000063dc00000| Untracked 
| 248|0x000000063e000000, 0x000000063e000000, 0x000000063e400000|  0%| F|  |TAMS 0x000000063e000000, 0x000000063e000000| Untracked 
| 249|0x000000063e400000, 0x000000063e400000, 0x000000063e800000|  0%| F|  |TAMS 0x000000063e400000, 0x000000063e400000| Untracked 
| 250|0x000000063e800000, 0x000000063e800000, 0x000000063ec00000|  0%| F|  |TAMS 0x000000063e800000, 0x000000063e800000| Untracked 
| 251|0x000000063ec00000, 0x000000063ec00000, 0x000000063f000000|  0%| F|  |TAMS 0x000000063ec00000, 0x000000063ec00000| Untracked 
| 252|0x000000063f000000, 0x000000063f000000, 0x000000063f400000|  0%| F|  |TAMS 0x000000063f000000, 0x000000063f000000| Untracked 
| 253|0x000000063f400000, 0x000000063f400000, 0x000000063f800000|  0%| F|  |TAMS 0x000000063f400000, 0x000000063f400000| Untracked 
| 254|0x000000063f800000, 0x000000063f800000, 0x000000063fc00000|  0%| F|  |TAMS 0x000000063f800000, 0x000000063f800000| Untracked 
| 255|0x000000063fc00000, 0x000000063fc00000, 0x0000000640000000|  0%| F|  |TAMS 0x000000063fc00000, 0x000000063fc00000| Untracked 
| 256|0x0000000640000000, 0x0000000640000000, 0x0000000640400000|  0%| F|  |TAMS 0x0000000640000000, 0x0000000640000000| Untracked 
| 257|0x0000000640400000, 0x0000000640400000, 0x0000000640800000|  0%| F|  |TAMS 0x0000000640400000, 0x0000000640400000| Untracked 
| 258|0x0000000640800000, 0x0000000640800000, 0x0000000640c00000|  0%| F|  |TAMS 0x0000000640800000, 0x0000000640800000| Untracked 
| 259|0x0000000640c00000, 0x0000000640c00000, 0x0000000641000000|  0%| F|  |TAMS 0x0000000640c00000, 0x0000000640c00000| Untracked 
| 260|0x0000000641000000, 0x0000000641000000, 0x0000000641400000|  0%| F|  |TAMS 0x0000000641000000, 0x0000000641000000| Untracked 
| 261|0x0000000641400000, 0x0000000641400000, 0x0000000641800000|  0%| F|  |TAMS 0x0000000641400000, 0x0000000641400000| Untracked 
| 262|0x0000000641800000, 0x0000000641800000, 0x0000000641c00000|  0%| F|  |TAMS 0x0000000641800000, 0x0000000641800000| Untracked 
| 263|0x0000000641c00000, 0x0000000641c00000, 0x0000000642000000|  0%| F|  |TAMS 0x0000000641c00000, 0x0000000641c00000| Untracked 
| 264|0x0000000642000000, 0x0000000642000000, 0x0000000642400000|  0%| F|  |TAMS 0x0000000642000000, 0x0000000642000000| Untracked 
| 265|0x0000000642400000, 0x0000000642400000, 0x0000000642800000|  0%| F|  |TAMS 0x0000000642400000, 0x0000000642400000| Untracked 
| 266|0x0000000642800000, 0x0000000642800000, 0x0000000642c00000|  0%| F|  |TAMS 0x0000000642800000, 0x0000000642800000| Untracked 
| 267|0x0000000642c00000, 0x0000000642c00000, 0x0000000643000000|  0%| F|  |TAMS 0x0000000642c00000, 0x0000000642c00000| Untracked 
| 268|0x0000000643000000, 0x0000000643000000, 0x0000000643400000|  0%| F|  |TAMS 0x0000000643000000, 0x0000000643000000| Untracked 
| 269|0x0000000643400000, 0x0000000643400000, 0x0000000643800000|  0%| F|  |TAMS 0x0000000643400000, 0x0000000643400000| Untracked 
| 270|0x0000000643800000, 0x0000000643800000, 0x0000000643c00000|  0%| F|  |TAMS 0x0000000643800000, 0x0000000643800000| Untracked 
| 271|0x0000000643c00000, 0x0000000643c00000, 0x0000000644000000|  0%| F|  |TAMS 0x0000000643c00000, 0x0000000643c00000| Untracked 
| 272|0x0000000644000000, 0x0000000644000000, 0x0000000644400000|  0%| F|  |TAMS 0x0000000644000000, 0x0000000644000000| Untracked 
| 273|0x0000000644400000, 0x0000000644400000, 0x0000000644800000|  0%| F|  |TAMS 0x0000000644400000, 0x0000000644400000| Untracked 
| 274|0x0000000644800000, 0x0000000644800000, 0x0000000644c00000|  0%| F|  |TAMS 0x0000000644800000, 0x0000000644800000| Untracked 
| 275|0x0000000644c00000, 0x0000000644c00000, 0x0000000645000000|  0%| F|  |TAMS 0x0000000644c00000, 0x0000000644c00000| Untracked 
| 276|0x0000000645000000, 0x0000000645000000, 0x0000000645400000|  0%| F|  |TAMS 0x0000000645000000, 0x0000000645000000| Untracked 
| 277|0x0000000645400000, 0x0000000645400000, 0x0000000645800000|  0%| F|  |TAMS 0x0000000645400000, 0x0000000645400000| Untracked 
| 278|0x0000000645800000, 0x0000000645800000, 0x0000000645c00000|  0%| F|  |TAMS 0x0000000645800000, 0x0000000645800000| Untracked 
| 279|0x0000000645c00000, 0x0000000645c00000, 0x0000000646000000|  0%| F|  |TAMS 0x0000000645c00000, 0x0000000645c00000| Untracked 
| 280|0x0000000646000000, 0x0000000646000000, 0x0000000646400000|  0%| F|  |TAMS 0x0000000646000000, 0x0000000646000000| Untracked 
| 281|0x0000000646400000, 0x0000000646400000, 0x0000000646800000|  0%| F|  |TAMS 0x0000000646400000, 0x0000000646400000| Untracked 
| 282|0x0000000646800000, 0x0000000646800000, 0x0000000646c00000|  0%| F|  |TAMS 0x0000000646800000, 0x0000000646800000| Untracked 
| 283|0x0000000646c00000, 0x0000000646c00000, 0x0000000647000000|  0%| F|  |TAMS 0x0000000646c00000, 0x0000000646c00000| Untracked 
| 284|0x0000000647000000, 0x0000000647000000, 0x0000000647400000|  0%| F|  |TAMS 0x0000000647000000, 0x0000000647000000| Untracked 
| 285|0x0000000647400000, 0x0000000647400000, 0x0000000647800000|  0%| F|  |TAMS 0x0000000647400000, 0x0000000647400000| Untracked 
| 286|0x0000000647800000, 0x0000000647800000, 0x0000000647c00000|  0%| F|  |TAMS 0x0000000647800000, 0x0000000647800000| Untracked 
| 287|0x0000000647c00000, 0x0000000647c00000, 0x0000000648000000|  0%| F|  |TAMS 0x0000000647c00000, 0x0000000647c00000| Untracked 
| 288|0x0000000648000000, 0x0000000648000000, 0x0000000648400000|  0%| F|  |TAMS 0x0000000648000000, 0x0000000648000000| Untracked 
| 289|0x0000000648400000, 0x0000000648400000, 0x0000000648800000|  0%| F|  |TAMS 0x0000000648400000, 0x0000000648400000| Untracked 
| 290|0x0000000648800000, 0x0000000648800000, 0x0000000648c00000|  0%| F|  |TAMS 0x0000000648800000, 0x0000000648800000| Untracked 
| 291|0x0000000648c00000, 0x0000000648c00000, 0x0000000649000000|  0%| F|  |TAMS 0x0000000648c00000, 0x0000000648c00000| Untracked 
| 292|0x0000000649000000, 0x0000000649000000, 0x0000000649400000|  0%| F|  |TAMS 0x0000000649000000, 0x0000000649000000| Untracked 
| 293|0x0000000649400000, 0x0000000649400000, 0x0000000649800000|  0%| F|  |TAMS 0x0000000649400000, 0x0000000649400000| Untracked 
| 294|0x0000000649800000, 0x0000000649800000, 0x0000000649c00000|  0%| F|  |TAMS 0x0000000649800000, 0x0000000649800000| Untracked 
| 295|0x0000000649c00000, 0x0000000649c00000, 0x000000064a000000|  0%| F|  |TAMS 0x0000000649c00000, 0x0000000649c00000| Untracked 
| 296|0x000000064a000000, 0x000000064a000000, 0x000000064a400000|  0%| F|  |TAMS 0x000000064a000000, 0x000000064a000000| Untracked 
| 297|0x000000064a400000, 0x000000064a400000, 0x000000064a800000|  0%| F|  |TAMS 0x000000064a400000, 0x000000064a400000| Untracked 
| 298|0x000000064a800000, 0x000000064a800000, 0x000000064ac00000|  0%| F|  |TAMS 0x000000064a800000, 0x000000064a800000| Untracked 
| 299|0x000000064ac00000, 0x000000064ac00000, 0x000000064b000000|  0%| F|  |TAMS 0x000000064ac00000, 0x000000064ac00000| Untracked 
| 300|0x000000064b000000, 0x000000064b000000, 0x000000064b400000|  0%| F|  |TAMS 0x000000064b000000, 0x000000064b000000| Untracked 
| 301|0x000000064b400000, 0x000000064b400000, 0x000000064b800000|  0%| F|  |TAMS 0x000000064b400000, 0x000000064b400000| Untracked 
| 302|0x000000064b800000, 0x000000064b800000, 0x000000064bc00000|  0%| F|  |TAMS 0x000000064b800000, 0x000000064b800000| Untracked 
| 303|0x000000064bc00000, 0x000000064bc00000, 0x000000064c000000|  0%| F|  |TAMS 0x000000064bc00000, 0x000000064bc00000| Untracked 
| 304|0x000000064c000000, 0x000000064c000000, 0x000000064c400000|  0%| F|  |TAMS 0x000000064c000000, 0x000000064c000000| Untracked 
| 305|0x000000064c400000, 0x000000064c400000, 0x000000064c800000|  0%| F|  |TAMS 0x000000064c400000, 0x000000064c400000| Untracked 
| 306|0x000000064c800000, 0x000000064c9f42f0, 0x000000064cc00000| 48%| E|  |TAMS 0x000000064c800000, 0x000000064c800000| Complete 
| 307|0x000000064cc00000, 0x000000064d000000, 0x000000064d000000|100%| E|CS|TAMS 0x000000064cc00000, 0x000000064cc00000| Complete 
| 308|0x000000064d000000, 0x000000064d400000, 0x000000064d400000|100%| E|CS|TAMS 0x000000064d000000, 0x000000064d000000| Complete 
| 309|0x000000064d400000, 0x000000064d800000, 0x000000064d800000|100%| E|CS|TAMS 0x000000064d400000, 0x000000064d400000| Complete 
| 310|0x000000064d800000, 0x000000064dc00000, 0x000000064dc00000|100%| E|CS|TAMS 0x000000064d800000, 0x000000064d800000| Complete 
| 311|0x000000064dc00000, 0x000000064e000000, 0x000000064e000000|100%| E|CS|TAMS 0x000000064dc00000, 0x000000064dc00000| Complete 
| 312|0x000000064e000000, 0x000000064e400000, 0x000000064e400000|100%| E|CS|TAMS 0x000000064e000000, 0x000000064e000000| Complete 
| 313|0x000000064e400000, 0x000000064e800000, 0x000000064e800000|100%| E|CS|TAMS 0x000000064e400000, 0x000000064e400000| Complete 
| 314|0x000000064e800000, 0x000000064ec00000, 0x000000064ec00000|100%| E|CS|TAMS 0x000000064e800000, 0x000000064e800000| Complete 
| 315|0x000000064ec00000, 0x000000064f000000, 0x000000064f000000|100%| E|CS|TAMS 0x000000064ec00000, 0x000000064ec00000| Complete 
| 316|0x000000064f000000, 0x000000064f400000, 0x000000064f400000|100%| E|CS|TAMS 0x000000064f000000, 0x000000064f000000| Complete 
| 317|0x000000064f400000, 0x000000064f800000, 0x000000064f800000|100%| E|CS|TAMS 0x000000064f400000, 0x000000064f400000| Complete 
| 318|0x000000064f800000, 0x000000064fc00000, 0x000000064fc00000|100%| E|CS|TAMS 0x000000064f800000, 0x000000064f800000| Complete 
| 319|0x000000064fc00000, 0x0000000650000000, 0x0000000650000000|100%| E|  |TAMS 0x000000064fc00000, 0x000000064fc00000| Complete 
| 320|0x0000000650000000, 0x0000000650400000, 0x0000000650400000|100%| E|CS|TAMS 0x0000000650000000, 0x0000000650000000| Complete 
| 321|0x0000000650400000, 0x0000000650800000, 0x0000000650800000|100%| E|CS|TAMS 0x0000000650400000, 0x0000000650400000| Complete 
| 322|0x0000000650800000, 0x0000000650c00000, 0x0000000650c00000|100%| E|CS|TAMS 0x0000000650800000, 0x0000000650800000| Complete 
| 323|0x0000000650c00000, 0x0000000651000000, 0x0000000651000000|100%| E|CS|TAMS 0x0000000650c00000, 0x0000000650c00000| Complete 
| 324|0x0000000651000000, 0x0000000651400000, 0x0000000651400000|100%| E|CS|TAMS 0x0000000651000000, 0x0000000651000000| Complete 
| 325|0x0000000651400000, 0x0000000651800000, 0x0000000651800000|100%| E|CS|TAMS 0x0000000651400000, 0x0000000651400000| Complete 
| 326|0x0000000651800000, 0x0000000651c00000, 0x0000000651c00000|100%| E|CS|TAMS 0x0000000651800000, 0x0000000651800000| Complete 
| 327|0x0000000651c00000, 0x0000000652000000, 0x0000000652000000|100%| E|CS|TAMS 0x0000000651c00000, 0x0000000651c00000| Complete 
| 328|0x0000000652000000, 0x0000000652400000, 0x0000000652400000|100%| E|CS|TAMS 0x0000000652000000, 0x0000000652000000| Complete 
| 329|0x0000000652400000, 0x0000000652800000, 0x0000000652800000|100%| E|CS|TAMS 0x0000000652400000, 0x0000000652400000| Complete 
| 330|0x0000000652800000, 0x0000000652c00000, 0x0000000652c00000|100%| E|CS|TAMS 0x0000000652800000, 0x0000000652800000| Complete 
| 331|0x0000000652c00000, 0x0000000653000000, 0x0000000653000000|100%| E|CS|TAMS 0x0000000652c00000, 0x0000000652c00000| Complete 
| 332|0x0000000653000000, 0x0000000653400000, 0x0000000653400000|100%| E|CS|TAMS 0x0000000653000000, 0x0000000653000000| Complete 
| 333|0x0000000653400000, 0x0000000653800000, 0x0000000653800000|100%| E|CS|TAMS 0x0000000653400000, 0x0000000653400000| Complete 
| 334|0x0000000653800000, 0x0000000653c00000, 0x0000000653c00000|100%| E|CS|TAMS 0x0000000653800000, 0x0000000653800000| Complete 
| 335|0x0000000653c00000, 0x0000000654000000, 0x0000000654000000|100%| E|CS|TAMS 0x0000000653c00000, 0x0000000653c00000| Complete 
| 336|0x0000000654000000, 0x0000000654400000, 0x0000000654400000|100%| E|CS|TAMS 0x0000000654000000, 0x0000000654000000| Complete 
| 337|0x0000000654400000, 0x0000000654800000, 0x0000000654800000|100%| E|CS|TAMS 0x0000000654400000, 0x0000000654400000| Complete 
| 338|0x0000000654800000, 0x0000000654c00000, 0x0000000654c00000|100%| E|CS|TAMS 0x0000000654800000, 0x0000000654800000| Complete 
| 339|0x0000000654c00000, 0x0000000655000000, 0x0000000655000000|100%| E|CS|TAMS 0x0000000654c00000, 0x0000000654c00000| Complete 
| 340|0x0000000655000000, 0x0000000655400000, 0x0000000655400000|100%| E|CS|TAMS 0x0000000655000000, 0x0000000655000000| Complete 
| 341|0x0000000655400000, 0x0000000655800000, 0x0000000655800000|100%| E|CS|TAMS 0x0000000655400000, 0x0000000655400000| Complete 
| 342|0x0000000655800000, 0x0000000655c00000, 0x0000000655c00000|100%| E|CS|TAMS 0x0000000655800000, 0x0000000655800000| Complete 
| 343|0x0000000655c00000, 0x0000000656000000, 0x0000000656000000|100%| E|CS|TAMS 0x0000000655c00000, 0x0000000655c00000| Complete 
| 344|0x0000000656000000, 0x0000000656400000, 0x0000000656400000|100%| E|CS|TAMS 0x0000000656000000, 0x0000000656000000| Complete 
| 345|0x0000000656400000, 0x0000000656800000, 0x0000000656800000|100%| E|CS|TAMS 0x0000000656400000, 0x0000000656400000| Complete 
| 346|0x0000000656800000, 0x0000000656c00000, 0x0000000656c00000|100%| E|CS|TAMS 0x0000000656800000, 0x0000000656800000| Complete 
| 347|0x0000000656c00000, 0x0000000657000000, 0x0000000657000000|100%| E|CS|TAMS 0x0000000656c00000, 0x0000000656c00000| Complete 
| 348|0x0000000657000000, 0x0000000657400000, 0x0000000657400000|100%| E|CS|TAMS 0x0000000657000000, 0x0000000657000000| Complete 
| 349|0x0000000657400000, 0x0000000657800000, 0x0000000657800000|100%| E|CS|TAMS 0x0000000657400000, 0x0000000657400000| Complete 

Card table byte_map: [0x000002caddc70000,0x000002cadec70000] _byte_map_base: 0x000002cadac70000

Marking Bits (Prev, Next): (CMBitMap*) 0x000002cab2662b00, (CMBitMap*) 0x000002cab2662ac0
 Prev Bits: [0x000002cae7c70000, 0x000002caefc70000)
 Next Bits: [0x000002cadfc70000, 0x000002cae7c70000)

Polling page: 0x000002cab26b0000

Metaspace:

Usage:
  Non-class:    124.09 MB used.
      Class:     18.80 MB used.
       Both:    142.89 MB used.

Virtual space:
  Non-class space:      128.00 MB reserved,     125.12 MB ( 98%) committed,  2 nodes.
      Class space:        1.00 GB reserved,      19.75 MB (  2%) committed,  1 nodes.
             Both:        1.12 GB reserved,     144.88 MB ( 13%) committed. 

Chunk freelists:
   Non-Class:  2.40 MB
       Class:  12.22 MB
        Both:  14.62 MB

MaxMetaspaceSize: 4.00 GB
CompressedClassSpaceSize: 1.00 GB
Initial GC threshold: 21.00 MB
Current GC threshold: 214.50 MB
CDS: on
MetaspaceReclaimPolicy: balanced
 - commit_granule_bytes: 65536.
 - commit_granule_words: 8192.
 - virtual_space_node_default_size: 8388608.
 - enlarge_chunks_in_place: 1.
 - new_chunks_are_fully_committed: 0.
 - uncommit_free_chunks: 1.
 - use_allocation_guard: 0.
 - handle_deallocations: 1.


Internal statistics:

num_allocs_failed_limit: 9.
num_arena_births: 3604.
num_arena_deaths: 2.
num_vsnodes_births: 3.
num_vsnodes_deaths: 0.
num_space_committed: 2316.
num_space_uncommitted: 0.
num_chunks_returned_to_freelist: 12.
num_chunks_taken_from_freelist: 10603.
num_chunk_merges: 9.
num_chunk_splits: 6468.
num_chunks_enlarged: 3560.
num_inconsistent_stats: 0.

CodeHeap 'non-profiled nmethods': size=258432Kb used=24560Kb max_used=24560Kb free=233872Kb
 bounds [0x000002cacbe10000, 0x000002cacd610000, 0x000002cadba70000]
CodeHeap 'profiled nmethods': size=258368Kb used=52570Kb max_used=54872Kb free=205797Kb
 bounds [0x000002cabba70000, 0x000002cabf020000, 0x000002cacb6c0000]
CodeHeap 'non-nmethods': size=7488Kb used=1870Kb max_used=3667Kb free=5617Kb
 bounds [0x000002cacb6c0000, 0x000002cacba60000, 0x000002cacbe10000]
 total_blobs=27604 nmethods=26628 adapters=886
 compilation: enabled
              stopped_count=0, restarted_count=0
 full_count=0

Compilation events (20 events):
Event: 6273.101 Thread 0x000002caeff22da0 nmethod 33304 0x000002cabca7a810 code [0x000002cabca7a9c0, 0x000002cabca7ab48]
Event: 6273.101 Thread 0x000002caeff22da0 33305       3       org.gradle.internal.model.StateTransitionController::assertNotInState (56 bytes)
Event: 6273.102 Thread 0x000002caeff22da0 nmethod 33305 0x000002cabc883e10 code [0x000002cabc8840a0, 0x000002cabc884af8]
Event: 6273.110 Thread 0x000002caeff22da0 33306       3       org.gradle.util.Path::getParent (70 bytes)
Event: 6273.111 Thread 0x000002caeff278d0 nmethod 33303 0x000002cacd60a310 code [0x000002cacd60a520, 0x000002cacd60acd0]
Event: 6273.111 Thread 0x000002caeff22da0 nmethod 33306 0x000002cabc2dcd90 code [0x000002cabc2dcf80, 0x000002cabc2dd3b8]
Event: 6273.111 Thread 0x000002caeff22da0 33307       3       org.gradle.api.internal.file.DefaultFilePropertyFactory::dir (34 bytes)
Event: 6273.111 Thread 0x000002caeff22da0 nmethod 33307 0x000002cabbde4d10 code [0x000002cabbde4f60, 0x000002cabbde5aa8]
Event: 6273.113 Thread 0x000002caeff22da0 33308       1       org.gradle.plugin.management.internal.DefaultPluginResolveDetails::getRequested (5 bytes)
Event: 6273.114 Thread 0x000002caeff22da0 nmethod 33308 0x000002cacd60b410 code [0x000002cacd60b5a0, 0x000002cacd60b678]
Event: 6273.116 Thread 0x000002caeff278d0 33309       4       com.google.common.collect.CollectPreconditions::checkEntryNotNull (68 bytes)
Event: 6273.116 Thread 0x000002caeff278d0 nmethod 33309 0x000002cacd60b710 code [0x000002cacd60b8a0, 0x000002cacd60b938]
Event: 6273.117 Thread 0x000002caeff22da0 33310       3       java.lang.Character::hashCode (8 bytes)
Event: 6273.117 Thread 0x000002caeff22da0 nmethod 33310 0x000002cabcaee990 code [0x000002cabcaeeb40, 0x000002cabcaeec98]
Event: 6273.117 Thread 0x000002caeff22da0 33311       3       java.lang.Character::hashCode (2 bytes)
Event: 6273.117 Thread 0x000002caeff22da0 nmethod 33311 0x000002cabbe7c410 code [0x000002cabbe7c5a0, 0x000002cabbe7c698]
Event: 6273.118 Thread 0x000002caeff22da0 33312       1       com.android.build.gradle.internal.services.ServiceRegistrationAction::access$getMaxParallelUsages$p (5 bytes)
Event: 6273.118 Thread 0x000002caeff22da0 nmethod 33312 0x000002cacd60ba10 code [0x000002cacd60bba0, 0x000002cacd60bc58]
Event: 6273.121 Thread 0x000002caeff22da0 33313       1       com.android.prefs.Global::getPropName (5 bytes)
Event: 6273.121 Thread 0x000002caeff22da0 nmethod 33313 0x000002cacd60bd10 code [0x000002cacd60bea0, 0x000002cacd60bf78]

GC Heap History (20 events):
Event: 4944.505 GC heap before
{Heap before GC invocations=107 (full 0):
 garbage-first heap   total 819200K, used 696120K [0x0000000600000000, 0x0000000800000000)
  region size 4096K, 33 young (135168K), 5 survivors (20480K)
 Metaspace       used 145170K, committed 147136K, reserved 1179648K
  class space    used 19207K, committed 20160K, reserved 1048576K
}
Event: 4944.517 GC heap after
{Heap after GC invocations=108 (full 0):
 garbage-first heap   total 819200K, used 603993K [0x0000000600000000, 0x0000000800000000)
  region size 4096K, 5 young (20480K), 5 survivors (20480K)
 Metaspace       used 145170K, committed 147136K, reserved 1179648K
  class space    used 19207K, committed 20160K, reserved 1048576K
}
Event: 4944.925 GC heap before
{Heap before GC invocations=108 (full 0):
 garbage-first heap   total 819200K, used 698201K [0x0000000600000000, 0x0000000800000000)
  region size 4096K, 28 young (114688K), 5 survivors (20480K)
 Metaspace       used 145400K, committed 147392K, reserved 1179648K
  class space    used 19219K, committed 20160K, reserved 1048576K
}
Event: 4944.938 GC heap after
{Heap after GC invocations=109 (full 0):
 garbage-first heap   total 983040K, used 623339K [0x0000000600000000, 0x0000000800000000)
  region size 4096K, 4 young (16384K), 4 survivors (16384K)
 Metaspace       used 145400K, committed 147392K, reserved 1179648K
  class space    used 19219K, committed 20160K, reserved 1048576K
}
Event: 4946.454 GC heap before
{Heap before GC invocations=109 (full 0):
 garbage-first heap   total 983040K, used 803563K [0x0000000600000000, 0x0000000800000000)
  region size 4096K, 49 young (200704K), 4 survivors (16384K)
 Metaspace       used 145553K, committed 147584K, reserved 1179648K
  class space    used 19232K, committed 20224K, reserved 1048576K
}
Event: 4946.466 GC heap after
{Heap after GC invocations=110 (full 0):
 garbage-first heap   total 983040K, used 640755K [0x0000000600000000, 0x0000000800000000)
  region size 4096K, 4 young (16384K), 4 survivors (16384K)
 Metaspace       used 145553K, committed 147584K, reserved 1179648K
  class space    used 19232K, committed 20224K, reserved 1048576K
}
Event: 5685.809 GC heap before
{Heap before GC invocations=110 (full 0):
 garbage-first heap   total 983040K, used 816883K [0x0000000600000000, 0x0000000800000000)
  region size 4096K, 48 young (196608K), 4 survivors (16384K)
 Metaspace       used 145623K, committed 147712K, reserved 1179648K
  class space    used 19234K, committed 20224K, reserved 1048576K
}
Event: 5685.817 GC heap after
{Heap after GC invocations=111 (full 0):
 garbage-first heap   total 983040K, used 647918K [0x0000000600000000, 0x0000000800000000)
  region size 4096K, 3 young (12288K), 3 survivors (12288K)
 Metaspace       used 145623K, committed 147712K, reserved 1179648K
  class space    used 19234K, committed 20224K, reserved 1048576K
}
Event: 5686.496 GC heap before
{Heap before GC invocations=111 (full 0):
 garbage-first heap   total 983040K, used 828142K [0x0000000600000000, 0x0000000800000000)
  region size 4096K, 47 young (192512K), 3 survivors (12288K)
 Metaspace       used 145778K, committed 147904K, reserved 1179648K
  class space    used 19234K, committed 20224K, reserved 1048576K
}
Event: 5686.509 GC heap after
{Heap after GC invocations=112 (full 0):
 garbage-first heap   total 983040K, used 670791K [0x0000000600000000, 0x0000000800000000)
  region size 4096K, 6 young (24576K), 6 survivors (24576K)
 Metaspace       used 145778K, committed 147904K, reserved 1179648K
  class space    used 19234K, committed 20224K, reserved 1048576K
}
Event: 5687.041 GC heap before
{Heap before GC invocations=112 (full 0):
 garbage-first heap   total 983040K, used 826439K [0x0000000600000000, 0x0000000800000000)
  region size 4096K, 44 young (180224K), 6 survivors (24576K)
 Metaspace       used 146037K, committed 148096K, reserved 1179648K
  class space    used 19234K, committed 20224K, reserved 1048576K
}
Event: 5687.059 GC heap after
{Heap after GC invocations=113 (full 0):
 garbage-first heap   total 983040K, used 699026K [0x0000000600000000, 0x0000000800000000)
  region size 4096K, 6 young (24576K), 6 survivors (24576K)
 Metaspace       used 146037K, committed 148096K, reserved 1179648K
  class space    used 19234K, committed 20224K, reserved 1048576K
}
Event: 5694.766 GC heap before
{Heap before GC invocations=113 (full 0):
 garbage-first heap   total 983040K, used 821906K [0x0000000600000000, 0x0000000800000000)
  region size 4096K, 37 young (151552K), 6 survivors (24576K)
 Metaspace       used 146108K, committed 148160K, reserved 1179648K
  class space    used 19235K, committed 20224K, reserved 1048576K
}
Event: 5694.778 GC heap after
{Heap after GC invocations=114 (full 0):
 garbage-first heap   total 983040K, used 714825K [0x0000000600000000, 0x0000000800000000)
  region size 4096K, 4 young (16384K), 4 survivors (16384K)
 Metaspace       used 146108K, committed 148160K, reserved 1179648K
  class space    used 19235K, committed 20224K, reserved 1048576K
}
Event: 5696.073 GC heap before
{Heap before GC invocations=114 (full 0):
 garbage-first heap   total 983040K, used 829513K [0x0000000600000000, 0x0000000800000000)
  region size 4096K, 33 young (135168K), 4 survivors (16384K)
 Metaspace       used 146183K, committed 148224K, reserved 1179648K
  class space    used 19236K, committed 20224K, reserved 1048576K
}
Event: 5696.081 GC heap after
{Heap after GC invocations=115 (full 0):
 garbage-first heap   total 983040K, used 723536K [0x0000000600000000, 0x0000000800000000)
  region size 4096K, 3 young (12288K), 3 survivors (12288K)
 Metaspace       used 146183K, committed 148224K, reserved 1179648K
  class space    used 19236K, committed 20224K, reserved 1048576K
}
Event: 5696.125 GC heap before
{Heap before GC invocations=115 (full 0):
 garbage-first heap   total 983040K, used 834128K [0x0000000600000000, 0x0000000800000000)
  region size 4096K, 31 young (126976K), 3 survivors (12288K)
 Metaspace       used 146195K, committed 148224K, reserved 1179648K
  class space    used 19236K, committed 20224K, reserved 1048576K
}
Event: 5696.132 GC heap after
{Heap after GC invocations=116 (full 0):
 garbage-first heap   total 983040K, used 759808K [0x0000000600000000, 0x0000000800000000)
  region size 4096K, 4 young (16384K), 4 survivors (16384K)
 Metaspace       used 146195K, committed 148224K, reserved 1179648K
  class space    used 19236K, committed 20224K, reserved 1048576K
}
Event: 5696.539 GC heap before
{Heap before GC invocations=116 (full 0):
 garbage-first heap   total 983040K, used 829440K [0x0000000600000000, 0x0000000800000000)
  region size 4096K, 22 young (90112K), 4 survivors (16384K)
 Metaspace       used 146226K, committed 148288K, reserved 1179648K
  class space    used 19236K, committed 20224K, reserved 1048576K
}
Event: 5696.543 GC heap after
{Heap after GC invocations=117 (full 0):
 garbage-first heap   total 1433600K, used 752081K [0x0000000600000000, 0x0000000800000000)
  region size 4096K, 1 young (4096K), 1 survivors (4096K)
 Metaspace       used 146226K, committed 148288K, reserved 1179648K
  class space    used 19236K, committed 20224K, reserved 1048576K
}

Dll operation events (15 events):
Event: 0.008 Loaded shared library C:\Program Files\Microsoft\jdk-17.0.20.101-hotspot\bin\java.dll
Event: 0.017 Loaded shared library C:\Program Files\Microsoft\jdk-17.0.20.101-hotspot\bin\jsvml.dll
Event: 0.050 Loaded shared library C:\Program Files\Microsoft\jdk-17.0.20.101-hotspot\bin\zip.dll
Event: 0.052 Loaded shared library C:\Program Files\Microsoft\jdk-17.0.20.101-hotspot\bin\instrument.dll
Event: 0.055 Loaded shared library C:\Program Files\Microsoft\jdk-17.0.20.101-hotspot\bin\net.dll
Event: 0.056 Loaded shared library C:\Program Files\Microsoft\jdk-17.0.20.101-hotspot\bin\nio.dll
Event: 0.058 Loaded shared library C:\Program Files\Microsoft\jdk-17.0.20.101-hotspot\bin\zip.dll
Event: 0.215 Loaded shared library C:\Program Files\Microsoft\jdk-17.0.20.101-hotspot\bin\jimage.dll
Event: 0.349 Loaded shared library C:\Program Files\Microsoft\jdk-17.0.20.101-hotspot\bin\verify.dll
Event: 0.374 Loaded shared library D:\GradleCache\native\1def1411415f61bf3af743bc5b6707747c0891f09f0c88961ee8f79bc544acac\windows-amd64\native-platform.dll
Event: 0.426 Loaded shared library D:\GradleCache\native\0.2.8\x86_64-windows-gnu\gradle-fileevents.dll
Event: 13.686 Loaded shared library C:\Program Files\Microsoft\jdk-17.0.20.101-hotspot\bin\management.dll
Event: 13.688 Loaded shared library C:\Program Files\Microsoft\jdk-17.0.20.101-hotspot\bin\management_ext.dll
Event: 13.869 Loaded shared library C:\Program Files\Microsoft\jdk-17.0.20.101-hotspot\bin\extnet.dll
Event: 14.078 Loaded shared library C:\Program Files\Microsoft\jdk-17.0.20.101-hotspot\bin\sunmscapi.dll

Deoptimization events (20 events):
Event: 6272.956 Thread 0x000002cb3c6a24b0 Uncommon trap: trap_request=0xffffffbe fr.pc=0x000002cacd5d282c relative=0x00000000000004ac
Event: 6272.956 Thread 0x000002cb3c6a24b0 Uncommon trap: reason=profile_predicate action=maybe_recompile pc=0x000002cacd5d282c method=java.util.AbstractList.hashCode()I @ 13 c2
Event: 6272.956 Thread 0x000002cb3c6a24b0 DEOPT PACKING pc=0x000002cacd5d282c sp=0x000000e5d26f8af0
Event: 6272.956 Thread 0x000002cb3c6a24b0 DEOPT UNPACKING pc=0x000002cacb7169a3 sp=0x000000e5d26f8a80 mode 2
Event: 6272.956 Thread 0x000002cb3c6a24b0 Uncommon trap: trap_request=0xffffffbe fr.pc=0x000002cacd5d282c relative=0x00000000000004ac
Event: 6272.956 Thread 0x000002cb3c6a24b0 Uncommon trap: reason=profile_predicate action=maybe_recompile pc=0x000002cacd5d282c method=java.util.AbstractList.hashCode()I @ 13 c2
Event: 6272.956 Thread 0x000002cb3c6a24b0 DEOPT PACKING pc=0x000002cacd5d282c sp=0x000000e5d26f8ae0
Event: 6272.956 Thread 0x000002cb3c6a24b0 DEOPT UNPACKING pc=0x000002cacb7169a3 sp=0x000000e5d26f8a70 mode 2
Event: 6272.993 Thread 0x000002cb46f38d60 Uncommon trap: trap_request=0xffffffbe fr.pc=0x000002cacd5d282c relative=0x00000000000004ac
Event: 6272.993 Thread 0x000002cb46f38d60 Uncommon trap: reason=profile_predicate action=maybe_recompile pc=0x000002cacd5d282c method=java.util.AbstractList.hashCode()I @ 13 c2
Event: 6272.993 Thread 0x000002cb46f38d60 DEOPT PACKING pc=0x000002cacd5d282c sp=0x000000e5d6afa820
Event: 6272.994 Thread 0x000002cb46f38d60 DEOPT UNPACKING pc=0x000002cacb7169a3 sp=0x000000e5d6afa7b0 mode 2
Event: 6272.994 Thread 0x000002cb46f38d60 Uncommon trap: trap_request=0xffffffbe fr.pc=0x000002cacd5d282c relative=0x00000000000004ac
Event: 6272.994 Thread 0x000002cb46f38d60 Uncommon trap: reason=profile_predicate action=maybe_recompile pc=0x000002cacd5d282c method=java.util.AbstractList.hashCode()I @ 13 c2
Event: 6272.994 Thread 0x000002cb46f38d60 DEOPT PACKING pc=0x000002cacd5d282c sp=0x000000e5d6afa810
Event: 6272.994 Thread 0x000002cb46f38d60 DEOPT UNPACKING pc=0x000002cacb7169a3 sp=0x000000e5d6afa7a0 mode 2
Event: 6273.053 Thread 0x000002cb3c6a24b0 Uncommon trap: trap_request=0xffffff45 fr.pc=0x000002cacd16f490 relative=0x0000000000000910
Event: 6273.053 Thread 0x000002cb3c6a24b0 Uncommon trap: reason=unstable_if action=reinterpret pc=0x000002cacd16f490 method=java.util.concurrent.locks.LockSupport.unpark(Ljava/lang/Thread;)V @ 1 c2
Event: 6273.053 Thread 0x000002cb3c6a24b0 DEOPT PACKING pc=0x000002cacd16f490 sp=0x000000e5d26f81f0
Event: 6273.053 Thread 0x000002cb3c6a24b0 DEOPT UNPACKING pc=0x000002cacb7169a3 sp=0x000000e5d26f8038 mode 2

Classes loaded (20 events):
Event: 105.859 Loading class sun/reflect/misc/MethodUtil$1
Event: 105.859 Loading class sun/reflect/misc/MethodUtil$1 done
Event: 105.925 Loading class java/nio/file/StandardCopyOption
Event: 105.925 Loading class java/nio/file/StandardCopyOption done
Event: 105.925 Loading class sun/nio/fs/WindowsFileCopy
Event: 105.926 Loading class sun/nio/fs/WindowsFileCopy done
Event: 106.086 Loading class java/util/Locale$1
Event: 106.086 Loading class java/util/Locale$1 done
Event: 106.093 Loading class java/util/concurrent/CompletableFuture$AsyncRun
Event: 106.093 Loading class java/util/concurrent/CompletableFuture$AsyncRun done
Event: 3831.127 Loading class jdk/internal/math/FormattedFloatingDecimal$Form
Event: 3831.128 Loading class jdk/internal/math/FormattedFloatingDecimal$Form done
Event: 3831.128 Loading class jdk/internal/math/FormattedFloatingDecimal
Event: 3831.131 Loading class jdk/internal/math/FormattedFloatingDecimal done
Event: 3831.131 Loading class jdk/internal/math/FormattedFloatingDecimal$1
Event: 3831.131 Loading class jdk/internal/math/FormattedFloatingDecimal$1 done
Event: 3831.131 Loading class jdk/internal/math/FormattedFloatingDecimal$2
Event: 3831.131 Loading class jdk/internal/math/FormattedFloatingDecimal$2 done
Event: 4920.947 Loading class java/lang/invoke/MethodHandleImpl$CountingWrapper$1
Event: 4920.947 Loading class java/lang/invoke/MethodHandleImpl$CountingWrapper$1 done

Classes unloaded (1 events):
Event: 22.384 Thread 0x000002caefef8190 Unloading class 0x000002caf46b8000 'java/lang/invoke/LambdaForm$DMH+0x000002caf46b8000'

Classes redefined (0 events):
No events

Internal exceptions (20 events):
Event: 5695.402 Thread 0x000002cb46f3a6b0 Exception <a 'sun/nio/fs/WindowsException'{0x0000000635ff5ee8}> (0x0000000635ff5ee8) 
thrown [s\src\hotspot\share\prims\jni.cpp, line 516]
Event: 5696.520 Thread 0x000002cb3c6a5750 Exception <a 'sun/nio/fs/WindowsException'{0x0000000637e59980}> (0x0000000637e59980) 
thrown [s\src\hotspot\share\prims\jni.cpp, line 516]
Event: 5696.530 Thread 0x000002cb4037c3e0 Exception <a 'sun/nio/fs/WindowsException'{0x0000000637de71a8}> (0x0000000637de71a8) 
thrown [s\src\hotspot\share\prims\jni.cpp, line 516]
Event: 5696.632 Thread 0x000002cb3c6a5750 Exception <a 'sun/nio/fs/WindowsException'{0x0000000655d10250}> (0x0000000655d10250) 
thrown [s\src\hotspot\share\prims\jni.cpp, line 516]
Event: 5696.632 Thread 0x000002cb3c6a5750 Exception <a 'sun/nio/fs/WindowsException'{0x0000000655d11428}> (0x0000000655d11428) 
thrown [s\src\hotspot\share\prims\jni.cpp, line 516]
Event: 6272.845 Thread 0x000002cb3c6a24b0 Exception <a 'sun/nio/fs/WindowsException'{0x0000000653261590}> (0x0000000653261590) 
thrown [s\src\hotspot\share\prims\jni.cpp, line 516]
Event: 6272.845 Thread 0x000002cb3c6a24b0 Exception <a 'sun/nio/fs/WindowsException'{0x0000000653262910}> (0x0000000653262910) 
thrown [s\src\hotspot\share\prims\jni.cpp, line 516]
Event: 6272.845 Thread 0x000002cb3c6a24b0 Exception <a 'sun/nio/fs/WindowsException'{0x0000000653263c80}> (0x0000000653263c80) 
thrown [s\src\hotspot\share\prims\jni.cpp, line 516]
Event: 6272.845 Thread 0x000002cb3c6a24b0 Exception <a 'sun/nio/fs/WindowsException'{0x0000000653264cc0}> (0x0000000653264cc0) 
thrown [s\src\hotspot\share\prims\jni.cpp, line 516]
Event: 6272.857 Thread 0x000002cb3c6a24b0 Exception <a 'sun/nio/fs/WindowsException'{0x0000000653338e28}> (0x0000000653338e28) 
thrown [s\src\hotspot\share\prims\jni.cpp, line 516]
Event: 6272.857 Thread 0x000002cb3c6a24b0 Exception <a 'sun/nio/fs/WindowsException'{0x000000065333a9a0}> (0x000000065333a9a0) 
thrown [s\src\hotspot\share\prims\jni.cpp, line 516]
Event: 6272.858 Thread 0x000002cb3c6a24b0 Exception <a 'sun/nio/fs/WindowsException'{0x000000065333c508}> (0x000000065333c508) 
thrown [s\src\hotspot\share\prims\jni.cpp, line 516]
Event: 6272.858 Thread 0x000002cb3c6a24b0 Exception <a 'sun/nio/fs/WindowsException'{0x000000065333dd40}> (0x000000065333dd40) 
thrown [s\src\hotspot\share\prims\jni.cpp, line 516]
Event: 6273.002 Thread 0x000002cb46f38d60 Exception <a 'sun/nio/fs/WindowsException'{0x000000064f8ca998}> (0x000000064f8ca998) 
thrown [s\src\hotspot\share\prims\jni.cpp, line 516]
Event: 6273.002 Thread 0x000002cb46f38d60 Exception <a 'sun/nio/fs/WindowsException'{0x000000064f8cc740}> (0x000000064f8cc740) 
thrown [s\src\hotspot\share\prims\jni.cpp, line 516]
Event: 6273.002 Thread 0x000002cb46f38d60 Exception <a 'sun/nio/fs/WindowsException'{0x000000064f8ce438}> (0x000000064f8ce438) 
thrown [s\src\hotspot\share\prims\jni.cpp, line 516]
Event: 6273.002 Thread 0x000002cb46f38d60 Exception <a 'sun/nio/fs/WindowsException'{0x000000064f8cfe38}> (0x000000064f8cfe38) 
thrown [s\src\hotspot\share\prims\jni.cpp, line 516]
Event: 6273.003 Thread 0x000002cb46f38d60 Exception <a 'sun/nio/fs/WindowsException'{0x000000064f8e5168}> (0x000000064f8e5168) 
thrown [s\src\hotspot\share\prims\jni.cpp, line 516]
Event: 6273.003 Thread 0x000002cb46f38d60 Exception <a 'sun/nio/fs/WindowsException'{0x000000064f8e6ef8}> (0x000000064f8e6ef8) 
thrown [s\src\hotspot\share\prims\jni.cpp, line 516]
Event: 6273.003 Thread 0x000002cb46f38d60 Exception <a 'sun/nio/fs/WindowsException'{0x000000064f8e8920}> (0x000000064f8e8920) 
thrown [s\src\hotspot\share\prims\jni.cpp, line 516]

VM Operations (20 events):
Event: 5694.894 Executing VM operation: HandshakeAllThreads
Event: 5694.894 Executing VM operation: HandshakeAllThreads done
Event: 5695.902 Executing VM operation: Cleanup
Event: 5695.902 Executing VM operation: Cleanup done
Event: 5696.037 Executing VM operation: HandshakeAllThreads
Event: 5696.038 Executing VM operation: HandshakeAllThreads done
Event: 5696.072 Executing VM operation: G1CollectForAllocation
Event: 5696.081 Executing VM operation: G1CollectForAllocation done
Event: 5696.124 Executing VM operation: G1CollectForAllocation
Event: 5696.132 Executing VM operation: G1CollectForAllocation done
Event: 5696.159 Executing VM operation: HandshakeAllThreads
Event: 5696.160 Executing VM operation: HandshakeAllThreads done
Event: 5696.539 Executing VM operation: G1CollectForAllocation
Event: 5696.543 Executing VM operation: G1CollectForAllocation done
Event: 5697.552 Executing VM operation: Cleanup
Event: 5697.552 Executing VM operation: Cleanup done
Event: 5712.458 Executing VM operation: HandshakeAllThreads
Event: 5712.458 Executing VM operation: HandshakeAllThreads done
Event: 6273.008 Executing VM operation: Cleanup
Event: 6273.008 Executing VM operation: Cleanup done

Memory protections (0 events):
No events

Nmethod flushes (20 events):
Event: 5696.183 Thread 0x000002cb340a23b0 flushing  nmethod 0x000002cabde6c390
Event: 5696.183 Thread 0x000002cb340a23b0 flushing  nmethod 0x000002cabdea7390
Event: 5696.183 Thread 0x000002cb340a23b0 flushing  nmethod 0x000002cabdeb8890
Event: 5696.183 Thread 0x000002cb340a23b0 flushing  nmethod 0x000002cabded4b10
Event: 5696.183 Thread 0x000002cb340a23b0 flushing  nmethod 0x000002cabdf31290
Event: 5696.184 Thread 0x000002cb340a23b0 flushing  nmethod 0x000002cabdfb3890
Event: 5696.184 Thread 0x000002cb340a23b0 flushing  nmethod 0x000002cabe12d490
Event: 5696.184 Thread 0x000002cb340a23b0 flushing  nmethod 0x000002cabe16a910
Event: 5696.184 Thread 0x000002cb340a23b0 flushing  nmethod 0x000002cabe1b4d10
Event: 5696.185 Thread 0x000002cb340a23b0 flushing  nmethod 0x000002cabe220490
Event: 5696.185 Thread 0x000002cb340a23b0 flushing  nmethod 0x000002cabe26e810
Event: 5696.185 Thread 0x000002cb340a23b0 flushing  nmethod 0x000002cabe29b490
Event: 5696.185 Thread 0x000002cb340a23b0 flushing  nmethod 0x000002cabe305f10
Event: 5696.185 Thread 0x000002cb340a23b0 flushing  nmethod 0x000002cabe306290
Event: 5696.185 Thread 0x000002cb340a23b0 flushing  nmethod 0x000002cabe31f810
Event: 5696.185 Thread 0x000002cb340a23b0 flushing  nmethod 0x000002cabe3cba10
Event: 5696.186 Thread 0x000002cb340a23b0 flushing  nmethod 0x000002cabe594a10
Event: 5696.187 Thread 0x000002cb340a23b0 flushing  nmethod 0x000002cabe70a710
Event: 5696.188 Thread 0x000002cb340a23b0 flushing  nmethod 0x000002cabeb52e10
Event: 5696.189 Thread 0x000002cb340a23b0 flushing  nmethod 0x000002cabecfa510

Events (20 events):
Event: 6273.040 Thread 0x000002cb3c6a24b0 Thread added: 0x000002cb3f504810
Event: 6273.040 Thread 0x000002cb3c6a24b0 Thread added: 0x000002cb3f5075a0
Event: 6273.040 Thread 0x000002cb3c6a24b0 Thread added: 0x000002cb3f505230
Event: 6273.040 Thread 0x000002cb3c6a24b0 Thread added: 0x000002cb3f506b80
Event: 6273.040 Thread 0x000002cb3c6a24b0 Thread added: 0x000002cb3f507ab0
Event: 6273.049 Thread 0x000002cb3c6a24b0 Thread added: 0x000002cb3f504d20
Event: 6273.050 Thread 0x000002cb3c6a24b0 Thread added: 0x000002cb3f5089e0
Event: 6273.050 Thread 0x000002cb3c6a24b0 Thread added: 0x000002cb3f505740
Event: 6273.050 Thread 0x000002cb3c6a24b0 Thread added: 0x000002cb3f507fc0
Event: 6273.050 Thread 0x000002cb3c6a24b0 Thread added: 0x000002cb3f506160
Event: 6273.050 Thread 0x000002cb3c6a24b0 Thread added: 0x000002cb3f5084d0
Event: 6273.050 Thread 0x000002cb3c6a24b0 Thread added: 0x000002cb3f509400
Event: 6273.050 Thread 0x000002cb3c6a24b0 Thread added: 0x000002cb3f509e20
Event: 6273.050 Thread 0x000002cb3c6a24b0 Thread added: 0x000002cb3f50b260
Event: 6273.051 Thread 0x000002cb3c6a24b0 Thread added: 0x000002cb3f509910
Event: 6273.051 Thread 0x000002cb3c6a24b0 Thread added: 0x000002cb3f508ef0
Event: 6273.051 Thread 0x000002cb3c6a24b0 Thread added: 0x000002cb3f50a330
Event: 6273.051 Thread 0x000002cb3c6a24b0 Thread added: 0x000002cb3f50a840
Event: 6273.051 Thread 0x000002cb3c6a24b0 Thread added: 0x000002cb3f50ad50
Event: 6273.051 Thread 0x000002cb3c6a24b0 Thread added: 0x000002cb3f50b770


Dynamic libraries:
0x00007ff64c4e0000 - 0x00007ff64c4ee000 	C:\Program Files\Microsoft\jdk-17.0.20.101-hotspot\bin\java.exe
0x00007fff980a0000 - 0x00007fff98306000 	C:\WINDOWS\SYSTEM32\ntdll.dll
0x00007fff96da0000 - 0x00007fff96e69000 	C:\WINDOWS\System32\KERNEL32.DLL
0x00007fff958a0000 - 0x00007fff95c9a000 	C:\WINDOWS\System32\KERNELBASE.dll
0x00007fff95750000 - 0x00007fff9589c000 	C:\WINDOWS\System32\ucrtbase.dll
0x00007fff8cd00000 - 0x00007fff8cd18000 	C:\Program Files\Microsoft\jdk-17.0.20.101-hotspot\bin\jli.dll
0x00007fff8c760000 - 0x00007fff8c77e000 	C:\Program Files\Microsoft\jdk-17.0.20.101-hotspot\bin\VCRUNTIME140.dll
0x00007fff96ef0000 - 0x00007fff970b7000 	C:\WINDOWS\System32\USER32.dll
0x00007fff7ad10000 - 0x00007fff7afa2000 	C:\WINDOWS\WinSxS\amd64_microsoft.windows.common-controls_6595b64144ccf1df_6.0.26100.8521_none_3e08b75ce33403b3\COMCTL32.dll
0x00007fff95330000 - 0x00007fff95357000 	C:\WINDOWS\System32\win32u.dll
0x00007fff97ac0000 - 0x00007fff97b69000 	C:\WINDOWS\System32\msvcrt.dll
0x00007fff96b30000 - 0x00007fff96b5b000 	C:\WINDOWS\System32\GDI32.dll
0x00007fff954a0000 - 0x00007fff955cb000 	C:\WINDOWS\System32\gdi32full.dll
0x00007fff953f0000 - 0x00007fff95493000 	C:\WINDOWS\System32\msvcp_win.dll
0x00007fff96b60000 - 0x00007fff96b92000 	C:\WINDOWS\System32\IMM32.DLL
0x00007fff8fdd0000 - 0x00007fff8fddc000 	C:\Program Files\Microsoft\jdk-17.0.20.101-hotspot\bin\vcruntime140_1.dll
0x00007fff711f0000 - 0x00007fff71279000 	C:\Program Files\Microsoft\jdk-17.0.20.101-hotspot\bin\msvcp140.dll
0x00007fff09fa0000 - 0x00007fff0ac1b000 	C:\Program Files\Microsoft\jdk-17.0.20.101-hotspot\bin\server\jvm.dll
0x00007fff961e0000 - 0x00007fff96296000 	C:\WINDOWS\System32\ADVAPI32.dll
0x00007fff960a0000 - 0x00007fff9614a000 	C:\WINDOWS\System32\sechost.dll
0x00007fff97920000 - 0x00007fff97a38000 	C:\WINDOWS\System32\RPCRT4.dll
0x00007fff95e20000 - 0x00007fff95ea0000 	C:\WINDOWS\System32\WS2_32.dll
0x00007fff87e20000 - 0x00007fff87e56000 	C:\WINDOWS\SYSTEM32\WINMM.dll
0x00007fff95190000 - 0x00007fff951ee000 	C:\WINDOWS\SYSTEM32\POWRPROF.dll
0x00007fff8d850000 - 0x00007fff8d85b000 	C:\WINDOWS\SYSTEM32\VERSION.dll
0x00007fff95170000 - 0x00007fff95184000 	C:\WINDOWS\SYSTEM32\UMPDC.dll
0x00007fff940a0000 - 0x00007fff940bb000 	C:\WINDOWS\SYSTEM32\kernel.appcore.dll
0x00007fff8c7a0000 - 0x00007fff8c7aa000 	C:\Program Files\Microsoft\jdk-17.0.20.101-hotspot\bin\jimage.dll
0x00007fff7d4f0000 - 0x00007fff7d732000 	C:\WINDOWS\SYSTEM32\DBGHELP.DLL
0x00007fff97cd0000 - 0x00007fff98053000 	C:\WINDOWS\System32\combase.dll
0x00007fff96a50000 - 0x00007fff96b29000 	C:\WINDOWS\System32\OLEAUT32.dll
0x00007fff64070000 - 0x00007fff640ab000 	C:\WINDOWS\SYSTEM32\dbgcore.DLL
0x00007fff95ca0000 - 0x00007fff95d48000 	C:\WINDOWS\System32\bcryptPrimitives.dll
0x00007fff73af0000 - 0x00007fff73aff000 	C:\Program Files\Microsoft\jdk-17.0.20.101-hotspot\bin\instrument.dll
0x00007fff8c730000 - 0x00007fff8c756000 	C:\Program Files\Microsoft\jdk-17.0.20.101-hotspot\bin\java.dll
0x00007fff6fcf0000 - 0x00007fff6fdc6000 	C:\Program Files\Microsoft\jdk-17.0.20.101-hotspot\bin\jsvml.dll
0x00007fff962a0000 - 0x00007fff96a24000 	C:\WINDOWS\System32\SHELL32.dll
0x00007fff92eb0000 - 0x00007fff93730000 	C:\WINDOWS\SYSTEM32\windows.storage.dll
0x00007fff97820000 - 0x00007fff97916000 	C:\WINDOWS\System32\SHCORE.dll
0x00007fff97160000 - 0x00007fff971c7000 	C:\WINDOWS\System32\shlwapi.dll
0x00007fff95250000 - 0x00007fff95279000 	C:\WINDOWS\SYSTEM32\profapi.dll
0x00007fff785e0000 - 0x00007fff785f8000 	C:\Program Files\Microsoft\jdk-17.0.20.101-hotspot\bin\zip.dll
0x00007fff803e0000 - 0x00007fff803fb000 	C:\Program Files\Microsoft\jdk-17.0.20.101-hotspot\bin\net.dll
0x00007fff8d3b0000 - 0x00007fff8d4d9000 	C:\WINDOWS\SYSTEM32\WINHTTP.dll
0x00007fff94630000 - 0x00007fff9469c000 	C:\WINDOWS\system32\mswsock.dll
0x00007fff78630000 - 0x00007fff78646000 	C:\Program Files\Microsoft\jdk-17.0.20.101-hotspot\bin\nio.dll
0x00007fff75d00000 - 0x00007fff75d10000 	C:\Program Files\Microsoft\jdk-17.0.20.101-hotspot\bin\verify.dll
0x00007fff73b00000 - 0x00007fff73b27000 	D:\GradleCache\native\1def1411415f61bf3af743bc5b6707747c0891f09f0c88961ee8f79bc544acac\windows-amd64\native-platform.dll
0x00007fff71170000 - 0x00007fff711e7000 	D:\GradleCache\native\0.2.8\x86_64-windows-gnu\gradle-fileevents.dll
0x00007fff75cf0000 - 0x00007fff75cfa000 	C:\Program Files\Microsoft\jdk-17.0.20.101-hotspot\bin\management.dll
0x00007fff755d0000 - 0x00007fff755dc000 	C:\Program Files\Microsoft\jdk-17.0.20.101-hotspot\bin\management_ext.dll
0x00007fff95e10000 - 0x00007fff95e18000 	C:\WINDOWS\System32\PSAPI.DLL
0x00007fff93a70000 - 0x00007fff93aa3000 	C:\WINDOWS\SYSTEM32\IPHLPAPI.DLL
0x00007fff96d90000 - 0x00007fff96d9a000 	C:\WINDOWS\System32\NSI.dll
0x00007fff8de20000 - 0x00007fff8de3d000 	C:\WINDOWS\SYSTEM32\dhcpcsvc6.DLL
0x00007fff8dd20000 - 0x00007fff8dd45000 	C:\WINDOWS\SYSTEM32\dhcpcsvc.DLL
0x00007fff93b00000 - 0x00007fff93c4a000 	C:\WINDOWS\SYSTEM32\DNSAPI.dll
0x00007fff94430000 - 0x00007fff9443d000 	C:\WINDOWS\SYSTEM32\DSPARSE.dll
0x00007fff755c0000 - 0x00007fff755c9000 	C:\Program Files\Microsoft\jdk-17.0.20.101-hotspot\bin\extnet.dll
0x00007fff94910000 - 0x00007fff9492b000 	C:\WINDOWS\SYSTEM32\CRYPTSP.dll
0x00007fff93ff0000 - 0x00007fff94029000 	C:\WINDOWS\system32\rsaenh.dll
0x00007fff946e0000 - 0x00007fff94713000 	C:\WINDOWS\SYSTEM32\USERENV.dll
0x00007fff95220000 - 0x00007fff9524a000 	C:\WINDOWS\SYSTEM32\bcrypt.dll
0x00007fff94930000 - 0x00007fff9493c000 	C:\WINDOWS\SYSTEM32\CRYPTBASE.dll
0x00007fff739b0000 - 0x00007fff739be000 	C:\Program Files\Microsoft\jdk-17.0.20.101-hotspot\bin\sunmscapi.dll
0x00007fff955d0000 - 0x00007fff95748000 	C:\WINDOWS\System32\CRYPT32.dll
0x00007fff94b30000 - 0x00007fff94b60000 	C:\WINDOWS\SYSTEM32\ncrypt.dll
0x00007fff94ae0000 - 0x00007fff94b1f000 	C:\WINDOWS\SYSTEM32\NTASN1.dll
0x00007fff80c50000 - 0x00007fff80c58000 	C:\WINDOWS\system32\wshunix.dll
0x00007fff8d840000 - 0x00007fff8d84b000 	C:\Windows\System32\rasadhlp.dll
0x00007fff8e8c0000 - 0x00007fff8e946000 	C:\WINDOWS\System32\fwpuclnt.dll

dbghelp: loaded successfully - version: 4.0.5 - missing functions: none
symbol engine: initialized successfully - sym options: 0x614 - pdb path: .;C:\Program Files\Microsoft\jdk-17.0.20.101-hotspot\bin;C:\WINDOWS\SYSTEM32;C:\WINDOWS\WinSxS\amd64_microsoft.windows.common-controls_6595b64144ccf1df_6.0.26100.8521_none_3e08b75ce33403b3;C:\Program Files\Microsoft\jdk-17.0.20.101-hotspot\bin\server;D:\GradleCache\native\1def1411415f61bf3af743bc5b6707747c0891f09f0c88961ee8f79bc544acac\windows-amd64;D:\GradleCache\native\0.2.8\x86_64-windows-gnu

VM Arguments:
jvm_args: --add-opens=java.base/java.lang=ALL-UNNAMED --add-opens=java.base/java.lang.invoke=ALL-UNNAMED --add-opens=java.base/java.util=ALL-UNNAMED --add-opens=java.prefs/java.util.prefs=ALL-UNNAMED --add-exports=jdk.compiler/com.sun.tools.javac.api=ALL-UNNAMED --add-exports=jdk.compiler/com.sun.tools.javac.util=ALL-UNNAMED --add-opens=java.base/java.util=ALL-UNNAMED --add-opens=java.prefs/java.util.prefs=ALL-UNNAMED --add-opens=java.base/java.nio.charset=ALL-UNNAMED --add-opens=java.base/java.net=ALL-UNNAMED --add-opens=java.base/java.util.concurrent=ALL-UNNAMED --add-opens=java.base/java.util.concurrent.atomic=ALL-UNNAMED --add-opens=java.xml/javax.xml.namespace=ALL-UNNAMED --add-opens=java.base/java.time=ALL-UNNAMED -XX:MaxMetaspaceSize=4G -XX:ReservedCodeCacheSize=512m -XX:+HeapDumpOnOutOfMemoryError -Xmx8G -Dfile.encoding=windows-1252 -Duser.country=IN -Duser.language=en -Duser.variant -javaagent:D:\GradleCache\wrapper\dists\gradle-9.1.0-all\7wzd0jkjit61aq2p43wpjgij9\gradle-9.1.0\lib\agents\gradle-instrumentation-agent-9.1.0.jar 
java_command: org.gradle.launcher.daemon.bootstrap.GradleDaemon 9.1.0
java_class_path (initial): D:\GradleCache\wrapper\dists\gradle-9.1.0-all\7wzd0jkjit61aq2p43wpjgij9\gradle-9.1.0\lib\gradle-daemon-main-9.1.0.jar
Launcher Type: SUN_STANDARD

[Global flags]
     intx CICompilerCount                          = 12                                        {product} {ergonomic}
     uint ConcGCThreads                            = 3                                         {product} {ergonomic}
     uint G1ConcRefinementThreads                  = 13                                        {product} {ergonomic}
   size_t G1HeapRegionSize                         = 4194304                                   {product} {ergonomic}
    uintx GCDrainStackTargetSize                   = 64                                        {product} {ergonomic}
     bool HeapDumpOnOutOfMemoryError               = true                                   {manageable} {command line}
   size_t InitialHeapSize                          = 402653184                                 {product} {ergonomic}
   size_t MarkStackSize                            = 4194304                                   {product} {ergonomic}
   size_t MaxHeapSize                              = 8589934592                                {product} {command line}
   size_t MaxMetaspaceSize                         = 4294967296                                {product} {command line}
   size_t MaxNewSize                               = 5150605312                                {product} {ergonomic}
   size_t MinHeapDeltaBytes                        = 4194304                                   {product} {ergonomic}
   size_t MinHeapSize                              = 8388608                                   {product} {ergonomic}
    uintx NonNMethodCodeHeapSize                   = 7602480                                {pd product} {ergonomic}
    uintx NonProfiledCodeHeapSize                  = 264634216                              {pd product} {ergonomic}
    uintx ProfiledCodeHeapSize                     = 264634216                              {pd product} {ergonomic}
    uintx ReservedCodeCacheSize                    = 536870912                              {pd product} {command line}
     bool SegmentedCodeCache                       = true                                      {product} {ergonomic}
   size_t SoftMaxHeapSize                          = 8589934592                             {manageable} {ergonomic}
   double SweeperThreshold                         = 0.234375                                  {product} {ergonomic}
     bool UseCompressedClassPointers               = true                           {product lp64_product} {ergonomic}
     bool UseCompressedOops                        = true                           {product lp64_product} {ergonomic}
     bool UseG1GC                                  = true                                      {product} {ergonomic}
     bool UseLargePagesIndividualAllocation        = false                                  {pd product} {ergonomic}

Logging:
Log output configuration:
 #0: stdout all=warning uptime,level,tags
 #1: stderr all=off uptime,level,tags

Environment Variables:
JAVA_HOME=C:\Program Files\Microsoft\jdk-17.0.20.101-hotspot
CLASSPATH=D:\FlutterProjects\eduverse_ai_app\android\\gradle\wrapper\gradle-wrapper.jar
PATH=C:\Program Files\Microsoft\jdk-17.0.20.101-hotspot\bin;C:\src\flutter\bin\;c:\Users\ahema\AppData\Roaming\Code\User\globalStorage\github.copilot-chat\debugCommand;c:\Users\ahema\AppData\Roaming\Code\User\globalStorage\github.copilot-chat\copilotCli;C:\Program Files\Microsoft\jdk-17.0.20.101-hotspot\bin;C:\WINDOWS\system32;C:\WINDOWS;C:\WINDOWS\System32\Wbem;C:\WINDOWS\System32\WindowsPowerShell\v1.0\;C:\WINDOWS\System32\OpenSSH\;C:\Program Files\dotnet\;C:\Program Files\nodejs\;C:\Program Files\Git\cmd;C:\src\flutter\bin\;c:\Users\ahema\AppData\Roaming\Code\User\globalStorage\github.copilot-chat\debugCommand;c:\Users\ahema\AppData\Roaming\Code\User\globalStorage\github.copilot-chat\copilotCli;C:\WINDOWS\system32;C:\WINDOWS;C:\WINDOWS\System32\Wbem;C:\WINDOWS\System32\WindowsPowerShell\v1.0\;C:\WINDOWS\System32\OpenSSH\;C:\Program Files\dotnet\;C:\Program Files\nodejs\;C:\Program Files\Git\cmd;C:\Program Files\Git\cmd;C:\Users\ahema\AppData\Local\Programs\Python\Python311\;C:\Users\ahema\AppData\Local\Programs\Python\Python313\Scripts\;C:\Users\ahema\AppData\Local\Programs\Python\Python313\;C:\Users\ahema\AppData\Local\Microsoft\WindowsApps;C:\Users\ahema\AppData\Local\Programs\Microsoft VS Code\bin;C:\Users\ahema\AppData\Local\Programs\Ollama;C:\Users\ahema\AppData\Roaming\npm;C:\src\flutter\bin;;c:\Users\ahema\.vscode\extensions\ms-python.debugpy-2026.6.0-win32-x64\bundled\scripts\noConfigScripts;C:\Program Files\Microsoft\jdk-17.0.20.101-hotspot\bin;c:\Users\ahema\.vscode\extensions\ms-python.debugpy-2026.6.0-win32-x64\bundled\scripts\noConfigScripts
USERNAME=ahema
LANG=en_US.UTF-8
OS=Windows_NT
PROCESSOR_IDENTIFIER=AMD64 Family 25 Model 68 Stepping 1, AuthenticAMD
TMP=D:\Temp
TEMP=D:\Temp



Periodic native trim disabled


---------------  S Y S T E M  ---------------

OS:
 Windows 11 , 64 bit Build 26100 (10.0.26100.8521)
OS uptime: 9 days 0:59 hours
Hyper-V role detected

CPU: total 16 (initial active 16) (16 cores per cpu, 2 threads per core) family 25 model 68 stepping 1 microcode 0xa404107, cx8, cmov, fxsr, ht, mmx, 3dnowpref, sse, sse2, sse3, ssse3, sse4a, sse4.1, sse4.2, popcnt, lzcnt, tsc, tscinvbit, avx, avx2, aes, erms, clmul, bmi1, bmi2, adx, sha, fma, vzeroupper, clflush, clflushopt, hv
Processor Information for processor 0
  Max Mhz: 3100, Current Mhz: 3100, Mhz Limit: 3100
Processor Information for processor 1
  Max Mhz: 3100, Current Mhz: 2469, Mhz Limit: 3100
Processor Information for processor 2
  Max Mhz: 3100, Current Mhz: 3100, Mhz Limit: 3100
Processor Information for processor 3
  Max Mhz: 3100, Current Mhz: 2469, Mhz Limit: 3100
Processor Information for processor 4
  Max Mhz: 3100, Current Mhz: 2469, Mhz Limit: 3100
Processor Information for processor 5
  Max Mhz: 3100, Current Mhz: 2469, Mhz Limit: 3100
Processor Information for processor 6
  Max Mhz: 3100, Current Mhz: 2469, Mhz Limit: 3100
Processor Information for processor 7
  Max Mhz: 3100, Current Mhz: 3100, Mhz Limit: 3100
Processor Information for processor 8
  Max Mhz: 3100, Current Mhz: 3100, Mhz Limit: 3100
Processor Information for processor 9
  Max Mhz: 3100, Current Mhz: 2469, Mhz Limit: 3100
Processor Information for processor 10
  Max Mhz: 3100, Current Mhz: 3100, Mhz Limit: 3100
Processor Information for processor 11
  Max Mhz: 3100, Current Mhz: 2469, Mhz Limit: 3100
Processor Information for processor 12
  Max Mhz: 3100, Current Mhz: 2469, Mhz Limit: 3100
Processor Information for processor 13
  Max Mhz: 3100, Current Mhz: 2469, Mhz Limit: 3100
Processor Information for processor 14
  Max Mhz: 3100, Current Mhz: 3100, Mhz Limit: 3100
Processor Information for processor 15
  Max Mhz: 3100, Current Mhz: 2469, Mhz Limit: 3100

Memory: 4k page, system-wide physical 24394M (10456M free)
TotalPageFile size 34793M (AvailPageFile size 14899M)
current process WorkingSet (physical memory assigned to process): 1157M, peak: 1157M
current process commit charge ("private bytes"): 2019M, peak: 2027M

vm_info: OpenJDK 64-Bit Server VM (17.0.20.1+1-LTS) for windows-amd64 JRE (17.0.20.1+1-LTS), built on Aug 11 2026 20:17:22 by "MicrosoftCorporation" with MS VC++ 17.14 (VS2022)

END.
